"","nodelabel","color","clade","dec.date","country","V3","region","newregion","newlabs"
"1","AY426499","A/D","Other","[1999.148:1999.997]","USA",1999.148,"North America","North America","AY426499_North-America_A/D_USA_1999.148"
"2","MH250143","A/D","Other","2017.666","Iran",2017.666,"Southern Asia","External","MH250143_External_A/D_Iran_2017.666"
"3","MH250144","A/D","Other","2017.666","Iran",2017.666,"Southern Asia","External","MH250144_External_A/D_Iran_2017.666"
"4","MH250142","A/D","Other","2017.666","Iran",2017.666,"Southern Asia","External","MH250142_External_A/D_Iran_2017.666"
"5","JX101802","A/D","A","[2000.505:2000.579]","South Africa",2000.505,"Southern Africa","External","JX101802_External_A/D_South-Africa_2000.505"
"6","JF830023","A/D","A","2001.874","Netherlands",2001.874,"Europe","Europe","JF830023_Europe_A/D_Netherlands_2001.874"
"7","JF830022","A/D","A","2001.767","Netherlands",2001.767,"Europe","Europe","JF830022_Europe_A/D_Netherlands_2001.767"
"8","MN240501","A/D","A","[2003.293:2003.997]","USA",2003.997,"North America","North America","MN240501_North-America_A/D_USA_2003.997"
"9","JF830024","A/D","A","2001.929","Netherlands",2001.929,"Europe","Europe","JF830024_Europe_A/D_Netherlands_2001.929"
"10","AY426500","A/D","A","[2003:2003.997]","USA",2003.066655,"North America","North America","AY426500_North-America_A/D_USA_2003.067"
"11","MN240499","A/D","A","[2003:2003.997]","USA",2003.564793,"North America","North America","MN240499_North-America_A/D_USA_2003.565"
"12","MN240510","A/D","A","[2003.181:2003.997]","USA",2003.181,"North America","North America","MN240510_North-America_A/D_USA_2003.181"
"13","JF830025","A/D","A","2003.666","Netherlands",2003.666,"Europe","Europe","JF830025_Europe_A/D_Netherlands_2003.666"
"14","JF830026","A/D","A","2003.784","Netherlands",2003.784,"Europe","Europe","JF830026_Europe_A/D_Netherlands_2003.784"
"15","AB667896","A/D","A","[2006:2006.879]","Japan",2006,"Eastern Asia","External","AB667896_External_A/D_Japan_2006"
"16","JF830029","A/D","A","2006.811","Netherlands",2006.811,"Europe","Europe","JF830029_Europe_A/D_Netherlands_2006.811"
"17","MK216564","A/D","A","[2005.748:2005.822]","Finland",2005.748,"Europe","Europe","MK216564_Europe_A/D_Finland_2005.748"
"18","KP137815","A/D","A","2005.704","Finland",2005.704,"Europe","Europe","KP137815_Europe_A/D_Finland_2005.704"
"19","MK989723","A/D","A","2015.542","Kenya",2015.542,"Eastern Africa","External","MK989723_External_A/D_Kenya_2015.542"
"20","MK989726","A/D","A","2015.14","Kenya",2015.14,"Eastern Africa","External","MK989726_External_A/D_Kenya_2015.14"
"21","MK989725","A/D","A","2015.293","Kenya",2015.293,"Eastern Africa","External","MK989725_External_A/D_Kenya_2015.293"
"22","MK989724","A/D","A","2015.192","Kenya",2015.192,"Eastern Africa","External","MK989724_External_A/D_Kenya_2015.192"
"23","MH674114","A/D","A","2014.685","Sweden",2014.685,"Europe","Europe","MH674114_Europe_A/D_Sweden_2014.685"
"24","KP455248","A/D","A","[2012.175:2012.997]","Canada",2012.997,"North America","North America","KP455248_North-America_A/D_Canada_2012.997"
"25","LN681322","A/D","A","[2014.666:2014.745]","France",2014.745,"Europe","Europe","LN681322_Europe_A/D_France_2014.745"
"26","KP728259","A/D","A","2014.652","Finland",2014.652,"Europe","Europe","KP728259_Europe_A/D_Finland_2014.652"
"27","LN874222","A/D","A","[2014.581:2014.663]","France",2014.623891,"Europe","Europe","LN874222_Europe_A/D_France_2014.624"
"28","LN681339","A/D","A","[2014.666:2014.745]","France",2014.666,"Europe","Europe","LN681339_Europe_A/D_France_2014.666"
"29","KT220447","A/D","A","2014.91","France",2014.91,"Europe","Europe","KT220447_Europe_A/D_France_2014.91"
"30","MH885649","A/D","A","2014.852","Senegal",2014.852,"Western Africa","External","MH885649_External_A/D_Senegal_2014.852"
"31","MH885650","A/D","A","2014.83","Senegal",2014.83,"Western Africa","External","MH885650_External_A/D_Senegal_2014.83"
"32","MH885648","A/D","A","2014.83","Senegal",2014.83,"Western Africa","External","MH885648_External_A/D_Senegal_2014.83"
"33","KP455258","A/D","A","[2014.677:2014.964]","Canada",2014.750387,"North America","North America","KP455258_North-America_A/D_Canada_2014.75"
"34","KP657740","A/D","A","2014.751","Germany",2014.751,"Europe","Europe","KP657740_Europe_A/D_Germany_2014.751"
"35","MH885647","A/D","A","2014.77","Senegal",2014.77,"Western Africa","External","MH885647_External_A/D_Senegal_2014.77"
"36","MH885639","A/D","A","2014.811","Senegal",2014.811,"Western Africa","External","MH885639_External_A/D_Senegal_2014.811"
"37","MH885638","A/D","A","2014.934","Senegal",2014.934,"Western Africa","External","MH885638_External_A/D_Senegal_2014.934"
"38","KP830120","A/D","A","2014.77","Netherlands",2014.77,"Europe","Europe","KP830120_Europe_A/D_Netherlands_2014.77"
"39","MH885646","A/D","A","2014.764","Senegal",2014.764,"Western Africa","External","MH885646_External_A/D_Senegal_2014.764"
"40","MH885645","A/D","A","2014.764","Senegal",2014.764,"Western Africa","External","MH885645_External_A/D_Senegal_2014.764"
"41","MH885640","A/D","A","2014.8","Senegal",2014.8,"Western Africa","External","MH885640_External_A/D_Senegal_2014.8"
"42","MH885643","A/D","A","2014.767","Senegal",2014.767,"Western Africa","External","MH885643_External_A/D_Senegal_2014.767"
"43","MH885644","A/D","A","2014.764","Senegal",2014.764,"Western Africa","External","MH885644_External_A/D_Senegal_2014.764"
"44","MH885642","A/D","A","2014.786","Senegal",2014.786,"Western Africa","External","MH885642_External_A/D_Senegal_2014.786"
"45","MH885641","A/D","A","2014.786","Senegal",2014.786,"Western Africa","External","MH885641_External_A/D_Senegal_2014.786"
"46","MH885651","A/D","A","2014.83","Senegal",2014.83,"Western Africa","External","MH885651_External_A/D_Senegal_2014.83"
"47","KM887902","A/D","A","[2014:2014.997]","Netherlands",2014,"Europe","Europe","KM887902_Europe_A/D_Netherlands_2014"
"48","KP196363","A/D","A","2014.712","France",2014.712,"Europe","Europe","KP196363_Europe_A/D_France_2014.712"
"49","KM887905","A/D","A","[2014.595:2014.948]","Netherlands",2014.595,"Europe","Europe","KM887905_Europe_A/D_Netherlands_2014.595"
"50","KM887900","A/D","A","[2014.595:2014.948]","Netherlands",2014.595,"Europe","Europe","KM887900_Europe_A/D_Netherlands_2014.595"
"51","KM975348","A/D","A","2014.658","Netherlands",2014.658,"Europe","Europe","KM975348_Europe_A/D_Netherlands_2014.658"
"52","KP090459","A/D","A","2014.805","Spain",2014.805,"Europe","Europe","KP090459_Europe_A/D_Spain_2014.805"
"53","KX830928","A/D","A","[2015.17:2015.244]","Germany",2015.244,"Europe","Europe","KX830928_Europe_A/D_Germany_2015.244"
"54","KX830929","A/D","A","[2015.329:2015.403]","Germany",2015.329,"Europe","Europe","KX830929_Europe_A/D_Germany_2015.329"
"55","LC481207","A/D","A","2015.855","Philippines",2015.855,"South-Eastern Asia","External","LC481207_External_A/D_Philippines_2015.855"
"56","KX789239","A/D","A","[2015.833:2015.904]","Philippines",2015.833,"South-Eastern Asia","External","KX789239_External_A/D_Philippines_2015.833"
"57","LC481199","A/D","A","2015.877","Philippines",2015.877,"South-Eastern Asia","External","LC481199_External_A/D_Philippines_2015.877"
"58","LC481202","A/D","A","2015.784","Philippines",2015.784,"South-Eastern Asia","External","LC481202_External_A/D_Philippines_2015.784"
"59","KX789238","A/D","A","[2015.759:2015.83]","Philippines",2015.83,"South-Eastern Asia","External","KX789238_External_A/D_Philippines_2015.83"
"60","LC481140","A/D","A","2015.721","Philippines",2015.721,"South-Eastern Asia","External","LC481140_External_A/D_Philippines_2015.721"
"61","LC481201","A/D","A","2015.751","Philippines",2015.751,"South-Eastern Asia","External","LC481201_External_A/D_Philippines_2015.751"
"62","LC481203","A/D","A","2015.86","Philippines",2015.86,"South-Eastern Asia","External","LC481203_External_A/D_Philippines_2015.86"
"63","LC481185","A/D","A","2015.819","Philippines",2015.819,"South-Eastern Asia","External","LC481185_External_A/D_Philippines_2015.819"
"64","MN240491","A/D","A","[2006:2006.997]","USA",2006.184083,"North America","North America","MN240491_North-America_A/D_USA_2006.184"
"65","MN240503","A/D","A","[2006.685:2006.997]","USA",2006.889208,"North America","North America","MN240503_North-America_A/D_USA_2006.889"
"66","KX255363","A/D","A","2006.734","USA",2006.734,"North America","North America","KX255363_North-America_A/D_USA_2006.734"
"67","MK511856","A/D","A","[2007:2007.792]","USA",2007,"North America","North America","MK511856_North-America_A/D_USA_2007"
"68","KP455221","A/D","A","[2007.134:2007.997]","Canada",2007.29338,"North America","North America","KP455221_North-America_A/D_Canada_2007.293"
"69","MN240493","A/D","A","[2007:2007.997]","USA",2007.785451,"North America","North America","MN240493_North-America_A/D_USA_2007.785"
"70","MK511858","A/D","A","[2007:2007.997]","USA",2007.784972,"North America","North America","MK511858_North-America_A/D_USA_2007.785"
"71","KY348862","A/D","A","[2008.221:2008.997]","Tanzania",2008.997,"Eastern Africa","External","KY348862_External_A/D_Tanzania_2008.997"
"72","KT959173","A/D","A","[2010.414:2010.485]","Hong Kong",2010.414,"Eastern Asia","External","KT959173_External_A/D_Hong-Kong_2010.414"
"73","MN240492","A/D","A","[2007:2007.997]","USA",2007.56946,"North America","North America","MN240492_North-America_A/D_USA_2007.569"
"74","MK511857","A/D","A","[2007:2007.997]","USA",2007.569602,"North America","North America","MK511857_North-America_A/D_USA_2007.57"
"75","KP657703","A/D","A","[2007:2007.997]","Taiwan",2007.563749,"Eastern Asia","External","KP657703_External_A/D_Taiwan_2007.564"
"76","KP657702","A/D","A","[2007.682:2007.997]","Taiwan",2007.997,"Eastern Asia","External","KP657702_External_A/D_Taiwan_2007.997"
"77","MN240494","A/D","A","[2008:2008.997]","USA",2008.785108,"North America","North America","MN240494_North-America_A/D_USA_2008.785"
"78","MK511859","A/D","A","[2008:2008.997]","USA",2008.784802,"North America","North America","MK511859_North-America_A/D_USA_2008.785"
"79","AB667898","A/D","A","[2008:2008.997]","Japan",2008.043285,"Eastern Asia","External","AB667898_External_A/D_Japan_2008.043"
"80","AB667897","A/D","A","[2007.529:2007.997]","Japan",2007.997,"Eastern Asia","External","AB667897_External_A/D_Japan_2007.997"
"81","MH780656","A/D","A","[2007.666:2007.745]","Taiwan",2007.699775,"Eastern Asia","External","MH780656_External_A/D_Taiwan_2007.7"
"82","MH780663","A/D","A","[2007.666:2007.745]","Taiwan",2007.699775,"Eastern Asia","External","MH780663_External_A/D_Taiwan_2007.7"
"83","MH780658","A/D","A","[2007.674:2007.745]","Taiwan",2007.683419,"Eastern Asia","External","MH780658_External_A/D_Taiwan_2007.683"
"84","MH780661","A/D","A","[2007.674:2007.745]","Taiwan",2007.683419,"Eastern Asia","External","MH780661_External_A/D_Taiwan_2007.683"
"85","MH780655","A/D","A","[2007.666:2007.745]","Taiwan",2007.666,"Eastern Asia","External","MH780655_External_A/D_Taiwan_2007.666"
"86","MH780662","A/D","A","[2007.666:2007.745]","Taiwan",2007.666,"Eastern Asia","External","MH780662_External_A/D_Taiwan_2007.666"
"87","MH780659","A/D","A","[2007.666:2007.737]","Taiwan",2007.723761,"Eastern Asia","External","MH780659_External_A/D_Taiwan_2007.724"
"88","MH780657","A/D","A","[2007.666:2007.745]","Taiwan",2007.719782,"Eastern Asia","External","MH780657_External_A/D_Taiwan_2007.72"
"89","MH780660","A/D","A","[2007.666:2007.745]","Taiwan",2007.666,"Eastern Asia","External","MH780660_External_A/D_Taiwan_2007.666"
"90","JX101791","A/D","A","[2008.415:2008.486]","Gambia",2008.486,"Western Africa","External","JX101791_External_A/D_Gambia_2008.486"
"91","JX101790","A/D","A","[2008.415:2008.495]","Gambia",2008.415,"Western Africa","External","JX101790_External_A/D_Gambia_2008.415"
"92","JX101794","A/D","A","[2008.423:2008.495]","Gambia",2008.495,"Western Africa","External","JX101794_External_A/D_Gambia_2008.495"
"93","JX101792","A/D","A","[2008.415:2008.495]","Gambia",2008.437714,"Western Africa","External","JX101792_External_A/D_Gambia_2008.438"
"94","JX101793","A/D","A","[2008.415:2008.486]","Gambia",2008.441903,"Western Africa","External","JX101793_External_A/D_Gambia_2008.442"
"95","KP242036","A/D","A","[2012:2012.899]","Thailand",2012,"South-Eastern Asia","External","KP242036_External_A/D_Thailand_2012"
"96","KJ472878","A/D","A","[2008.623:2008.997]","Kenya",2008.997,"Eastern Africa","External","KJ472878_External_A/D_Kenya_2008.997"
"97","KP455098","A/D","A","[2007:2007.997]","Canada",2007.47409,"North America","North America","KP455098_North-America_A/D_Canada_2007.474"
"98","KP455260","A/D","A","[2007:2007.997]","Canada",2007.00002,"North America","North America","KP455260_North-America_A/D_Canada_2007"
"99","MN240512","A/D","A","[2007.332:2007.997]","USA",2007.997,"North America","North America","MN240512_North-America_A/D_USA_2007.997"
"100","MN240515","A/D","A","[2009:2009.855]","USA",2009,"North America","North America","MN240515_North-America_A/D_USA_2009"
"101","JF830035","A/D","A","2007.811","Netherlands",2007.811,"Europe","Europe","JF830035_Europe_A/D_Netherlands_2007.811"
"102","JF830032","A/D","A","2007.734","Netherlands",2007.734,"Europe","Europe","JF830032_Europe_A/D_Netherlands_2007.734"
"103","JF830034","A/D","A","2007.734","Netherlands",2007.734,"Europe","Europe","JF830034_Europe_A/D_Netherlands_2007.734"
"104","JF830028","A/D","A","2006.756","Netherlands",2006.756,"Europe","Europe","JF830028_Europe_A/D_Netherlands_2006.756"
"105","KT231899","A/D","A","2009.732","Netherlands",2009.732,"Europe","Europe","KT231899_Europe_A/D_Netherlands_2009.732"
"106","KT231900","A/D","A","2009.732","Netherlands",2009.732,"Europe","Europe","KT231900_Europe_A/D_Netherlands_2009.732"
"107","JF830039","A/D","A","2008.751","Netherlands",2008.751,"Europe","Europe","JF830039_Europe_A/D_Netherlands_2008.751"
"108","KP657707","A/D","A","[2009:2009.997]","Taiwan",2009.059882,"Eastern Asia","External","KP657707_External_A/D_Taiwan_2009.06"
"109","JF830036","A/D","A","2008.65","Netherlands",2008.65,"Europe","Europe","JF830036_Europe_A/D_Netherlands_2008.65"
"110","JF830083","A/D","A","2007.838","Netherlands",2007.838,"Europe","Europe","JF830083_Europe_A/D_Netherlands_2007.838"
"111","KR108018","A/D","A","[2008.749:2008.822]","Denmark",2008.749,"Europe","Europe","KR108018_Europe_A/D_Denmark_2008.749"
"112","KP455230","A/D","A","[2010:2010.86]","Canada",2010.361698,"North America","North America","KP455230_North-America_A/D_Canada_2010.362"
"113","KJ472881","A/D","A","[2009:2009.997]","Kenya",2009.630664,"Eastern Africa","External","KJ472881_External_A/D_Kenya_2009.631"
"114","KJ472879","A/D","A","[2008.675:2008.997]","Kenya",2008.997,"Eastern Africa","External","KJ472879_External_A/D_Kenya_2008.997"
"115","KJ472887","A/D","A","[2011:2011.786]","Kenya",2011,"Eastern Africa","External","KJ472887_External_A/D_Kenya_2011"
"116","JX101788","A/D","A","[2010.093:2010.159]","Senegal",2010.159,"Western Africa","External","JX101788_External_A/D_Senegal_2010.159"
"117","JX101789","A/D","A","[2010.162:2010.236]","Senegal",2010.162,"Western Africa","External","JX101789_External_A/D_Senegal_2010.162"
"118","KP455103","A/D","A","[2008:2008.762]","Canada",2008,"North America","North America","KP455103_North-America_A/D_Canada_2008"
"119","JF830043","A/D","A","2008.863","Netherlands",2008.863,"Europe","Europe","JF830043_Europe_A/D_Netherlands_2008.863"
"120","JF830044","A/D","A","2008.888","Netherlands",2008.888,"Europe","Europe","JF830044_Europe_A/D_Netherlands_2008.888"
"121","KC763170","A/D","A","[2008.833:2008.907]","Italy",2008.833,"Europe","Europe","KC763170_Europe_A/D_Italy_2008.833"
"122","KC763161","A/D","A","[2008.749:2008.822]","Italy",2008.749,"Europe","Europe","KC763161_Europe_A/D_Italy_2008.749"
"123","KC763165","A/D","A","[2008.842:2008.913]","Italy",2008.913,"Europe","Europe","KC763165_Europe_A/D_Italy_2008.913"
"124","KC763166","A/D","A","[2008.749:2008.831]","Italy",2008.749,"Europe","Europe","KC763166_Europe_A/D_Italy_2008.749"
"125","KC763163","A/D","A","[2008.749:2008.831]","Italy",2008.749,"Europe","Europe","KC763163_Europe_A/D_Italy_2008.749"
"126","JF830038","A/D","A","2008.743","Netherlands",2008.743,"Europe","Europe","JF830038_Europe_A/D_Netherlands_2008.743"
"127","KJ472880","A/D","A","[2008.53:2008.997]","Kenya",2008.997,"Eastern Africa","External","KJ472880_External_A/D_Kenya_2008.997"
"128","KJ472883","A/D","A","[2010.414:2010.997]","Kenya",2010.997,"Eastern Africa","External","KJ472883_External_A/D_Kenya_2010.997"
"129","KJ472884","A/D","A","[2010:2010.537]","Kenya",2010,"Eastern Africa","External","KJ472884_External_A/D_Kenya_2010"
"130","KP455105","A/D","A","[2009:2009.997]","Canada",2009,"North America","North America","KP455105_North-America_A/D_Canada_2009"
"131","KP455240","A/D","A","[2010:2010.997]","Canada",2010.086165,"North America","North America","KP455240_North-America_A/D_Canada_2010.086"
"132","KP455239","A/D","A","[2010:2010.997]","Canada",2010.086165,"North America","North America","KP455239_North-America_A/D_Canada_2010.086"
"133","KP455241","A/D","A","[2010:2010.997]","Canada",2010,"North America","North America","KP455241_North-America_A/D_Canada_2010"
"134","KP455242","A/D","A","[2010.14:2010.997]","Canada",2010.997,"North America","North America","KP455242_North-America_A/D_Canada_2010.997"
"135","KP455237","A/D","A","[2010:2010.997]","Canada",2010,"North America","North America","KP455237_North-America_A/D_Canada_2010"
"136","JX101810","A/D","A","[2009.674:2009.745]","USA",2009.745,"North America","North America","JX101810_North-America_A/D_USA_2009.745"
"137","MN240516","A/D","A","[2009:2009.997]","USA",2009.997,"North America","North America","MN240516_North-America_A/D_USA_2009.997"
"138","JX101846","A/D","A","[2009.666:2009.745]","USA",2009.745,"North America","North America","JX101846_North-America_A/D_USA_2009.745"
"139","JX101805","A/D","A","[2009.666:2009.745]","USA",2009.666,"North America","North America","JX101805_North-America_A/D_USA_2009.666"
"140","JX101812","A/D","A","[2009.666:2009.745]","USA",2009.745,"North America","North America","JX101812_North-America_A/D_USA_2009.745"
"141","KP455231","A/D","A","[2010:2010.912]","Canada",2010.195598,"North America","North America","KP455231_North-America_A/D_Canada_2010.196"
"142","JX101807","A/D","A","[2009.666:2009.745]","USA",2009.666,"North America","North America","JX101807_North-America_A/D_USA_2009.666"
"143","AB817714","A/D","A","2011.479","Philippines",2011.479,"South-Eastern Asia","External","AB817714_External_A/D_Philippines_2011.479"
"144","AB817710","A/D","A","2011.422","Philippines",2011.422,"South-Eastern Asia","External","AB817710_External_A/D_Philippines_2011.422"
"145","JQ924863","A/D","A","2010.688","China",2010.688,"Eastern Asia","External","JQ924863_External_A/D_China_2010.688"
"146","KT023106","A/D","A","2009.805","Brazil",2009.805,"South America","External","KT023106_External_A/D_Brazil_2009.805"
"147","KP317494","A/D","A","[2010:2010.997]","Taiwan",2010.248586,"Eastern Asia","External","KP317494_External_A/D_Taiwan_2010.249"
"148","KP317495","A/D","A","[2010:2010.997]","Taiwan",2010.997,"Eastern Asia","External","KP317495_External_A/D_Taiwan_2010.997"
"149","JX101803","A/D","A","[2009.581:2009.663]","USA",2009.641072,"North America","North America","JX101803_North-America_A/D_USA_2009.641"
"150","KX261824","A/D","A","2009.726","USA",2009.726,"North America","North America","KX261824_North-America_A/D_USA_2009.726"
"151","JF896295","A/D","A","[2010:2010.997]","Netherlands",2010,"Europe","Europe","JF896295_Europe_A/D_Netherlands_2010"
"152","JF830057","A/D","A","2010.701","Netherlands",2010.701,"Europe","Europe","JF830057_Europe_A/D_Netherlands_2010.701"
"153","KP455238","A/D","A","[2010:2010.997]","Canada",2010.081353,"North America","North America","KP455238_North-America_A/D_Canada_2010.081"
"154","KP455235","A/D","A","[2010:2010.997]","Canada",2010.081353,"North America","North America","KP455235_North-America_A/D_Canada_2010.081"
"155","KP455107","A/D","A","[2010:2010.997]","Canada",2010.176702,"North America","North America","KP455107_North-America_A/D_Canada_2010.177"
"156","KP455234","A/D","A","[2010:2010.74]","Canada",2010.18495,"North America","North America","KP455234_North-America_A/D_Canada_2010.185"
"157","KP455236","A/D","A","[2010:2010.997]","Canada",2010.076409,"North America","North America","KP455236_North-America_A/D_Canada_2010.076"
"158","JF896296","A/D","A","[2010:2010.997]","Netherlands",2010.918122,"Europe","Europe","JF896296_Europe_A/D_Netherlands_2010.918"
"159","JF830056","A/D","A","2010.699","Netherlands",2010.699,"Europe","Europe","JF830056_Europe_A/D_Netherlands_2010.699"
"160","MK511862","A/D","A","[2011:2011.819]","USA",2011,"North America","North America","MK511862_North-America_A/D_USA_2011"
"161","JF830055","A/D","A","2010.682","Netherlands",2010.682,"Europe","Europe","JF830055_Europe_A/D_Netherlands_2010.682"
"162","KX255409","A/D","A","2009.674","USA",2009.674,"North America","North America","KX255409_North-America_A/D_USA_2009.674"
"163","JQ713906","A/D","A","2010.378","New Zealand",2010.378,"Australia and New Zealand","External","JQ713906_External_A/D_New-Zealand_2010.378"
"164","JQ713904","A/D","A","2010.592","New Zealand",2010.592,"Australia and New Zealand","External","JQ713904_External_A/D_New-Zealand_2010.592"
"165","JQ713905","A/D","A","2010.205","New Zealand",2010.205,"Australia and New Zealand","External","JQ713905_External_A/D_New-Zealand_2010.205"
"166","JQ713908","A/D","A","2010.416","New Zealand",2010.416,"Australia and New Zealand","External","JQ713908_External_A/D_New-Zealand_2010.416"
"167","JQ713910","A/D","A","2010.449","New Zealand",2010.449,"Australia and New Zealand","External","JQ713910_External_A/D_New-Zealand_2010.449"
"168","JQ713911","A/D","A","2010.474","New Zealand",2010.474,"Australia and New Zealand","External","JQ713911_External_A/D_New-Zealand_2010.474"
"169","JQ713912","A/D","A","2010.474","New Zealand",2010.474,"Australia and New Zealand","External","JQ713912_External_A/D_New-Zealand_2010.474"
"170","JQ713913","A/D","A","2010.49","New Zealand",2010.49,"Australia and New Zealand","External","JQ713913_External_A/D_New-Zealand_2010.49"
"171","JQ713907","A/D","A","2010.403","New Zealand",2010.403,"Australia and New Zealand","External","JQ713907_External_A/D_New-Zealand_2010.403"
"172","JQ713909","A/D","A","2010.422","New Zealand",2010.422,"Australia and New Zealand","External","JQ713909_External_A/D_New-Zealand_2010.422"
"173","KP455225","A/D","A","[2009.545:2009.997]","Canada",2009.545,"North America","North America","KP455225_North-America_A/D_Canada_2009.545"
"174","KP455226","A/D","A","[2009.545:2009.997]","Canada",2009.545,"North America","North America","KP455226_North-America_A/D_Canada_2009.545"
"175","KP455101","A/D","A","[2009.545:2009.997]","Canada",2009.545,"North America","North America","KP455101_North-America_A/D_Canada_2009.545"
"176","KP455253","A/D","A","[2009.499:2009.978]","Canada",2009.499,"North America","North America","KP455253_North-America_A/D_Canada_2009.499"
"177","KP455102","A/D","A","[2010:2010.997]","Canada",2010.997,"North America","North America","KP455102_North-America_A/D_Canada_2010.997"
"178","KP455106","A/D","A","[2009.83:2009.997]","Canada",2009.997,"North America","North America","KP455106_North-America_A/D_Canada_2009.997"
"179","KP455232","A/D","A","[2010:2010.723]","Canada",2010,"North America","North America","KP455232_North-America_A/D_Canada_2010"
"180","KP455115","A/D","A","[2009.647:2009.997]","Canada",2009.997,"North America","North America","KP455115_North-America_A/D_Canada_2009.997"
"181","KP455227","A/D","A","[2009.699:2009.997]","Canada",2009.929121,"North America","North America","KP455227_North-America_A/D_Canada_2009.929"
"182","KP455099","A/D","A","[2009.699:2009.997]","Canada",2009.929121,"North America","North America","KP455099_North-America_A/D_Canada_2009.929"
"183","KP455251","A/D","A","[2009.685:2009.997]","Canada",2009.990703,"North America","North America","KP455251_North-America_A/D_Canada_2009.991"
"184","KP455254","A/D","A","[2009.592:2009.997]","Canada",2009.946237,"North America","North America","KP455254_North-America_A/D_Canada_2009.946"
"185","KP455252","A/D","A","[2010:2010.997]","Canada",2010.590597,"North America","North America","KP455252_North-America_A/D_Canada_2010.591"
"186","KP455233","A/D","A","[2010:2010.723]","Canada",2010,"North America","North America","KP455233_North-America_A/D_Canada_2010"
"187","KP455255","A/D","A","[2010:2010.997]","Canada",2010.87765,"North America","North America","KP455255_North-America_A/D_Canada_2010.878"
"188","KC763177","A/D","A","[2010.748:2010.822]","Italy",2010.748,"Europe","Europe","KC763177_Europe_A/D_Italy_2010.748"
"189","JF896289","A/D","A","[2010:2010.997]","Netherlands",2010.997,"Europe","Europe","JF896289_Europe_A/D_Netherlands_2010.997"
"190","KP657713","A/D","A","[2010:2010.8]","Taiwan",2010,"Eastern Asia","External","KP657713_External_A/D_Taiwan_2010"
"191","KX261804","A/D","A","2009.759","USA",2009.759,"North America","North America","KX261804_North-America_A/D_USA_2009.759"
"192","JX101804","A/D","A","[2009.666:2009.745]","USA",2009.666,"North America","North America","JX101804_North-America_A/D_USA_2009.666"
"193","JX101811","A/D","A","[2009.674:2009.745]","USA",2009.674,"North America","North America","JX101811_North-America_A/D_USA_2009.674"
"194","JX101808","A/D","A","[2009.666:2009.745]","USA",2009.745,"North America","North America","JX101808_North-America_A/D_USA_2009.745"
"195","JF830062","A/D","A","2010.721","Netherlands",2010.721,"Europe","Europe","JF830062_Europe_A/D_Netherlands_2010.721"
"196","JF896287","A/D","A","[2010:2010.997]","Netherlands",2010.918069,"Europe","Europe","JF896287_Europe_A/D_Netherlands_2010.918"
"197","JF896288","A/D","A","[2010:2010.997]","Netherlands",2010.918069,"Europe","Europe","JF896288_Europe_A/D_Netherlands_2010.918"
"198","JF830064","A/D","A","2010.723","Netherlands",2010.723,"Europe","Europe","JF830064_Europe_A/D_Netherlands_2010.723"
"199","KX255361","A/D","A","2012.738","USA",2012.738,"North America","North America","KX255361_North-America_A/D_USA_2012.738"
"200","KX255376","A/D","A","2011.737","USA",2011.737,"North America","North America","KX255376_North-America_A/D_USA_2011.737"
"201","KX255386","A/D","A","2012.664","USA",2012.664,"North America","North America","KX255386_North-America_A/D_USA_2012.664"
"202","KX255381","A/D","A","2012.675","USA",2012.675,"North America","North America","KX255381_North-America_A/D_USA_2012.675"
"203","KC763159","A/D","A","[2012.667:2012.738]","Italy",2012.667,"Europe","Europe","KC763159_Europe_A/D_Italy_2012.667"
"204","KX433162","A/D","A","2012.626","USA",2012.626,"North America","North America","KX433162_North-America_A/D_USA_2012.626"
"205","KM975340","A/D","A","2012.768","Netherlands",2012.768,"Europe","Europe","KM975340_Europe_A/D_Netherlands_2012.768"
"206","KY272870","A/D","A","2012.757","France",2012.757,"Europe","Europe","KY272870_Europe_A/D_France_2012.757"
"207","KM975336","A/D","A","2012.716","Netherlands",2012.716,"Europe","Europe","KM975336_Europe_A/D_Netherlands_2012.716"
"208","KM975341","A/D","A","2012.814","Netherlands",2012.814,"Europe","Europe","KM975341_Europe_A/D_Netherlands_2012.814"
"209","KT347280","A/D","A","2012.85","USA",2012.85,"North America","North America","KT347280_North-America_A/D_USA_2012.85"
"210","KY272896","A/D","A","2012.762","France",2012.762,"Europe","Europe","KY272896_Europe_A/D_France_2012.762"
"211","KY272904","A/D","A","2012.795","France",2012.795,"Europe","Europe","KY272904_Europe_A/D_France_2012.795"
"212","KY272887","A/D","A","2012.713","France",2012.713,"Europe","Europe","KY272887_Europe_A/D_France_2012.713"
"213","LC068708","A/D","A","2013.729","Japan",2013.729,"Eastern Asia","External","LC068708_External_A/D_Japan_2013.729"
"214","LC068711","A/D","A","2013.756","Japan",2013.756,"Eastern Asia","External","LC068711_External_A/D_Japan_2013.756"
"215","AB920412","A/D","A","2013.586","Japan",2013.586,"Eastern Asia","External","AB920412_External_A/D_Japan_2013.586"
"216","LC068710","A/D","A","2013.767","Japan",2013.767,"Eastern Asia","External","LC068710_External_A/D_Japan_2013.767"
"217","LC203537","A/D","A","[2013:2013.997]","Japan",2013.258008,"Eastern Asia","External","LC203537_External_A/D_Japan_2013.258"
"218","LC200948","A/D","A","[2013.666:2013.745]","Japan",2013.666,"Eastern Asia","External","LC200948_External_A/D_Japan_2013.666"
"219","LC200951","A/D","A","[2013.756:2013.83]","Japan",2013.83,"Eastern Asia","External","LC200951_External_A/D_Japan_2013.83"
"220","LC203536","A/D","A","[2013:2013.997]","Japan",2013.827902,"Eastern Asia","External","LC203536_External_A/D_Japan_2013.828"
"221","LC068709","A/D","A","2013.745","Japan",2013.745,"Eastern Asia","External","LC068709_External_A/D_Japan_2013.745"
"222","KF254915","A/D","A","2013.079","Spain",2013.079,"Europe","Europe","KF254915_Europe_A/D_Spain_2013.079"
"223","KF254916","A/D","A","2013.09","Spain",2013.09,"Europe","Europe","KF254916_Europe_A/D_Spain_2013.09"
"224","KP455116","A/D","A","[2013:2013.737]","Canada",2013,"North America","North America","KP455116_North-America_A/D_Canada_2013"
"225","KP455259","A/D","A","[2012:2012.997]","Canada",2012.802163,"North America","North America","KP455259_North-America_A/D_Canada_2012.802"
"226","KX255380","A/D","A","2012.658","USA",2012.658,"North America","North America","KX255380_North-America_A/D_USA_2012.658"
"227","KX255404","A/D","A","2012.721","USA",2012.721,"North America","North America","KX255404_North-America_A/D_USA_2012.721"
"228","KR018812","A/D","A","[2012.361:2012.997]","Malaysia",2012.53193,"South-Eastern Asia","External","KR018812_External_A/D_Malaysia_2012.532"
"229","KY272902","A/D","A","2012.792","France",2012.792,"Europe","Europe","KY272902_Europe_A/D_France_2012.792"
"230","KY272885","A/D","A","2012.702","France",2012.702,"Europe","Europe","KY272885_Europe_A/D_France_2012.702"
"231","KY272893","A/D","A","2012.749","France",2012.749,"Europe","Europe","KY272893_Europe_A/D_France_2012.749"
"232","KP455250","A/D","A","[2012:2012.997]","Canada",2012.997,"North America","North America","KP455250_North-America_A/D_Canada_2012.997"
"233","KX255358","A/D","A","2012.773","USA",2012.773,"North America","North America","KX255358_North-America_A/D_USA_2012.773"
"234","KX255369","A/D","A","2012.637","USA",2012.637,"North America","North America","KX255369_North-America_A/D_USA_2012.637"
"235","KM975339","A/D","A","2012.751","Netherlands",2012.751,"Europe","Europe","KM975339_Europe_A/D_Netherlands_2012.751"
"236","KP455091","A/D","A","[2012:2012.997]","Canada",2012,"North America","North America","KP455091_North-America_A/D_Canada_2012"
"237","KP455247","A/D","A","[2012.322:2012.997]","Canada",2012.997,"North America","North America","KP455247_North-America_A/D_Canada_2012.997"
"238","KY272915","A/D","A","2012.839","France",2012.839,"Europe","Europe","KY272915_Europe_A/D_France_2012.839"
"239","KP455249","A/D","A","[2012:2012.997]","Canada",2012.66477,"North America","North America","KP455249_North-America_A/D_Canada_2012.665"
"240","KX255392","A/D","A","2012.631","USA",2012.631,"North America","North America","KX255392_North-America_A/D_USA_2012.631"
"241","KY272891","A/D","A","2012.74","France",2012.74,"Europe","Europe","KY272891_Europe_A/D_France_2012.74"
"242","KY272909","A/D","A","2012.814","France",2012.814,"Europe","Europe","KY272909_Europe_A/D_France_2012.814"
"243","KY272871","A/D","A","2012.757","France",2012.757,"Europe","Europe","KY272871_Europe_A/D_France_2012.757"
"244","KX255359","A/D","A","2012.702","USA",2012.702,"North America","North America","KX255359_North-America_A/D_USA_2012.702"
"245","KX255396","A/D","A","2012.721","USA",2012.721,"North America","North America","KX255396_North-America_A/D_USA_2012.721"
"246","JX101809","A/D","A","[2009.666:2009.745]","USA",2009.666,"North America","North America","JX101809_North-America_A/D_USA_2009.666"
"247","KX255355","A/D","A","2009.693","USA",2009.693,"North America","North America","KX255355_North-America_A/D_USA_2009.693"
"248","JF896294","A/D","A","[2010:2010.997]","Netherlands",2010,"Europe","Europe","JF896294_Europe_A/D_Netherlands_2010"
"249","KP455257","A/D","A","[2010:2010.997]","Canada",2010.422539,"North America","North America","KP455257_North-America_A/D_Canada_2010.423"
"250","JF830054","A/D","A","2010.679","Netherlands",2010.679,"Europe","Europe","JF830054_Europe_A/D_Netherlands_2010.679"
"251","JF830053","A/D","A","2010.679","Netherlands",2010.679,"Europe","Europe","JF830053_Europe_A/D_Netherlands_2010.679"
"252","JF830072","A/D","A","2010.762","Netherlands",2010.762,"Europe","Europe","JF830072_Europe_A/D_Netherlands_2010.762"
"253","JF830067","A/D","A","2010.729","Netherlands",2010.729,"Europe","Europe","JF830067_Europe_A/D_Netherlands_2010.729"
"254","KT231907","A/D","A","2010.729","Netherlands",2010.729,"Europe","Europe","KT231907_Europe_A/D_Netherlands_2010.729"
"255","KT231908","A/D","A","2010.729","Netherlands",2010.729,"Europe","Europe","KT231908_Europe_A/D_Netherlands_2010.729"
"256","KY272879","A/D","A","2010.712","France",2010.712,"Europe","Europe","KY272879_Europe_A/D_France_2010.712"
"257","KY272880","A/D","A","2010.775","France",2010.775,"Europe","Europe","KY272880_Europe_A/D_France_2010.775"
"258","JQ411806","A/D","A","2011.696","Thailand",2011.696,"South-Eastern Asia","External","JQ411806_External_A/D_Thailand_2011.696"
"259","JF830046","A/D","A","2009.732","Netherlands",2009.732,"Europe","Europe","JF830046_Europe_A/D_Netherlands_2009.732"
"260","JF896292","A/D","A","[2010:2010.696]","Netherlands",2010.110064,"Europe","Europe","JF896292_Europe_A/D_Netherlands_2010.11"
"261","JF896293","A/D","A","[2010:2010.693]","Netherlands",2010.37357,"Europe","Europe","JF896293_Europe_A/D_Netherlands_2010.374"
"262","JF896291","A/D","A","[2010:2010.997]","Netherlands",2010.215916,"Europe","Europe","JF896291_Europe_A/D_Netherlands_2010.216"
"263","JF830071","A/D","A","2010.762","Netherlands",2010.762,"Europe","Europe","JF830071_Europe_A/D_Netherlands_2010.762"
"264","KP455229","A/D","A","[2010:2010.721]","Canada",2010.400839,"North America","North America","KP455229_North-America_A/D_Canada_2010.401"
"265","JF830059","A/D","A","2010.707","Netherlands",2010.707,"Europe","Europe","JF830059_Europe_A/D_Netherlands_2010.707"
"266","KR108020","A/D","A","[2010.748:2010.822]","Denmark",2010.748,"Europe","Europe","KR108020_Europe_A/D_Denmark_2010.748"
"267","JF830063","A/D","A","2010.718","Netherlands",2010.718,"Europe","Europe","JF830063_Europe_A/D_Netherlands_2010.718"
"268","KT231906","A/D","A","2010.66","Netherlands",2010.66,"Europe","Europe","KT231906_Europe_A/D_Netherlands_2010.66"
"269","KT231905","A/D","A","2010.66","Netherlands",2010.66,"Europe","Europe","KT231905_Europe_A/D_Netherlands_2010.66"
"270","JF830060","A/D","A","2010.707","Netherlands",2010.707,"Europe","Europe","JF830060_Europe_A/D_Netherlands_2010.707"
"271","JF830051","A/D","A","2010.66","Netherlands",2010.66,"Europe","Europe","JF830051_Europe_A/D_Netherlands_2010.66"
"272","JF830065","A/D","A","2010.723","Netherlands",2010.723,"Europe","Europe","JF830065_Europe_A/D_Netherlands_2010.723"
"273","JF830066","A/D","A","2010.726","Netherlands",2010.726,"Europe","Europe","JF830066_Europe_A/D_Netherlands_2010.726"
"274","JF830058","A/D","A","2010.707","Netherlands",2010.707,"Europe","Europe","JF830058_Europe_A/D_Netherlands_2010.707"
"275","JF830073","A/D","A","2010.762","Netherlands",2010.762,"Europe","Europe","JF830073_Europe_A/D_Netherlands_2010.762"
"276","JQ586231","A/D","A","2010.844","United Kingdom",2010.844,"Europe","Europe","JQ586231_Europe_A/D_United-Kingdom_2010.844"
"277","JF830068","A/D","A","2010.737","Netherlands",2010.737,"Europe","Europe","JF830068_Europe_A/D_Netherlands_2010.737"
"278","JF830070","A/D","A","2010.756","Netherlands",2010.756,"Europe","Europe","JF830070_Europe_A/D_Netherlands_2010.756"
"279","OQ791518","A/D","A","[2009.666:2009.745]","USA",2009.745,"North America","North America","OQ791518_North-America_A/D_USA_2009.745"
"280","MN240505","A/D","A","[2009:2009.997]","USA",2009,"North America","North America","MN240505_North-America_A/D_USA_2009"
"281","JF896290","A/D","A","[2010:2010.997]","Netherlands",2010.018638,"Europe","Europe","JF896290_Europe_A/D_Netherlands_2010.019"
"282","KC763174","A/D","A","[2010.581:2010.663]","Italy",2010.581,"Europe","Europe","KC763174_Europe_A/D_Italy_2010.581"
"283","KM975324","A/D","A","2010.901","Netherlands",2010.901,"Europe","Europe","KM975324_Europe_A/D_Netherlands_2010.901"
"284","JF830061","A/D","A","2010.718","Netherlands",2010.718,"Europe","Europe","JF830061_Europe_A/D_Netherlands_2010.718"
"285","KC763176","A/D","A","[2010.748:2010.83]","Italy",2010.777461,"Europe","Europe","KC763176_Europe_A/D_Italy_2010.777"
"286","KY272881","A/D","A","2010.778","France",2010.778,"Europe","Europe","KY272881_Europe_A/D_France_2010.778"
"287","KY272868","A/D","A","2010.767","France",2010.767,"Europe","Europe","KY272868_Europe_A/D_France_2010.767"
"288","JQ411811","A/D","A","2011.638","Thailand",2011.638,"South-Eastern Asia","External","JQ411811_External_A/D_Thailand_2011.638"
"289","KC763175","A/D","A","[2010.748:2010.83]","Italy",2010.83,"Europe","Europe","KC763175_Europe_A/D_Italy_2010.83"
"290","JF830069","A/D","A","2010.742","Netherlands",2010.742,"Europe","Europe","JF830069_Europe_A/D_Netherlands_2010.742"
"291","MN240506","A/D","A","[2009:2009.997]","USA",2009.082265,"North America","North America","MN240506_North-America_A/D_USA_2009.082"
"292","MN240519","A/D","A","[2009:2009.997]","USA",2009.432271,"North America","North America","MN240519_North-America_A/D_USA_2009.432"
"293","KP657711","A/D","A","[2010:2010.625]","Taiwan",2010,"Eastern Asia","External","KP657711_External_A/D_Taiwan_2010"
"294","LC629437","A/D","A","2011.479","Philippines",2011.479,"South-Eastern Asia","External","LC629437_External_A/D_Philippines_2011.479"
"295","AB861413","A/D","A","2011.422","Philippines",2011.422,"South-Eastern Asia","External","AB861413_External_A/D_Philippines_2011.422"
"296","KX789259","A/D","A","[2011.414:2011.493]","Philippines",2011.489913,"South-Eastern Asia","External","KX789259_External_A/D_Philippines_2011.49"
"297","MN240495","A/D","A","[2009.515:2009.997]","USA",2009.529176,"North America","North America","MN240495_North-America_A/D_USA_2009.529"
"298","MK511860","A/D","A","[2010:2010.997]","USA",2010.375936,"North America","North America","MK511860_North-America_A/D_USA_2010.376"
"299","JF896300","A/D","A","[2010:2010.997]","Netherlands",2010.997,"Europe","Europe","JF896300_Europe_A/D_Netherlands_2010.997"
"300","MK511861","A/D","A","[2010:2010.997]","USA",2010,"North America","North America","MK511861_North-America_A/D_USA_2010"
"301","JX101787","A/D","A","[2010.173:2010.244]","Senegal",2010.244,"Western Africa","External","JX101787_External_A/D_Senegal_2010.244"
"302","JF896301","A/D","A","[2010.641:2010.997]","Netherlands",2010.997,"Europe","Europe","JF896301_Europe_A/D_Netherlands_2010.997"
"303","KR108019","A/D","A","[2011.833:2011.904]","Denmark",2011.833,"Europe","Europe","KR108019_Europe_A/D_Denmark_2011.833"
"304","JF896299","A/D","A","[2010:2010.997]","Netherlands",2010.088634,"Europe","Europe","JF896299_Europe_A/D_Netherlands_2010.089"
"305","JF896298","A/D","A","[2010:2010.997]","Netherlands",2010.564958,"Europe","Europe","JF896298_Europe_A/D_Netherlands_2010.565"
"306","KP455228","A/D","A","[2010:2010.997]","Canada",2010.865758,"North America","North America","KP455228_North-America_A/D_Canada_2010.866"
"307","KC893519","A/D","A","[2010:2010.997]","Netherlands",2010.865758,"Europe","Europe","KC893519_Europe_A/D_Netherlands_2010.866"
"308","MN240518","A/D","A","[2009:2009.997]","USA",2009.982828,"North America","North America","MN240518_North-America_A/D_USA_2009.983"
"309","KX255374","A/D","A","2009.649","USA",2009.649,"North America","North America","KX255374_North-America_A/D_USA_2009.649"
"310","KX255360","A/D","A","2009.649","USA",2009.649,"North America","North America","KX255360_North-America_A/D_USA_2009.649"
"311","KP657714","A/D","A","[2010:2010.8]","Taiwan",2010,"Eastern Asia","External","KP657714_External_A/D_Taiwan_2010"
"312","AB614441","A/D","A","[2010:2010.997]","Japan",2010.691698,"Eastern Asia","External","AB614441_External_A/D_Japan_2010.692"
"313","AB614442","A/D","A","[2010:2010.997]","Japan",2010.065897,"Eastern Asia","External","AB614442_External_A/D_Japan_2010.066"
"314","AB614443","A/D","A","[2010:2010.997]","Japan",2010.86348,"Eastern Asia","External","AB614443_External_A/D_Japan_2010.863"
"315","AB614444","A/D","A","[2010:2010.997]","Japan",2010.86348,"Eastern Asia","External","AB614444_External_A/D_Japan_2010.863"
"316","AB614440","A/D","A","[2010:2010.732]","Japan",2010.350249,"Eastern Asia","External","AB614440_External_A/D_Japan_2010.35"
"317","JX101813","A/D","A","[2009.748:2009.83]","USA",2009.83,"North America","North America","JX101813_North-America_A/D_USA_2009.83"
"318","KJ472890","A/D","A","[2010:2010.997]","Kenya",2010.797435,"Eastern Africa","External","KJ472890_External_A/D_Kenya_2010.797"
"319","KP657710","A/D","A","[2010:2010.997]","Taiwan",2010,"Eastern Asia","External","KP657710_External_A/D_Taiwan_2010"
"320","KP657712","A/D","A","[2010:2010.997]","Taiwan",2010,"Eastern Asia","External","KP657712_External_A/D_Taiwan_2010"
"321","KP455256","A/D","A","[2010.178:2010.997]","Canada",2010.997,"North America","North America","KP455256_North-America_A/D_Canada_2010.997"
"322","JX101814","A/D","A","[2009.759:2009.83]","USA",2009.759,"North America","North America","JX101814_North-America_A/D_USA_2009.759"
"323","KT959174","A/D","A","[2010.414:2010.485]","Hong Kong",2010.414,"Eastern Asia","External","KT959174_External_A/D_Hong-Kong_2010.414"
"324","KY272882","A/D","A","2011.753","France",2011.753,"Europe","Europe","KY272882_Europe_A/D_France_2011.753"
"325","KM975325","A/D","A","2011.69","Netherlands",2011.69,"Europe","Europe","KM975325_Europe_A/D_Netherlands_2011.69"
"326","JF896312","A/D","A","[2010:2010.997]","Netherlands",2010.997,"Europe","Europe","JF896312_Europe_A/D_Netherlands_2010.997"
"327","JQ586232","A/D","A","2010.868","United Kingdom",2010.868,"Europe","Europe","JQ586232_Europe_A/D_United-Kingdom_2010.868"
"328","JF896297","A/D","A","[2010:2010.997]","Netherlands",2010.825687,"Europe","Europe","JF896297_Europe_A/D_Netherlands_2010.826"
"329","JQ586230","A/D","A","2010.827","United Kingdom",2010.827,"Europe","Europe","JQ586230_Europe_A/D_United-Kingdom_2010.827"
"330","JF830076","A/D","D","2004.833","Netherlands",2004.833,"Europe","Europe","JF830076_Europe_A/D_Netherlands_2004.833"
"331","JF830077","A/D","D","2004.822","Netherlands",2004.822,"Europe","Europe","JF830077_Europe_A/D_Netherlands_2004.822"
"332","KP657701","A/D","D","[2007.348:2007.997]","Taiwan",2007.997,"Eastern Asia","External","KP657701_External_A/D_Taiwan_2007.997"
"333","MF045421","A/D","D","[2010:2010.997]","Vietnam",2010.451486,"South-Eastern Asia","External","MF045421_External_A/D_Vietnam_2010.451"
"334","JQ411802","A/D","D","2009.668","Thailand",2009.668,"South-Eastern Asia","External","JQ411802_External_A/D_Thailand_2009.668"
"335","AB667899","A/D","D","[2008:2008.997]","Japan",2008,"Eastern Asia","External","AB667899_External_A/D_Japan_2008"
"336","KU242683","A/D","D","2008.995","China",2008.995,"Eastern Asia","External","KU242683_External_A/D_China_2008.995"
"337","KF726085","A/D","D","2008.762","China",2008.762,"Eastern Asia","External","KF726085_External_A/D_China_2008.762"
"338","KT285479","A/D","D","2008.738","China",2008.738,"Eastern Asia","External","KT285479_External_A/D_China_2008.738"
"339","LC629436","A/D","D","2008.926","Philippines",2008.926,"South-Eastern Asia","External","LC629436_External_A/D_Philippines_2008.926"
"340","KP657708","A/D","D","[2009:2009.997]","Taiwan",2009.997,"Eastern Asia","External","KP657708_External_A/D_Taiwan_2009.997"
"341","AB817707","A/D","D","2008.926","Philippines",2008.926,"South-Eastern Asia","External","AB817707_External_A/D_Philippines_2008.926"
"342","KJ556326","A/D","D","2009.789","Cambodia",2009.789,"South-Eastern Asia","External","KJ556326_External_A/D_Cambodia_2009.789"
"343","JX898784","A/D","D","[2010.915:2010.997]","China",2010.938663,"Eastern Asia","External","JX898784_External_A/D_China_2010.939"
"344","KP657709","A/D","D","[2010:2010.997]","Taiwan",2010.788549,"Eastern Asia","External","KP657709_External_A/D_Taiwan_2010.789"
"345","KJ556323","A/D","D","2009.663","Cambodia",2009.663,"South-Eastern Asia","External","KJ556323_External_A/D_Cambodia_2009.663"
"346","KJ556320","A/D","D","2009.663","Cambodia",2009.663,"South-Eastern Asia","External","KJ556320_External_A/D_Cambodia_2009.663"
"347","KJ556322","A/D","D","2009.663","Cambodia",2009.663,"South-Eastern Asia","External","KJ556322_External_A/D_Cambodia_2009.663"
"348","KJ556325","A/D","D","2009.663","Cambodia",2009.663,"South-Eastern Asia","External","KJ556325_External_A/D_Cambodia_2009.663"
"349","KJ556321","A/D","D","2009.663","Cambodia",2009.663,"South-Eastern Asia","External","KJ556321_External_A/D_Cambodia_2009.663"
"350","KJ556324","A/D","D","2009.663","Cambodia",2009.663,"South-Eastern Asia","External","KJ556324_External_A/D_Cambodia_2009.663"
"351","JQ924862","A/D","D","2010.595","China",2010.595,"Eastern Asia","External","JQ924862_External_A/D_China_2010.595"
"352","JX569073","A/D","D","[2010.17:2010.244]","China",2010.244,"Eastern Asia","External","JX569073_External_A/D_China_2010.244"
"353","KF254914","A/D","D","2013.096","Spain",2013.096,"Europe","Europe","KF254914_Europe_A/D_Spain_2013.096"
"354","KT959178","A/D","D","[2011.748:2011.822]","Hong Kong",2011.748,"Eastern Asia","External","KT959178_External_A/D_Hong-Kong_2011.748"
"355","KX789232","A/D","D","[2012.842:2012.913]","Philippines",2012.913,"South-Eastern Asia","External","KX789232_External_A/D_Philippines_2012.913"
"356","MK496908","A/D","D","[2013:2013.816]","El Salvador",2013,"Central America","External","MK496908_External_A/D_El-Salvador_2013"
"357","KM975337","A/D","D","2012.73","Netherlands",2012.73,"Europe","Europe","KM975337_Europe_A/D_Netherlands_2012.73"
"358","KR018811","A/D","D","[2012.598:2012.997]","Malaysia",2012.598,"South-Eastern Asia","External","KR018811_External_A/D_Malaysia_2012.598"
"359","AB992427","A/D","D","[2013.173:2013.244]","Philippines",2013.244,"South-Eastern Asia","External","AB992427_External_A/D_Philippines_2013.244"
"360","AB992425","A/D","D","[2013.162:2013.236]","Philippines",2013.162,"South-Eastern Asia","External","AB992425_External_A/D_Philippines_2013.162"
"361","KR018808","A/D","D","[2012:2012.997]","Malaysia",2012.890588,"South-Eastern Asia","External","KR018808_External_A/D_Malaysia_2012.891"
"362","LC629438","A/D","D","2012.891","Philippines",2012.891,"South-Eastern Asia","External","LC629438_External_A/D_Philippines_2012.891"
"363","KP745729","A/D","D","[2014.833:2014.912]","Germany",2014.833,"Europe","Europe","KP745729_Europe_A/D_Germany_2014.833"
"364","KM975335","A/D","D","2014.696","Netherlands",2014.696,"Europe","Europe","KM975335_Europe_A/D_Netherlands_2014.696"
"365","KP189392","A/D","D","2014.666","Germany",2014.666,"Europe","Europe","KP189392_Europe_A/D_Germany_2014.666"
"366","KP657739","A/D","D","2014.685","Germany",2014.685,"Europe","Europe","KP657739_Europe_A/D_Germany_2014.685"
"367","KP189402","A/D","D","2014.805","Germany",2014.805,"Europe","Europe","KP189402_Europe_A/D_Germany_2014.805"
"368","KP189401","A/D","D","2014.808","Germany",2014.808,"Europe","Europe","KP189401_Europe_A/D_Germany_2014.808"
"369","MW731823","A/D","D","[2014.833:2014.904]","Germany",2014.833,"Europe","Europe","MW731823_Europe_A/D_Germany_2014.833"
"370","KP830133","A/D","D","2014.789","Netherlands",2014.789,"Europe","Europe","KP830133_Europe_A/D_Netherlands_2014.789"
"371","MK105978","A/D","D","2014.792","France",2014.792,"Europe","Europe","MK105978_Europe_A/D_France_2014.792"
"372","KP196370","A/D","D","2014.792","France",2014.792,"Europe","Europe","KP196370_Europe_A/D_France_2014.792"
"373","KR018813","A/D","D","[2012.172:2012.997]","Malaysia",2012.870382,"South-Eastern Asia","External","KR018813_External_A/D_Malaysia_2012.87"
"374","KT803588","A/D","D","2013.759","China",2013.759,"Eastern Asia","External","KT803588_External_A/D_China_2013.759"
"375","KT803603","A/D","D","2013.849","China",2013.849,"Eastern Asia","External","KT803603_External_A/D_China_2013.849"
"376","KT959190","A/D","D","[2012.667:2012.746]","Hong Kong",2012.746,"Eastern Asia","External","KT959190_External_A/D_Hong-Kong_2012.746"
"377","KT959185","A/D","D","[2012.331:2012.413]","Hong Kong",2012.331,"Eastern Asia","External","KT959185_External_A/D_Hong-Kong_2012.331"
"378","KT959189","A/D","D","[2012.59:2012.664]","Hong Kong",2012.664,"Eastern Asia","External","KT959189_External_A/D_Hong-Kong_2012.664"
"379","KT959183","A/D","D","[2012.164:2012.238]","Hong Kong",2012.164,"Eastern Asia","External","KT959183_External_A/D_Hong-Kong_2012.164"
"380","JQ411805","A/D","D","2011.515","Thailand",2011.515,"South-Eastern Asia","External","JQ411805_External_A/D_Thailand_2011.515"
"381","KR018810","A/D","D","[2012:2012.997]","Malaysia",2012.340562,"South-Eastern Asia","External","KR018810_External_A/D_Malaysia_2012.341"
"382","KR018809","A/D","D","[2012:2012.645]","Malaysia",2012,"South-Eastern Asia","External","KR018809_External_A/D_Malaysia_2012"
"383","AB992413","A/D","D","[2013.162:2013.236]","Philippines",2013.236,"South-Eastern Asia","External","AB992413_External_A/D_Philippines_2013.236"
"384","AB992426","A/D","D","[2013.247:2013.318]","Philippines",2013.318,"South-Eastern Asia","External","AB992426_External_A/D_Philippines_2013.318"
"385","AB992428","A/D","D","[2013.329:2013.403]","Philippines",2013.329,"South-Eastern Asia","External","AB992428_External_A/D_Philippines_2013.329"
"386","KR018814","A/D","D","[2012:2012.997]","Malaysia",2012.726651,"South-Eastern Asia","External","KR018814_External_A/D_Malaysia_2012.727"
"387","LC629440","A/D","D","2013.342","Philippines",2013.342,"South-Eastern Asia","External","LC629440_External_A/D_Philippines_2013.342"
"388","KX789246","A/D","D","[2013.329:2013.403]","Philippines",2013.403,"South-Eastern Asia","External","KX789246_External_A/D_Philippines_2013.403"
"389","LC200942","A/D","D","[2013.666:2013.745]","Japan",2013.722809,"Eastern Asia","External","LC200942_External_A/D_Japan_2013.723"
"390","LC200943","A/D","D","[2013.666:2013.745]","Japan",2013.722809,"Eastern Asia","External","LC200943_External_A/D_Japan_2013.723"
"391","LC629441","A/D","D","2013.348","Philippines",2013.348,"South-Eastern Asia","External","LC629441_External_A/D_Philippines_2013.348"
"392","LC629439","A/D","D","2013.175","Philippines",2013.175,"South-Eastern Asia","External","LC629439_External_A/D_Philippines_2013.175"
"393","KR066458","A/D","D","[2014.833:2014.904]","Germany",2014.833,"Europe","Europe","KR066458_Europe_A/D_Germany_2014.833"
"394","KR066459","A/D","D","[2013.674:2013.745]","Germany",2013.745,"Europe","Europe","KR066459_Europe_A/D_Germany_2013.745"
"395","KR066461","A/D","D","[2014.255:2014.326]","Germany",2014.326,"Europe","Europe","KR066461_Europe_A/D_Germany_2014.326"
"396","KP406480","A/D","D","2014.803","France",2014.803,"Europe","Europe","KP406480_Europe_A/D_France_2014.803"
"397","KP830125","A/D","D","2014.819","Netherlands",2014.819,"Europe","Europe","KP830125_Europe_A/D_Netherlands_2014.819"
"398","KR108021","A/D","D","[2013.833:2013.912]","Denmark",2013.833,"Europe","Europe","KR108021_Europe_A/D_Denmark_2013.833"
"399","KT873535","A/D","D","2013.874","Canada",2013.874,"North America","North America","KT873535_North-America_A/D_Canada_2013.874"
"400","LN681336","A/D","D","[2014.841:2014.912]","France",2014.841,"Europe","Europe","LN681336_Europe_A/D_France_2014.841"
"401","MH780678","A/D","D","[2016:2016.522]","Hong Kong",2016,"Eastern Asia","External","MH780678_External_A/D_Hong-Kong_2016"
"402","MT791934","A/D","D","2016.339","France",2016.339,"Europe","Europe","MT791934_Europe_A/D_France_2016.339"
"403","KP090456","A/D","D","2014.773","Spain",2014.773,"Europe","Europe","KP090456_Europe_A/D_Spain_2014.773"
"404","KP090458","A/D","D","2014.784","Spain",2014.784,"Europe","Europe","KP090458_Europe_A/D_Spain_2014.784"
"405","OQ933669","A/D","D","2014.984","Spain",2014.984,"Europe","Europe","OQ933669_Europe_A/D_Spain_2014.984"
"406","KR066460","A/D","D","[2014.748:2014.83]","Germany",2014.748,"Europe","Europe","KR066460_Europe_A/D_Germany_2014.748"
"407","KP122208","A/D","D","2014.751","Spain",2014.751,"Europe","Europe","KP122208_Europe_A/D_Spain_2014.751"
"408","KT220441","A/D","D","2014.805","France",2014.805,"Europe","Europe","KT220441_Europe_A/D_France_2014.805"
"409","MK105976","A/D","D","2014.805","France",2014.805,"Europe","Europe","MK105976_Europe_A/D_France_2014.805"
"410","MK105977","A/D","D","2014.918","France",2014.918,"Europe","Europe","MK105977_Europe_A/D_France_2014.918"
"411","KT220448","A/D","D","2014.918","France",2014.918,"Europe","Europe","KT220448_Europe_A/D_France_2014.918"
"412","KP189394","A/D","D","2014.742","Germany",2014.742,"Europe","Europe","KP189394_Europe_A/D_Germany_2014.742"
"413","KP745741","A/D","D","[2014.756:2014.83]","Germany",2014.756,"Europe","Europe","KP745741_Europe_A/D_Germany_2014.756"
"414","KT220453","A/D","D","2014.841","France",2014.841,"Europe","Europe","KT220453_Europe_A/D_France_2014.841"
"415","KP745738","A/D","D","[2014.534:2014.855]","Germany",2014.534,"Europe","Europe","KP745738_Europe_A/D_Germany_2014.534"
"416","KT873536","A/D","D","2014.877","Canada",2014.877,"North America","North America","KT873536_North-America_A/D_Canada_2014.877"
"417","LT745909","A/D","D","2014.975","France",2014.975,"Europe","Europe","LT745909_Europe_A/D_France_2014.975"
"418","LT745908","A/D","D","2014.896","France",2014.896,"Europe","Europe","LT745908_Europe_A/D_France_2014.896"
"419","KP153538","A/D","D","2014.732","Italy",2014.732,"Europe","Europe","KP153538_Europe_A/D_Italy_2014.732"
"420","KP657738","A/D","D","2014.685","Germany",2014.685,"Europe","Europe","KP657738_Europe_A/D_Germany_2014.685"
"421","KP657742","A/D","D","2014.764","Germany",2014.764,"Europe","Europe","KP657742_Europe_A/D_Germany_2014.764"
"422","KT873537","A/D","D","2014.959","Canada",2014.959,"North America","North America","KT873537_North-America_A/D_Canada_2014.959"
"423","KM975349","A/D","D","2014.69","Netherlands",2014.69,"Europe","Europe","KM975349_Europe_A/D_Netherlands_2014.69"
"424","LN681331","A/D","D","[2014.748:2014.819]","France",2014.748,"Europe","Europe","LN681331_Europe_A/D_France_2014.748"
"425","LN681316","A/D","D","[2014.666:2014.745]","France",2014.736195,"Europe","Europe","LN681316_Europe_A/D_France_2014.736"
"426","LN681317","A/D","D","[2014.666:2014.745]","France",2014.735859,"Europe","Europe","LN681317_Europe_A/D_France_2014.736"
"427","KT220449","A/D","D","2014.932","France",2014.932,"Europe","Europe","KT220449_Europe_A/D_France_2014.932"
"428","KT220450","A/D","D","2014.94","France",2014.94,"Europe","Europe","KT220450_Europe_A/D_France_2014.94"
"429","KP657747","A/D","D","2014.819","Germany",2014.819,"Europe","Europe","KP657747_Europe_A/D_Germany_2014.819"
"430","KP729106","A/D","D","[2014.833:2014.912]","Denmark",2014.833,"Europe","Europe","KP729106_Europe_A/D_Denmark_2014.833"
"431","MN726756","A/D","D","2015.134","Netherlands",2015.134,"Europe","Europe","MN726756_Europe_A/D_Netherlands_2015.134"
"432","KP189397","A/D","D","2014.784","Germany",2014.784,"Europe","Europe","KP189397_Europe_A/D_Germany_2014.784"
"433","KP745737","A/D","D","[2014.748:2014.83]","Germany",2014.748,"Europe","Europe","KP745737_Europe_A/D_Germany_2014.748"
"434","MN726758","A/D","D","2015.729","Netherlands",2015.729,"Europe","Europe","MN726758_Europe_A/D_Netherlands_2015.729"
"435","MK105979","A/D","D","2014.879","France",2014.879,"Europe","Europe","MK105979_Europe_A/D_France_2014.879"
"436","OQ933668","A/D","D","2016.008","Spain",2016.008,"Europe","Europe","OQ933668_Europe_A/D_Spain_2016.008"
"437","KT220461","A/D","D","2014.915","France",2014.915,"Europe","Europe","KT220461_Europe_A/D_France_2014.915"
"438","LN681328","A/D","D","[2014.756:2014.83]","France",2014.756,"Europe","Europe","LN681328_Europe_A/D_France_2014.756"
"439","KP745742","A/D","D","[2014.759:2014.83]","Germany",2014.768775,"Europe","Europe","KP745742_Europe_A/D_Germany_2014.769"
"440","KP830121","A/D","D","2014.77","Netherlands",2014.77,"Europe","Europe","KP830121_Europe_A/D_Netherlands_2014.77"
"441","KT835406","A/D","D","2014.715","Canada",2014.715,"North America","North America","KT835406_North-America_A/D_Canada_2014.715"
"442","KP830124","A/D","D","2014.789","Netherlands",2014.789,"Europe","Europe","KP830124_Europe_A/D_Netherlands_2014.789"
"443","KP189396","A/D","D","2014.784","Germany",2014.784,"Europe","Europe","KP189396_Europe_A/D_Germany_2014.784"
"444","KP830132","A/D","D","2014.781","Netherlands",2014.781,"Europe","Europe","KP830132_Europe_A/D_Netherlands_2014.781"
"445","KT220444","A/D","D","2014.879","France",2014.879,"Europe","Europe","KT220444_Europe_A/D_France_2014.879"
"446","KP830128","A/D","D","2014.877","Netherlands",2014.877,"Europe","Europe","KP830128_Europe_A/D_Netherlands_2014.877"
"447","MK377402","A/D","D","2014.959","United Kingdom",2014.959,"Europe","Europe","MK377402_Europe_A/D_United-Kingdom_2014.959"
"448","MH084317","A/D","D","2014.959","United Kingdom",2014.959,"Europe","Europe","MH084317_Europe_A/D_United-Kingdom_2014.959"
"449","MN018235","A/D","D","2014.959","United Kingdom",2014.959,"Europe","Europe","MN018235_Europe_A/D_United-Kingdom_2014.959"
"450","KR018815","A/D","D","[2012:2012.973]","Malaysia",2012,"South-Eastern Asia","External","KR018815_External_A/D_Malaysia_2012"
"451","KM975344","A/D","D","2013.805","Netherlands",2013.805,"Europe","Europe","KM975344_Europe_A/D_Netherlands_2013.805"
"452","KP830131","A/D","D","2014.784","Netherlands",2014.784,"Europe","Europe","KP830131_Europe_A/D_Netherlands_2014.784"
"453","KP830119","A/D","D","2014.767","Netherlands",2014.767,"Europe","Europe","KP830119_Europe_A/D_Netherlands_2014.767"
"454","KP657744","A/D","D","2014.789","Germany",2014.789,"Europe","Europe","KP657744_Europe_A/D_Germany_2014.789"
"455","KP090457","A/D","D","2014.773","Spain",2014.773,"Europe","Europe","KP090457_Europe_A/D_Spain_2014.773"
"456","KT959177","A/D","D","[2011.589:2011.663]","Hong Kong",2011.663,"Eastern Asia","External","KT959177_External_A/D_Hong-Kong_2011.663"
"457","KT959179","A/D","D","[2011.833:2011.904]","Hong Kong",2011.833,"Eastern Asia","External","KT959179_External_A/D_Hong-Kong_2011.833"
"458","KT306743","A/D","D","2011.967","China",2011.967,"Eastern Asia","External","KT306743_External_A/D_China_2011.967"
"459","JQ924864","A/D","D","2011.597","China",2011.597,"Eastern Asia","External","JQ924864_External_A/D_China_2011.597"
"460","KT803602","A/D","D","2012.057","China",2012.057,"Eastern Asia","External","KT803602_External_A/D_China_2012.057"
"461","KT803601","A/D","D","2012.016","China",2012.016,"Eastern Asia","External","KT803601_External_A/D_China_2012.016"
"462","KP657720","A/D","D","[2013.244:2013.997]","Taiwan",2013.997,"Eastern Asia","External","KP657720_External_A/D_Taiwan_2013.997"
"463","MK105982","A/D","D","2012.71","France",2012.71,"Europe","Europe","MK105982_Europe_A/D_France_2012.71"
"464","KY272886","A/D","D","2012.71","France",2012.71,"Europe","Europe","KY272886_Europe_A/D_France_2012.71"
"465","JX898786","A/D","D","[2012.172:2012.246]","China",2012.246,"Eastern Asia","External","JX898786_External_A/D_China_2012.246"
"466","KY767821","A/D","D","2013.384","Hong Kong",2013.384,"Eastern Asia","External","KY767821_External_A/D_Hong-Kong_2013.384"
"467","KT285319","A/D","D","2012.046","China",2012.046,"Eastern Asia","External","KT285319_External_A/D_China_2012.046"
"468","KT285480","A/D","D","2011.975","China",2011.975,"Eastern Asia","External","KT285480_External_A/D_China_2011.975"
"469","AB992424","A/D","D","[2013:2013.074]","Philippines",2013,"South-Eastern Asia","External","AB992424_External_A/D_Philippines_2013"
"470","KT280501","A/D","D","2013.792","China",2013.792,"Eastern Asia","External","KT280501_External_A/D_China_2013.792"
"471","KT959193","A/D","D","[2013.504:2013.578]","Hong Kong",2013.578,"Eastern Asia","External","KT959193_External_A/D_Hong-Kong_2013.578"
"472","KT959196","A/D","D","[2013.748:2013.822]","Hong Kong",2013.748,"Eastern Asia","External","KT959196_External_A/D_Hong-Kong_2013.748"
"473","KT959192","A/D","D","[2013.414:2013.485]","Hong Kong",2013.414,"Eastern Asia","External","KT959192_External_A/D_Hong-Kong_2013.414"
"474","KT764078","A/D","D","2013.638","China",2013.638,"Eastern Asia","External","KT764078_External_A/D_China_2013.638"
"475","KU321362","A/D","D","[2013:2013.997]","China",2013.500283,"Eastern Asia","External","KU321362_External_A/D_China_2013.5"
"476","KT280502","A/D","D","2013.647","China",2013.647,"Eastern Asia","External","KT280502_External_A/D_China_2013.647"
"477","KT959191","A/D","D","[2013.414:2013.485]","Hong Kong",2013.414,"Eastern Asia","External","KT959191_External_A/D_Hong-Kong_2013.414"
"478","KP657721","A/D","D","[2013.37:2013.997]","Taiwan",2013.997,"Eastern Asia","External","KP657721_External_A/D_Taiwan_2013.997"
"479","KT959195","A/D","D","[2013.581:2013.655]","Hong Kong",2013.581,"Eastern Asia","External","KT959195_External_A/D_Hong-Kong_2013.581"
"480","KT036451","A/D","D","[2014:2014.997]","Malaysia",2014.309782,"South-Eastern Asia","External","KT036451_External_A/D_Malaysia_2014.31"
"481","KT959194","A/D","D","[2013.581:2013.663]","Hong Kong",2013.663,"Eastern Asia","External","KT959194_External_A/D_Hong-Kong_2013.663"
"482","KP657715","A/D","D","[2011:2011.997]","Taiwan",2011.418711,"Eastern Asia","External","KP657715_External_A/D_Taiwan_2011.419"
"483","KP657716","A/D","D","[2011:2011.997]","Taiwan",2011.750958,"Eastern Asia","External","KP657716_External_A/D_Taiwan_2011.751"
"484","MG547220","A/D","D","[2016.593:2016.664]","China",2016.664,"Eastern Asia","External","MG547220_External_A/D_China_2016.664"
"485","MH341726","A/D","D","[2016.497:2016.579]","China",2016.497,"Eastern Asia","External","MH341726_External_A/D_China_2016.497"
"486","MH341727","A/D","D","[2016.582:2016.653]","China",2016.582,"Eastern Asia","External","MH341727_External_A/D_China_2016.582"
"487","MH341729","A/D","D","[2016.593:2016.664]","China",2016.664,"Eastern Asia","External","MH341729_External_A/D_China_2016.664"
"488","MG547185","A/D","D","[2016.582:2016.656]","China",2016.582,"Eastern Asia","External","MG547185_External_A/D_China_2016.582"
"489","MG547209","A/D","D","[2016.749:2016.822]","China",2016.777598,"Eastern Asia","External","MG547209_External_A/D_China_2016.778"
"490","MH341733","A/D","D","[2016.749:2016.822]","China",2016.777598,"Eastern Asia","External","MH341733_External_A/D_China_2016.778"
"491","MH780679","A/D","D","[2016:2016.997]","Hong Kong",2016,"Eastern Asia","External","MH780679_External_A/D_Hong-Kong_2016"
"492","MH341728","A/D","D","[2016.582:2016.656]","China",2016.633568,"Eastern Asia","External","MH341728_External_A/D_China_2016.634"
"493","MH341734","A/D","D","[2017.085:2017.151]","China",2017.151,"Eastern Asia","External","MH341734_External_A/D_China_2017.151"
"494","MH780685","A/D","D","[2017:2017.732]","Hong Kong",2017.131007,"Eastern Asia","External","MH780685_External_A/D_Hong-Kong_2017.131"
"495","MH341731","A/D","D","[2016.667:2016.743]","China",2016.667,"Eastern Asia","External","MH341731_External_A/D_China_2016.667"
"496","MH341730","A/D","D","[2016.667:2016.738]","China",2016.667,"Eastern Asia","External","MH341730_External_A/D_China_2016.667"
"497","MH341732","A/D","D","[2016.749:2016.831]","China",2016.813577,"Eastern Asia","External","MH341732_External_A/D_China_2016.814"
"498","MH780680","A/D","D","[2016:2016.997]","Hong Kong",2016.515748,"Eastern Asia","External","MH780680_External_A/D_Hong-Kong_2016.516"
"499","MH780681","A/D","D","[2016:2016.997]","Hong Kong",2016.515748,"Eastern Asia","External","MH780681_External_A/D_Hong-Kong_2016.516"
"500","LT745910","A/D","D","2015.704","France",2015.704,"Europe","Europe","LT745910_Europe_A/D_France_2015.704"
"501","MH780683","A/D","D","[2016:2016.997]","Hong Kong",2016,"Eastern Asia","External","MH780683_External_A/D_Hong-Kong_2016"
"502","LC481171","A/D","D","2017.392","Philippines",2017.392,"South-Eastern Asia","External","LC481171_External_A/D_Philippines_2017.392"
"503","MG547207","A/D","D","[2016.842:2016.913]","China",2016.913,"Eastern Asia","External","MG547207_External_A/D_China_2016.913"
"504","MG547186","A/D","D","[2016.915:2016.989]","China",2016.915,"Eastern Asia","External","MG547186_External_A/D_China_2016.915"
"505","KY358058","A/D","D","2016.183","Taiwan",2016.183,"Eastern Asia","External","KY358058_External_A/D_Taiwan_2016.183"
"506","MN726785","A/D","D","2016.721","Netherlands",2016.721,"Europe","Europe","MN726785_Europe_A/D_Netherlands_2016.721"
"507","OQ139562","A/D","D","2019.693","Netherlands",2019.693,"Europe","Europe","OQ139562_Europe_A/D_Netherlands_2019.693"
"508","PQ483183","A/D","D","2023.811","Italy",2023.811,"Europe","Europe","PQ483183_Europe_A/D_Italy_2023.811"
"509","PQ483175","A/D","D","2023.66","Italy",2023.66,"Europe","Europe","PQ483175_Europe_A/D_Italy_2023.66"
"510","MT543148","A/D","D","2019.63","China",2019.63,"Eastern Asia","External","MT543148_External_A/D_China_2019.63"
"511","MN894276","A/D","D","[2019.833:2019.912]","Germany",2019.844648,"Europe","Europe","MN894276_Europe_A/D_Germany_2019.845"
"512","MN894269","A/D","D","[2019.833:2019.912]","Germany",2019.844648,"Europe","Europe","MN894269_Europe_A/D_Germany_2019.845"
"513","MN935869","A/D","D","2019.638","Sweden",2019.638,"Europe","Europe","MN935869_Europe_A/D_Sweden_2019.638"
"514","MN726801","A/D","D","2019.693","Netherlands",2019.693,"Europe","Europe","MN726801_Europe_A/D_Netherlands_2019.693"
"515","OQ127002","A/D","D","2021.863","Netherlands",2021.863,"Europe","Europe","OQ127002_Europe_A/D_Netherlands_2021.863"
"516","OR179115","A/D","D","2021.836","Netherlands",2021.836,"Europe","Europe","OR179115_Europe_A/D_Netherlands_2021.836"
"517","MZ062097","A/D","D","2018.622","Senegal",2018.622,"Western Africa","External","MZ062097_External_A/D_Senegal_2018.622"
"518","MZ062098","A/D","D","2018.721","Senegal",2018.721,"Western Africa","External","MZ062098_External_A/D_Senegal_2018.721"
"519","MZ062099","A/D","D","2018.603","Senegal",2018.603,"Western Africa","External","MZ062099_External_A/D_Senegal_2018.603"
"520","LR743438","A/D","D","[2019.748:2019.822]","France",2019.748,"Europe","Europe","LR743438_Europe_A/D_France_2019.748"
"521","MT543136","A/D","D","2019.803","China",2019.803,"Eastern Asia","External","MT543136_External_A/D_China_2019.803"
"522","MW697455","A/D","D","[2019.833:2019.904]","China",2019.833,"Eastern Asia","External","MW697455_External_A/D_China_2019.833"
"523","MK521628","A/D","D","2018.518","Senegal",2018.518,"Western Africa","External","MK521628_External_A/D_Senegal_2018.518"
"524","OQ139564","A/D","D","2020.21","Netherlands",2020.21,"Europe","Europe","OQ139564_Europe_A/D_Netherlands_2020.21"
"525","PQ585560","A/D","D","2023.792","Spain",2023.792,"Europe","Europe","PQ585560_Europe_A/D_Spain_2023.792"
"526","MT543135","A/D","D","2019.901","China",2019.901,"Eastern Asia","External","MT543135_External_A/D_China_2019.901"
"527","OQ148289","A/D","D","2021.775","Spain",2021.775,"Europe","Europe","OQ148289_Europe_A/D_Spain_2021.775"
"528","OQ148227","A/D","D","2021.748","Spain",2021.748,"Europe","Europe","OQ148227_Europe_A/D_Spain_2021.748"
"529","OQ148205","A/D","D","2021.748","Spain",2021.748,"Europe","Europe","OQ148205_Europe_A/D_Spain_2021.748"
"530","OQ148216","A/D","D","2021.748","Spain",2021.748,"Europe","Europe","OQ148216_Europe_A/D_Spain_2021.748"
"531","OQ933661","A/D","D","2018.699","Spain",2018.699,"Europe","Europe","OQ933661_Europe_A/D_Spain_2018.699"
"532","MK121713","A/D","D","2018.69","France",2018.69,"Europe","Europe","MK121713_Europe_A/D_France_2018.69"
"533","MK105986","A/D","D","2018.69","France",2018.69,"Europe","Europe","MK105986_Europe_A/D_France_2018.69"
"534","LR743441","A/D","D","[2019.841:2019.912]","France",2019.841,"Europe","Europe","LR743441_Europe_A/D_France_2019.841"
"535","OR833015","A/D","D","[2019.748:2019.83]","USA",2019.748,"North America","North America","OR833015_North-America_A/D_USA_2019.748"
"536","OR833023","A/D","D","[2019.748:2019.83]","USA",2019.748,"North America","North America","OR833023_North-America_A/D_USA_2019.748"
"537","PP025331","A/D","D","[2019.748:2019.83]","USA",2019.83,"North America","North America","PP025331_North-America_A/D_USA_2019.83"
"538","OR833032","A/D","D","[2019.833:2019.912]","USA",2019.833,"North America","North America","OR833032_North-America_A/D_USA_2019.833"
"539","OR833048","A/D","D","[2019.748:2019.83]","USA",2019.83,"North America","North America","OR833048_North-America_A/D_USA_2019.83"
"540","OR833055","A/D","D","[2019.748:2019.83]","USA",2019.749727,"North America","North America","OR833055_North-America_A/D_USA_2019.75"
"541","OR833014","A/D","D","[2019.748:2019.83]","USA",2019.749727,"North America","North America","OR833014_North-America_A/D_USA_2019.75"
"542","MN809624","A/D","D","2019.871","Netherlands",2019.871,"Europe","Europe","MN809624_Europe_A/D_Netherlands_2019.871"
"543","MT543147","A/D","D","2019.879","China",2019.879,"Eastern Asia","External","MT543147_External_A/D_China_2019.879"
"544","MT543137","A/D","D","2019.879","China",2019.879,"Eastern Asia","External","MT543137_External_A/D_China_2019.879"
"545","PQ585555","A/D","D","2023.71","Spain",2023.71,"Europe","Europe","PQ585555_Europe_A/D_Spain_2023.71"
"546","OL829843","A/D","D","[2021.748:2021.83]","United Kingdom",2021.777337,"Europe","Europe","OL829843_Europe_A/D_United-Kingdom_2021.777"
"547","OL687551","A/D","D","2021.778","United Kingdom",2021.778,"Europe","Europe","OL687551_Europe_A/D_United-Kingdom_2021.778"
"548","OL829838","A/D","D","[2021.841:2021.912]","United Kingdom",2021.912,"Europe","Europe","OL829838_Europe_A/D_United-Kingdom_2021.912"
"549","OQ148361","A/D","D","2021.929","Belgium",2021.929,"Europe","Europe","OQ148361_Europe_A/D_Belgium_2021.929"
"550","OL829842","A/D","D","[2021.666:2021.745]","United Kingdom",2021.739598,"Europe","Europe","OL829842_Europe_A/D_United-Kingdom_2021.74"
"551","OL687547","A/D","D","2021.74","United Kingdom",2021.74,"Europe","Europe","OL687547_Europe_A/D_United-Kingdom_2021.74"
"552","OQ139565","A/D","D","2021.775","Netherlands",2021.775,"Europe","Europe","OQ139565_Europe_A/D_Netherlands_2021.775"
"553","OL829836","A/D","D","[2021.748:2021.83]","United Kingdom",2021.774273,"Europe","Europe","OL829836_Europe_A/D_United-Kingdom_2021.774"
"554","OL829831","A/D","D","[2021.696:2021.745]","United Kingdom",2021.696,"Europe","Europe","OL829831_Europe_A/D_United-Kingdom_2021.696"
"555","OQ139574","A/D","D","2021.981","Netherlands",2021.981,"Europe","Europe","OQ139574_Europe_A/D_Netherlands_2021.981"
"556","OL829826","A/D","D","[2021.748:2021.83]","United Kingdom",2021.83,"Europe","Europe","OL829826_Europe_A/D_United-Kingdom_2021.83"
"557","PQ766595","A/D","D","[2020.749:2020.831]","China",2020.831,"Eastern Asia","External","PQ766595_External_A/D_China_2020.831"
"558","OR656579","A/D","D","2023.636","Sweden",2023.636,"Europe","Europe","OR656579_Europe_A/D_Sweden_2023.636"
"559","PQ483180","A/D","D","2023.723","Italy",2023.723,"Europe","Europe","PQ483180_Europe_A/D_Italy_2023.723"
"560","PP947799","A/D","D","2023.863","France",2023.863,"Europe","Europe","PP947799_Europe_A/D_France_2023.863"
"561","PQ585565","A/D","D","2023.811","Spain",2023.811,"Europe","Europe","PQ585565_Europe_A/D_Spain_2023.811"
"562","PP947800","A/D","D","2023.893","France",2023.893,"Europe","Europe","PP947800_Europe_A/D_France_2023.893"
"563","PP947793","A/D","D","2023.896","France",2023.896,"Europe","Europe","PP947793_Europe_A/D_France_2023.896"
"564","PQ585564","A/D","D","2023.814","Spain",2023.814,"Europe","Europe","PQ585564_Europe_A/D_Spain_2023.814"
"565","PQ585562","A/D","D","2023.778","Spain",2023.778,"Europe","Europe","PQ585562_Europe_A/D_Spain_2023.778"
"566","PQ585553","A/D","D","2023.666","Spain",2023.666,"Europe","Europe","PQ585553_Europe_A/D_Spain_2023.666"
"567","PQ585568","A/D","D","2023.907","Spain",2023.907,"Europe","Europe","PQ585568_Europe_A/D_Spain_2023.907"
"568","PP548248","A/D","D","2023.904","France",2023.904,"Europe","Europe","PP548248_Europe_A/D_France_2023.904"
"569","PQ612566","A/D","D","2024.699","France",2024.699,"Europe","Europe","PQ612566_Europe_A/D_France_2024.699"
"570","PP548245","A/D","D","2023.838","France",2023.838,"Europe","Europe","PP548245_Europe_A/D_France_2023.838"
"571","PV476211","A/D","D","[2024.667:2024.746]","Spain",2024.667,"Europe","Europe","PV476211_Europe_A/D_Spain_2024.667"
"572","PV476209","A/D","D","[2024.667:2024.746]","Spain",2024.746,"Europe","Europe","PV476209_Europe_A/D_Spain_2024.746"
"573","PV476243","A/D","D","[2024.749:2024.831]","Spain",2024.749,"Europe","Europe","PV476243_Europe_A/D_Spain_2024.749"
"574","PV476266","A/D","D","[2024.833:2024.913]","Spain",2024.913,"Europe","Europe","PV476266_Europe_A/D_Spain_2024.913"
"575","PV476279","A/D","D","[2024.749:2024.831]","Spain",2024.749,"Europe","Europe","PV476279_Europe_A/D_Spain_2024.749"
"576","PV476268","A/D","D","[2024.667:2024.746]","Spain",2024.746,"Europe","Europe","PV476268_Europe_A/D_Spain_2024.746"
"577","PV476258","A/D","D","[2024.667:2024.746]","Spain",2024.667,"Europe","Europe","PV476258_Europe_A/D_Spain_2024.667"
"578","PV476208","A/D","D","[2024.582:2024.664]","Spain",2024.664,"Europe","Europe","PV476208_Europe_A/D_Spain_2024.664"
"579","PQ612502","A/D","D","2024.672","France",2024.672,"Europe","Europe","PQ612502_Europe_A/D_France_2024.672"
"580","PQ612505","A/D","D","2024.686","France",2024.686,"Europe","Europe","PQ612505_Europe_A/D_France_2024.686"
"581","PQ612568","A/D","D","2024.705","France",2024.705,"Europe","Europe","PQ612568_Europe_A/D_France_2024.705"
"582","PV053402","A/D","D","[2024.915:2024.997]","USA",2024.997,"North America","North America","PV053402_North-America_A/D_USA_2024.997"
"583","PV178657","A/D","D","2024.817","USA",2024.817,"North America","North America","PV178657_North-America_A/D_USA_2024.817"
"584","PV476252","A/D","D","[2024.833:2024.913]","Spain",2024.833,"Europe","Europe","PV476252_Europe_A/D_Spain_2024.833"
"585","PQ612558","A/D","D","2024.642","France",2024.642,"Europe","Europe","PQ612558_Europe_A/D_France_2024.642"
"586","PQ612569","A/D","D","2024.697","France",2024.697,"Europe","Europe","PQ612569_Europe_A/D_France_2024.697"
"587","PQ612572","A/D","D","2024.71","France",2024.71,"Europe","Europe","PQ612572_Europe_A/D_France_2024.71"
"588","PQ612504","A/D","D","2024.68","France",2024.68,"Europe","Europe","PQ612504_Europe_A/D_France_2024.68"
"589","PQ612503","A/D","D","2024.699","France",2024.699,"Europe","Europe","PQ612503_Europe_A/D_France_2024.699"
"590","PQ612561","A/D","D","2024.664","France",2024.664,"Europe","Europe","PQ612561_Europe_A/D_France_2024.664"
"591","PV476250","A/D","D","[2024.833:2024.913]","Spain",2024.913,"Europe","Europe","PV476250_Europe_A/D_Spain_2024.913"
"592","PV476225","A/D","D","[2024.749:2024.831]","Spain",2024.831,"Europe","Europe","PV476225_Europe_A/D_Spain_2024.831"
"593","PV476306","A/D","D","[2024.749:2024.831]","Spain",2024.831,"Europe","Europe","PV476306_Europe_A/D_Spain_2024.831"
"594","PV476309","A/D","D","[2024.749:2024.831]","Spain",2024.749,"Europe","Europe","PV476309_Europe_A/D_Spain_2024.749"
"595","PV476235","A/D","D","[2024.749:2024.831]","Spain",2024.749,"Europe","Europe","PV476235_Europe_A/D_Spain_2024.749"
"596","PV476241","A/D","D","[2024.749:2024.831]","Spain",2024.831,"Europe","Europe","PV476241_Europe_A/D_Spain_2024.831"
"597","PV476275","A/D","D","[2024.667:2024.746]","Spain",2024.667,"Europe","Europe","PV476275_Europe_A/D_Spain_2024.667"
"598","PV476299","A/D","D","[2024.749:2024.831]","Spain",2024.831,"Europe","Europe","PV476299_Europe_A/D_Spain_2024.831"
"599","PV476261","A/D","D","[2024.749:2024.831]","Spain",2024.749,"Europe","Europe","PV476261_Europe_A/D_Spain_2024.749"
"600","PV476231","A/D","D","[2024.749:2024.831]","Spain",2024.803208,"Europe","Europe","PV476231_Europe_A/D_Spain_2024.803"
"601","PV476228","A/D","D","[2024.749:2024.831]","Spain",2024.803208,"Europe","Europe","PV476228_Europe_A/D_Spain_2024.803"
"602","PV476257","A/D","D","[2024.667:2024.746]","Spain",2024.667,"Europe","Europe","PV476257_Europe_A/D_Spain_2024.667"
"603","PV476305","A/D","D","[2024.582:2024.664]","Spain",2024.582,"Europe","Europe","PV476305_Europe_A/D_Spain_2024.582"
"604","PV476233","A/D","D","[2024.915:2024.997]","Spain",2024.915,"Europe","Europe","PV476233_Europe_A/D_Spain_2024.915"
"605","PV476269","A/D","D","[2024.667:2024.746]","Spain",2024.746,"Europe","Europe","PV476269_Europe_A/D_Spain_2024.746"
"606","PV476254","A/D","D","[2024.749:2024.831]","Spain",2024.831,"Europe","Europe","PV476254_Europe_A/D_Spain_2024.831"
"607","PV476234","A/D","D","[2024.749:2024.831]","Spain",2024.771211,"Europe","Europe","PV476234_Europe_A/D_Spain_2024.771"
"608","PV476242","A/D","D","[2024.749:2024.831]","Spain",2024.771211,"Europe","Europe","PV476242_Europe_A/D_Spain_2024.771"
"609","PV476226","A/D","D","[2024.749:2024.831]","Spain",2024.749,"Europe","Europe","PV476226_Europe_A/D_Spain_2024.749"
"610","PV476223","A/D","D","[2024.749:2024.831]","Spain",2024.831,"Europe","Europe","PV476223_Europe_A/D_Spain_2024.831"
"611","PV476213","A/D","D","[2024.667:2024.746]","Spain",2024.667,"Europe","Europe","PV476213_Europe_A/D_Spain_2024.667"
"612","PV476276","A/D","D","[2024.749:2024.831]","Spain",2024.749,"Europe","Europe","PV476276_Europe_A/D_Spain_2024.749"
"613","PV476244","A/D","D","[2024.749:2024.831]","Spain",2024.749,"Europe","Europe","PV476244_Europe_A/D_Spain_2024.749"
"614","PV476296","A/D","D","[2024.749:2024.831]","Spain",2024.808011,"Europe","Europe","PV476296_Europe_A/D_Spain_2024.808"
"615","PV476253","A/D","D","[2024.749:2024.831]","Spain",2024.808011,"Europe","Europe","PV476253_Europe_A/D_Spain_2024.808"
"616","PV476285","A/D","D","[2024.833:2024.913]","Spain",2024.833,"Europe","Europe","PV476285_Europe_A/D_Spain_2024.833"
"617","PV476298","A/D","D","[2024.749:2024.831]","Spain",2024.749,"Europe","Europe","PV476298_Europe_A/D_Spain_2024.749"
"618","PV476274","A/D","D","[2024.749:2024.831]","Spain",2024.749,"Europe","Europe","PV476274_Europe_A/D_Spain_2024.749"
"619","PV476240","A/D","D","[2024.749:2024.831]","Spain",2024.749,"Europe","Europe","PV476240_Europe_A/D_Spain_2024.749"
"620","PV476290","A/D","D","[2024.749:2024.831]","Spain",2024.831,"Europe","Europe","PV476290_Europe_A/D_Spain_2024.831"
"621","PV476224","A/D","D","[2024.749:2024.831]","Spain",2024.831,"Europe","Europe","PV476224_Europe_A/D_Spain_2024.831"
"622","PV476283","A/D","D","[2024.749:2024.831]","Spain",2024.831,"Europe","Europe","PV476283_Europe_A/D_Spain_2024.831"
"623","PV476249","A/D","D","[2024.833:2024.913]","Spain",2024.833,"Europe","Europe","PV476249_Europe_A/D_Spain_2024.833"
"624","PV476248","A/D","D","[2024.833:2024.913]","Spain",2024.833,"Europe","Europe","PV476248_Europe_A/D_Spain_2024.833"
"625","PV476221","A/D","D","[2024.749:2024.831]","Spain",2024.831,"Europe","Europe","PV476221_Europe_A/D_Spain_2024.831"
"626","PV476278","A/D","D","[2024.749:2024.831]","Spain",2024.831,"Europe","Europe","PV476278_Europe_A/D_Spain_2024.831"
"627","PV476232","A/D","D","[2024.749:2024.831]","Spain",2024.749,"Europe","Europe","PV476232_Europe_A/D_Spain_2024.749"
"628","PV476265","A/D","D","[2024.833:2024.913]","Spain",2024.913,"Europe","Europe","PV476265_Europe_A/D_Spain_2024.913"
"629","PV476310","A/D","D","[2024.749:2024.831]","Spain",2024.763119,"Europe","Europe","PV476310_Europe_A/D_Spain_2024.763"
"630","PV476281","A/D","D","[2024.582:2024.664]","Spain",2024.582,"Europe","Europe","PV476281_Europe_A/D_Spain_2024.582"
"631","PV476301","A/D","D","[2024.749:2024.831]","Spain",2024.771588,"Europe","Europe","PV476301_Europe_A/D_Spain_2024.772"
"632","PV476222","A/D","D","[2024.749:2024.831]","Spain",2024.771588,"Europe","Europe","PV476222_Europe_A/D_Spain_2024.772"
"633","PV476308","A/D","D","[2024.667:2024.746]","Spain",2024.746,"Europe","Europe","PV476308_Europe_A/D_Spain_2024.746"
"634","PV476297","A/D","D","[2024.749:2024.831]","Spain",2024.749,"Europe","Europe","PV476297_Europe_A/D_Spain_2024.749"
"635","PV476303","A/D","D","[2024.749:2024.831]","Spain",2024.749,"Europe","Europe","PV476303_Europe_A/D_Spain_2024.749"
"636","PV476277","A/D","D","[2024.749:2024.831]","Spain",2024.831,"Europe","Europe","PV476277_Europe_A/D_Spain_2024.831"
"637","PV476292","A/D","D","[2024.749:2024.831]","Spain",2024.749,"Europe","Europe","PV476292_Europe_A/D_Spain_2024.749"
"638","PV476260","A/D","D","[2024.749:2024.831]","Spain",2024.831,"Europe","Europe","PV476260_Europe_A/D_Spain_2024.831"
"639","PV476245","A/D","D","[2024.667:2024.746]","Spain",2024.667,"Europe","Europe","PV476245_Europe_A/D_Spain_2024.667"
"640","PQ766584","A/D","D","[2024.667:2024.746]","China",2024.667,"Eastern Asia","External","PQ766584_External_A/D_China_2024.667"
"641","PQ612573","A/D","D","2024.719","France",2024.719,"Europe","Europe","PQ612573_Europe_A/D_France_2024.719"
"642","PQ857715","A/D","D","[2024.833:2024.913]","China",2024.913,"Eastern Asia","External","PQ857715_External_A/D_China_2024.913"
"643","PQ766593","A/D","D","[2024.833:2024.913]","China",2024.833,"Eastern Asia","External","PQ766593_External_A/D_China_2024.833"
"644","PQ826416","A/D","D","[2024.749:2024.831]","China",2024.831,"Eastern Asia","External","PQ826416_External_A/D_China_2024.831"
"645","PQ895337","A/D","D","[2024.833:2024.913]","China",2024.880932,"Eastern Asia","External","PQ895337_External_A/D_China_2024.881"
"646","PQ766594","A/D","D","[2024.833:2024.913]","China",2024.880932,"Eastern Asia","External","PQ766594_External_A/D_China_2024.881"
"647","PV476293","A/D","D","[2024.667:2024.746]","Spain",2024.667,"Europe","Europe","PV476293_Europe_A/D_Spain_2024.667"
"648","PV476272","A/D","D","[2024.749:2024.831]","Spain",2024.749,"Europe","Europe","PV476272_Europe_A/D_Spain_2024.749"
"649","PV476273","A/D","D","[2024.667:2024.746]","Spain",2024.667,"Europe","Europe","PV476273_Europe_A/D_Spain_2024.667"
"650","PV476238","A/D","D","[2024.749:2024.831]","Spain",2024.749,"Europe","Europe","PV476238_Europe_A/D_Spain_2024.749"
"651","PV476294","A/D","D","[2024.749:2024.831]","Spain",2024.749,"Europe","Europe","PV476294_Europe_A/D_Spain_2024.749"
"652","PV476246","A/D","D","[2024.833:2024.913]","Spain",2024.913,"Europe","Europe","PV476246_Europe_A/D_Spain_2024.913"
"653","PV476247","A/D","D","[2024.749:2024.831]","Spain",2024.831,"Europe","Europe","PV476247_Europe_A/D_Spain_2024.831"
"654","PV476289","A/D","D","[2024.749:2024.831]","Spain",2024.831,"Europe","Europe","PV476289_Europe_A/D_Spain_2024.831"
"655","PV476302","A/D","D","[2024.915:2024.997]","Spain",2024.997,"Europe","Europe","PV476302_Europe_A/D_Spain_2024.997"
"656","PV476237","A/D","D","[2024.749:2024.831]","Spain",2024.749,"Europe","Europe","PV476237_Europe_A/D_Spain_2024.749"
"657","PV476229","A/D","D","[2024.749:2024.831]","Spain",2024.831,"Europe","Europe","PV476229_Europe_A/D_Spain_2024.831"
"658","PV476255","A/D","D","[2024.667:2024.746]","Spain",2024.746,"Europe","Europe","PV476255_Europe_A/D_Spain_2024.746"
"659","PV476262","A/D","D","[2024.749:2024.831]","Spain",2024.831,"Europe","Europe","PV476262_Europe_A/D_Spain_2024.831"
"660","PV476239","A/D","D","[2024.749:2024.831]","Spain",2024.749,"Europe","Europe","PV476239_Europe_A/D_Spain_2024.749"
"661","PV476263","A/D","D","[2024.749:2024.831]","Spain",2024.749,"Europe","Europe","PV476263_Europe_A/D_Spain_2024.749"
"662","PV476284","A/D","D","[2024.833:2024.913]","Spain",2024.913,"Europe","Europe","PV476284_Europe_A/D_Spain_2024.913"
"663","PV476280","A/D","D","[2024.749:2024.831]","Spain",2024.749,"Europe","Europe","PV476280_Europe_A/D_Spain_2024.749"
"664","PV476216","A/D","D","[2024.667:2024.746]","Spain",2024.667,"Europe","Europe","PV476216_Europe_A/D_Spain_2024.667"
"665","PV476236","A/D","D","[2024.749:2024.831]","Spain",2024.749,"Europe","Europe","PV476236_Europe_A/D_Spain_2024.749"
"666","PV476307","A/D","D","[2024.749:2024.831]","Spain",2024.831,"Europe","Europe","PV476307_Europe_A/D_Spain_2024.831"
"667","PQ612571","A/D","D","2024.71","France",2024.71,"Europe","Europe","PQ612571_Europe_A/D_France_2024.71"
"668","PQ612575","A/D","D","2024.697","France",2024.697,"Europe","Europe","PQ612575_Europe_A/D_France_2024.697"
"669","PQ612501","A/D","D","2024.683","France",2024.683,"Europe","Europe","PQ612501_Europe_A/D_France_2024.683"
"670","PV053401","A/D","D","[2024.915:2024.997]","USA",2024.915,"North America","North America","PV053401_North-America_A/D_USA_2024.915"
"671","PV178361","A/D","D","2024.773","USA",2024.773,"North America","North America","PV178361_North-America_A/D_USA_2024.773"
"672","PV178525","A/D","D","2024.825","USA",2024.825,"North America","North America","PV178525_North-America_A/D_USA_2024.825"
"673","PV178309","A/D","D","2024.781","USA",2024.781,"North America","North America","PV178309_North-America_A/D_USA_2024.781"
"674","PV476300","A/D","D","[2024.749:2024.831]","Spain",2024.749,"Europe","Europe","PV476300_Europe_A/D_Spain_2024.749"
"675","PV476256","A/D","D","[2024.667:2024.746]","Spain",2024.746,"Europe","Europe","PV476256_Europe_A/D_Spain_2024.746"
"676","PV476311","A/D","D","[2024.749:2024.831]","Spain",2024.831,"Europe","Europe","PV476311_Europe_A/D_Spain_2024.831"
"677","PV476270","A/D","D","[2024.667:2024.746]","Spain",2024.667,"Europe","Europe","PV476270_Europe_A/D_Spain_2024.667"
"678","PV476218","A/D","D","[2024.749:2024.831]","Spain",2024.782091,"Europe","Europe","PV476218_Europe_A/D_Spain_2024.782"
"679","PV476259","A/D","D","[2024.667:2024.746]","Spain",2024.684332,"Europe","Europe","PV476259_Europe_A/D_Spain_2024.684"
"680","PV476271","A/D","D","[2024.667:2024.746]","Spain",2024.684332,"Europe","Europe","PV476271_Europe_A/D_Spain_2024.684"
"681","PV476264","A/D","D","[2024.749:2024.831]","Spain",2024.782427,"Europe","Europe","PV476264_Europe_A/D_Spain_2024.782"
"682","PV476219","A/D","D","[2024.749:2024.831]","Spain",2024.782427,"Europe","Europe","PV476219_Europe_A/D_Spain_2024.782"
"683","PV476287","A/D","D","[2024.833:2024.913]","Spain",2024.833,"Europe","Europe","PV476287_Europe_A/D_Spain_2024.833"
"684","PV476295","A/D","D","[2024.749:2024.831]","Spain",2024.749,"Europe","Europe","PV476295_Europe_A/D_Spain_2024.749"
"685","PV476288","A/D","D","[2024.749:2024.831]","Spain",2024.831,"Europe","Europe","PV476288_Europe_A/D_Spain_2024.831"
"686","PV476210","A/D","D","[2024.582:2024.664]","Spain",2024.582,"Europe","Europe","PV476210_Europe_A/D_Spain_2024.582"
"687","PV476304","A/D","D","[2024.749:2024.831]","Spain",2024.749,"Europe","Europe","PV476304_Europe_A/D_Spain_2024.749"
"688","PV476286","A/D","D","[2024.749:2024.831]","Spain",2024.749,"Europe","Europe","PV476286_Europe_A/D_Spain_2024.749"
"689","PV476251","A/D","D","[2024.749:2024.831]","Spain",2024.800038,"Europe","Europe","PV476251_Europe_A/D_Spain_2024.8"
"690","PV476230","A/D","D","[2024.749:2024.831]","Spain",2024.800038,"Europe","Europe","PV476230_Europe_A/D_Spain_2024.8"
"691","PV476220","A/D","D","[2024.749:2024.831]","Spain",2024.749,"Europe","Europe","PV476220_Europe_A/D_Spain_2024.749"
"692","PV476267","A/D","D","[2024.833:2024.913]","Spain",2024.833,"Europe","Europe","PV476267_Europe_A/D_Spain_2024.833"
"693","PV476227","A/D","D","[2024.749:2024.831]","Spain",2024.831,"Europe","Europe","PV476227_Europe_A/D_Spain_2024.831"
"694","PV476212","A/D","D","[2024.667:2024.746]","Spain",2024.667,"Europe","Europe","PV476212_Europe_A/D_Spain_2024.667"
"695","PV476215","A/D","D","[2024.667:2024.746]","Spain",2024.681854,"Europe","Europe","PV476215_Europe_A/D_Spain_2024.682"
"696","PV476214","A/D","D","[2024.667:2024.746]","Spain",2024.736883,"Europe","Europe","PV476214_Europe_A/D_Spain_2024.737"
"697","PV476282","A/D","D","[2024.749:2024.831]","Spain",2024.759961,"Europe","Europe","PV476282_Europe_A/D_Spain_2024.76"
"698","PV476217","A/D","D","[2024.749:2024.831]","Spain",2024.811701,"Europe","Europe","PV476217_Europe_A/D_Spain_2024.812"
"699","PV476291","A/D","D","[2024.749:2024.831]","Spain",2024.811971,"Europe","Europe","PV476291_Europe_A/D_Spain_2024.812"
"700","MN403256","A/D","D","2016.85","Spain",2016.85,"Europe","Europe","MN403256_Europe_A/D_Spain_2016.85"
"701","MN726787","A/D","D","2017.863","Netherlands",2017.863,"Europe","Europe","MN726787_Europe_A/D_Netherlands_2017.863"
"702","MZ576307","A/D","D","2018.737","United Kingdom",2018.737,"Europe","Europe","MZ576307_Europe_A/D_United-Kingdom_2018.737"
"703","MK105989","A/D","D","2018.721","France",2018.721,"Europe","Europe","MK105989_Europe_A/D_France_2018.721"
"704","MK301352","A/D","D","2018.748","Italy",2018.748,"Europe","Europe","MK301352_Europe_A/D_Italy_2018.748"
"705","MK105987","A/D","D","2018.69","France",2018.69,"Europe","Europe","MK105987_Europe_A/D_France_2018.69"
"706","MK121729","A/D","D","2018.759","France",2018.759,"Europe","Europe","MK121729_Europe_A/D_France_2018.759"
"707","MK121714","A/D","D","2018.69","France",2018.69,"Europe","Europe","MK121714_Europe_A/D_France_2018.69"
"708","MN403124","A/D","D","2018.655","Spain",2018.655,"Europe","Europe","MN403124_Europe_A/D_Spain_2018.655"
"709","MN403297","A/D","D","2018.734","Spain",2018.734,"Europe","Europe","MN403297_Europe_A/D_Spain_2018.734"
"710","MN403276","A/D","D","2018.816","Spain",2018.816,"Europe","Europe","MN403276_Europe_A/D_Spain_2018.816"
"711","MN403225","A/D","D","2018.441","Spain",2018.441,"Europe","Europe","MN403225_Europe_A/D_Spain_2018.441"
"712","MN403273","A/D","D","2018.767","Spain",2018.767,"Europe","Europe","MN403273_Europe_A/D_Spain_2018.767"
"713","MN403270","A/D","D","2018.773","Spain",2018.773,"Europe","Europe","MN403270_Europe_A/D_Spain_2018.773"
"714","MN403136","A/D","D","2018.94","Spain",2018.94,"Europe","Europe","MN403136_Europe_A/D_Spain_2018.94"
"715","OQ933699","A/D","D","2018.74","Spain",2018.74,"Europe","Europe","OQ933699_Europe_A/D_Spain_2018.74"
"716","OR179058","A/D","D","2018.852","Netherlands",2018.852,"Europe","Europe","OR179058_Europe_A/D_Netherlands_2018.852"
"717","OR179056","A/D","D","2018.844","Netherlands",2018.844,"Europe","Europe","OR179056_Europe_A/D_Netherlands_2018.844"
"718","OR179061","A/D","D","2018.847","Netherlands",2018.847,"Europe","Europe","OR179061_Europe_A/D_Netherlands_2018.847"
"719","MN018260","A/D","D","2018.83","United Kingdom",2018.83,"Europe","Europe","MN018260_Europe_A/D_United-Kingdom_2018.83"
"720","MK301348","A/D","D","2018.732","Italy",2018.732,"Europe","Europe","MK301348_Europe_A/D_Italy_2018.732"
"721","OR179063","A/D","D","2019.025","Netherlands",2019.025,"Europe","Europe","OR179063_Europe_A/D_Netherlands_2019.025"
"722","MN764886","A/D","D","2019.025","Netherlands",2019.025,"Europe","Europe","MN764886_Europe_A/D_Netherlands_2019.025"
"723","MN245432","A/D","D","2018.863","Spain",2018.863,"Europe","Europe","MN245432_Europe_A/D_Spain_2018.863"
"724","OQ933702","A/D","D","2018.756","Spain",2018.756,"Europe","Europe","OQ933702_Europe_A/D_Spain_2018.756"
"725","MZ576293","A/D","D","2018.71","United Kingdom",2018.71,"Europe","Europe","MZ576293_Europe_A/D_United-Kingdom_2018.71"
"726","OQ933673","A/D","D","2018.715","Spain",2018.715,"Europe","Europe","OQ933673_Europe_A/D_Spain_2018.715"
"727","OQ933663","A/D","D","2018.723","Spain",2018.723,"Europe","Europe","OQ933663_Europe_A/D_Spain_2018.723"
"728","OK085434","A/D","D","[2018.915:2018.989]","Australia",2018.989,"Australia and New Zealand","External","OK085434_External_A/D_Australia_2018.989"
"729","MN403296","A/D","D","2018.737","Spain",2018.737,"Europe","Europe","MN403296_Europe_A/D_Spain_2018.737"
"730","MT789749","A/D","D","2018.688","France",2018.688,"Europe","Europe","MT789749_Europe_A/D_France_2018.688"
"731","MN403120","A/D","D","2018.597","Spain",2018.597,"Europe","Europe","MN403120_Europe_A/D_Spain_2018.597"
"732","MK121727","A/D","D","2018.77","France",2018.77,"Europe","Europe","MK121727_Europe_A/D_France_2018.77"
"733","MZ576299","A/D","D","2018.718","United Kingdom",2018.718,"Europe","Europe","MZ576299_Europe_A/D_United-Kingdom_2018.718"
"734","MT789750","A/D","D","2018.66","France",2018.66,"Europe","Europe","MT789750_Europe_A/D_France_2018.66"
"735","MK301341","A/D","D","2018.712","Italy",2018.712,"Europe","Europe","MK301341_Europe_A/D_Italy_2018.712"
"736","MZ576347","A/D","D","2018.929","United Kingdom",2018.929,"Europe","Europe","MZ576347_Europe_A/D_United-Kingdom_2018.929"
"737","OQ933681","A/D","D","2018.742","Spain",2018.742,"Europe","Europe","OQ933681_Europe_A/D_Spain_2018.742"
"738","MN403269","A/D","D","2018.775","Spain",2018.775,"Europe","Europe","MN403269_Europe_A/D_Spain_2018.775"
"739","OQ933671","A/D","D","2018.71","Spain",2018.71,"Europe","Europe","OQ933671_Europe_A/D_Spain_2018.71"
"740","MN245406","A/D","D","2018.658","Switzerland",2018.658,"Europe","Europe","MN245406_Europe_A/D_Switzerland_2018.658"
"741","MZ576317","A/D","D","2018.762","United Kingdom",2018.762,"Europe","Europe","MZ576317_Europe_A/D_United-Kingdom_2018.762"
"742","OQ933701","A/D","D","2018.751","Spain",2018.751,"Europe","Europe","OQ933701_Europe_A/D_Spain_2018.751"
"743","MN403292","A/D","D","2018.693","Spain",2018.693,"Europe","Europe","MN403292_Europe_A/D_Spain_2018.693"
"744","OQ933694","A/D","D","2018.729","Spain",2018.729,"Europe","Europe","OQ933694_Europe_A/D_Spain_2018.729"
"745","OQ933682","A/D","D","2018.751","Spain",2018.751,"Europe","Europe","OQ933682_Europe_A/D_Spain_2018.751"
"746","OQ933680","A/D","D","2018.74","Spain",2018.74,"Europe","Europe","OQ933680_Europe_A/D_Spain_2018.74"
"747","MN403275","A/D","D","2018.789","Spain",2018.789,"Europe","Europe","MN403275_Europe_A/D_Spain_2018.789"
"748","OQ933676","A/D","D","2018.723","Spain",2018.723,"Europe","Europe","OQ933676_Europe_A/D_Spain_2018.723"
"749","OQ933666","A/D","D","2018.748","Spain",2018.748,"Europe","Europe","OQ933666_Europe_A/D_Spain_2018.748"
"750","OQ933672","A/D","D","2018.71","Spain",2018.71,"Europe","Europe","OQ933672_Europe_A/D_Spain_2018.71"
"751","MN726793","A/D","D","2018.729","Netherlands",2018.729,"Europe","Europe","MN726793_Europe_A/D_Netherlands_2018.729"
"752","OQ933693","A/D","D","2018.723","Spain",2018.723,"Europe","Europe","OQ933693_Europe_A/D_Spain_2018.723"
"753","OR179062","A/D","D","2018.992","Netherlands",2018.992,"Europe","Europe","OR179062_Europe_A/D_Netherlands_2018.992"
"754","OQ933704","A/D","D","2018.775","Spain",2018.775,"Europe","Europe","OQ933704_Europe_A/D_Spain_2018.775"
"755","OQ933696","A/D","D","2018.734","Spain",2018.734,"Europe","Europe","OQ933696_Europe_A/D_Spain_2018.734"
"756","MK419075","A/D","D","2018.778","USA",2018.778,"North America","North America","MK419075_North-America_A/D_USA_2018.778"
"757","MK419062","A/D","D","2018.751","USA",2018.751,"North America","North America","MK419062_North-America_A/D_USA_2018.751"
"758","MZ576348","A/D","D","2018.94","United Kingdom",2018.94,"Europe","Europe","MZ576348_Europe_A/D_United-Kingdom_2018.94"
"759","MZ576350","A/D","D","2018.948","United Kingdom",2018.948,"Europe","Europe","MZ576350_Europe_A/D_United-Kingdom_2018.948"
"760","MZ576336","A/D","D","2018.811","United Kingdom",2018.811,"Europe","Europe","MZ576336_Europe_A/D_United-Kingdom_2018.811"
"761","MZ576334","A/D","D","2018.805","United Kingdom",2018.805,"Europe","Europe","MZ576334_Europe_A/D_United-Kingdom_2018.805"
"762","MK419057","A/D","D","2018.74","USA",2018.74,"North America","North America","MK419057_North-America_A/D_USA_2018.74"
"763","MK419039","A/D","D","2018.682","USA",2018.682,"North America","North America","MK419039_North-America_A/D_USA_2018.682"
"764","OQ933695","A/D","D","2018.729","Spain",2018.729,"Europe","Europe","OQ933695_Europe_A/D_Spain_2018.729"
"765","MK419079","A/D","D","2018.797","USA",2018.797,"North America","North America","MK419079_North-America_A/D_USA_2018.797"
"766","MK419066","A/D","D","2018.759","USA",2018.759,"North America","North America","MK419066_North-America_A/D_USA_2018.759"
"767","MK419069","A/D","D","2018.767","USA",2018.767,"North America","North America","MK419069_North-America_A/D_USA_2018.767"
"768","MK419063","A/D","D","2018.751","USA",2018.751,"North America","North America","MK419063_North-America_A/D_USA_2018.751"
"769","MK419060","A/D","D","2018.745","USA",2018.745,"North America","North America","MK419060_North-America_A/D_USA_2018.745"
"770","MZ576333","A/D","D","2018.8","United Kingdom",2018.8,"Europe","Europe","MZ576333_Europe_A/D_United-Kingdom_2018.8"
"771","MN245433","A/D","D","2018.907","Spain",2018.907,"Europe","Europe","MN245433_Europe_A/D_Spain_2018.907"
"772","OQ933689","A/D","D","2018.712","Spain",2018.712,"Europe","Europe","OQ933689_Europe_A/D_Spain_2018.712"
"773","MK301340","A/D","D","2018.707","Italy",2018.707,"Europe","Europe","MK301340_Europe_A/D_Italy_2018.707"
"774","MZ576346","A/D","D","2018.888","United Kingdom",2018.888,"Europe","Europe","MZ576346_Europe_A/D_United-Kingdom_2018.888"
"775","MK121723","A/D","D","2018.704","France",2018.704,"Europe","Europe","MK121723_Europe_A/D_France_2018.704"
"776","MZ576318","A/D","D","2018.762","United Kingdom",2018.762,"Europe","Europe","MZ576318_Europe_A/D_United-Kingdom_2018.762"
"777","MZ576322","A/D","D","2018.767","United Kingdom",2018.767,"Europe","Europe","MZ576322_Europe_A/D_United-Kingdom_2018.767"
"778","MZ576310","A/D","D","2018.748","United Kingdom",2018.748,"Europe","Europe","MZ576310_Europe_A/D_United-Kingdom_2018.748"
"779","OQ933692","A/D","D","2018.723","Spain",2018.723,"Europe","Europe","OQ933692_Europe_A/D_Spain_2018.723"
"780","MN245422","A/D","D","2018.786","Spain",2018.786,"Europe","Europe","MN245422_Europe_A/D_Spain_2018.786"
"781","MZ576284","A/D","D","2018.679","United Kingdom",2018.679,"Europe","Europe","MZ576284_Europe_A/D_United-Kingdom_2018.679"
"782","MZ576305","A/D","D","2018.734","United Kingdom",2018.734,"Europe","Europe","MZ576305_Europe_A/D_United-Kingdom_2018.734"
"783","MN245429","A/D","D","2018.786","Spain",2018.786,"Europe","Europe","MN245429_Europe_A/D_Spain_2018.786"
"784","MZ576349","A/D","D","2018.942","United Kingdom",2018.942,"Europe","Europe","MZ576349_Europe_A/D_United-Kingdom_2018.942"
"785","MK121725","A/D","D","2018.638","France",2018.638,"Europe","Europe","MK121725_Europe_A/D_France_2018.638"
"786","OQ933703","A/D","D","2018.773","Spain",2018.773,"Europe","Europe","OQ933703_Europe_A/D_Spain_2018.773"
"787","OQ933700","A/D","D","2018.748","Spain",2018.748,"Europe","Europe","OQ933700_Europe_A/D_Spain_2018.748"
"788","MN245420","A/D","D","2018.734","Spain",2018.734,"Europe","Europe","MN245420_Europe_A/D_Spain_2018.734"
"789","MK121721","A/D","D","2018.671","France",2018.671,"Europe","Europe","MK121721_Europe_A/D_France_2018.671"
"790","MZ576332","A/D","D","2018.797","United Kingdom",2018.797,"Europe","Europe","MZ576332_Europe_A/D_United-Kingdom_2018.797"
"791","MZ576309","A/D","D","2018.745","United Kingdom",2018.745,"Europe","Europe","MZ576309_Europe_A/D_United-Kingdom_2018.745"
"792","OQ933705","A/D","D","2018.789","Spain",2018.789,"Europe","Europe","OQ933705_Europe_A/D_Spain_2018.789"
"793","MT789753","A/D","D","2018.701","France",2018.701,"Europe","Europe","MT789753_Europe_A/D_France_2018.701"
"794","MT789752","A/D","D","2018.66","France",2018.66,"Europe","Europe","MT789752_Europe_A/D_France_2018.66"
"795","MT789754","A/D","D","2018.729","France",2018.729,"Europe","Europe","MT789754_Europe_A/D_France_2018.729"
"796","MN245424","A/D","D","2018.805","Spain",2018.805,"Europe","Europe","MN245424_Europe_A/D_Spain_2018.805"
"797","LC481143","A/D","D","2017.43","Philippines",2017.43,"South-Eastern Asia","External","LC481143_External_A/D_Philippines_2017.43"
"798","MG757146","A/D","D","2017.69","USA",2017.69,"North America","North America","MG757146_North-America_A/D_USA_2017.69"
"799","MN365199","A/D","D","[2017.841:2017.912]","USA",2017.850369,"North America","North America","MN365199_North-America_A/D_USA_2017.85"
"800","MZ576342","A/D","D","2018.847","United Kingdom",2018.847,"Europe","Europe","MZ576342_Europe_A/D_United-Kingdom_2018.847"
"801","MN018261","A/D","D","2017.737","United Kingdom",2017.737,"Europe","Europe","MN018261_Europe_A/D_United-Kingdom_2017.737"
"802","MH780687","A/D","D","[2017:2017.997]","Hong Kong",2017.549612,"Eastern Asia","External","MH780687_External_A/D_Hong-Kong_2017.55"
"803","OR179075","A/D","D","2019.981","Netherlands",2019.981,"Europe","Europe","OR179075_Europe_A/D_Netherlands_2019.981"
"804","OQ285849","A/D","D","2019.981","Netherlands",2019.981,"Europe","Europe","OQ285849_Europe_A/D_Netherlands_2019.981"
"805","MT543145","A/D","D","2018.625","China",2018.625,"Eastern Asia","External","MT543145_External_A/D_China_2018.625"
"806","MN245430","A/D","D","2018.844","Spain",2018.844,"Europe","Europe","MN245430_Europe_A/D_Spain_2018.844"
"807","MN403290","A/D","D","2018.71","Spain",2018.71,"Europe","Europe","MN403290_Europe_A/D_Spain_2018.71"
"808","MN403291","A/D","D","2018.71","Spain",2018.71,"Europe","Europe","MN403291_Europe_A/D_Spain_2018.71"
"809","MK121728","A/D","D","2018.767","France",2018.767,"Europe","Europe","MK121728_Europe_A/D_France_2018.767"
"810","MT641384","A/D","D","2017.797","United Kingdom",2017.797,"Europe","Europe","MT641384_Europe_A/D_United-Kingdom_2017.797"
"811","LC481169","A/D","D","2016.199","Philippines",2016.199,"South-Eastern Asia","External","LC481169_External_A/D_Philippines_2016.199"
"812","LC481170","A/D","D","2016.257","Philippines",2016.257,"South-Eastern Asia","External","LC481170_External_A/D_Philippines_2016.257"
"813","MK301349","A/D","D","2018.737","Italy",2018.737,"Europe","Europe","MK301349_Europe_A/D_Italy_2018.737"
"814","OQ933665","A/D","D","2018.732","Spain",2018.732,"Europe","Europe","OQ933665_Europe_A/D_Spain_2018.732"
"815","OQ933686","A/D","D","2018.704","Spain",2018.704,"Europe","Europe","OQ933686_Europe_A/D_Spain_2018.704"
"816","OR179052","A/D","D","2018.753","Netherlands",2018.753,"Europe","Europe","OR179052_Europe_A/D_Netherlands_2018.753"
"817","MN245442","A/D","D","2018.753","Netherlands",2018.753,"Europe","Europe","MN245442_Europe_A/D_Netherlands_2018.753"
"818","MN403129","A/D","D","2017.995","Spain",2017.995,"Europe","Europe","MN403129_Europe_A/D_Spain_2017.995"
"819","LC481215","A/D","D","2018.236","Philippines",2018.236,"South-Eastern Asia","External","LC481215_External_A/D_Philippines_2018.236"
"820","LC481216","A/D","D","2018.255","Philippines",2018.255,"South-Eastern Asia","External","LC481216_External_A/D_Philippines_2018.255"
"821","LC481152","A/D","D","2018.479","Philippines",2018.479,"South-Eastern Asia","External","LC481152_External_A/D_Philippines_2018.479"
"822","LC481178","A/D","D","2018.271","Philippines",2018.271,"South-Eastern Asia","External","LC481178_External_A/D_Philippines_2018.271"
"823","LC481214","A/D","D","2018.195","Philippines",2018.195,"South-Eastern Asia","External","LC481214_External_A/D_Philippines_2018.195"
"824","LC481151","A/D","D","2018.307","Philippines",2018.307,"South-Eastern Asia","External","LC481151_External_A/D_Philippines_2018.307"
"825","LC481179","A/D","D","2018.808","Philippines",2018.808,"South-Eastern Asia","External","LC481179_External_A/D_Philippines_2018.808"
"826","LC481217","A/D","D","2018.811","Philippines",2018.811,"South-Eastern Asia","External","LC481217_External_A/D_Philippines_2018.811"
"827","LC481180","A/D","D","2018.89","Philippines",2018.89,"South-Eastern Asia","External","LC481180_External_A/D_Philippines_2018.89"
"828","LC629449","A/D","D","2018.674","Philippines",2018.674,"South-Eastern Asia","External","LC629449_External_A/D_Philippines_2018.674"
"829","LC481153","A/D","D","2018.734","Philippines",2018.734,"South-Eastern Asia","External","LC481153_External_A/D_Philippines_2018.734"
"830","LC481154","A/D","D","2018.786","Philippines",2018.786,"South-Eastern Asia","External","LC481154_External_A/D_Philippines_2018.786"
"831","MG547208","A/D","D","[2016.833:2016.904]","China",2016.833,"Eastern Asia","External","MG547208_External_A/D_China_2016.833"
"832","MH780684","A/D","D","[2017:2017.633]","Hong Kong",2017,"Eastern Asia","External","MH780684_External_A/D_Hong-Kong_2017"
"833","MN403146","A/D","D","2018.005","Spain",2018.005,"Europe","Europe","MN403146_Europe_A/D_Spain_2018.005"
"834","MT641393","A/D","D","2017.948","United Kingdom",2017.948,"Europe","Europe","MT641393_Europe_A/D_United-Kingdom_2017.948"
"835","OQ933685","A/D","D","2018.699","Spain",2018.699,"Europe","Europe","OQ933685_Europe_A/D_Spain_2018.699"
"836","MN403271","A/D","D","2018.773","Spain",2018.773,"Europe","Europe","MN403271_Europe_A/D_Spain_2018.773"
"837","OQ933684","A/D","D","2018.468","Spain",2018.468,"Europe","Europe","OQ933684_Europe_A/D_Spain_2018.468"
"838","OR179050","A/D","D","2018.734","Netherlands",2018.734,"Europe","Europe","OR179050_Europe_A/D_Netherlands_2018.734"
"839","MK121722","A/D","D","2018.679","France",2018.679,"Europe","Europe","MK121722_Europe_A/D_France_2018.679"
"840","MK301339","A/D","D","2018.699","Italy",2018.699,"Europe","Europe","MK301339_Europe_A/D_Italy_2018.699"
"841","MZ576283","A/D","D","2018.674","United Kingdom",2018.674,"Europe","Europe","MZ576283_Europe_A/D_United-Kingdom_2018.674"
"842","MK301344","A/D","D","2018.729","Italy",2018.729,"Europe","Europe","MK301344_Europe_A/D_Italy_2018.729"
"843","MN245408","A/D","D","2018.718","Switzerland",2018.718,"Europe","Europe","MN245408_Europe_A/D_Switzerland_2018.718"
"844","MK301355","A/D","D","2018.808","Italy",2018.808,"Europe","Europe","MK301355_Europe_A/D_Italy_2018.808"
"845","MN245399","A/D","D","2018.74","Belgium",2018.74,"Europe","Europe","MN245399_Europe_A/D_Belgium_2018.74"
"846","OR179044","A/D","D","2018.718","Netherlands",2018.718,"Europe","Europe","OR179044_Europe_A/D_Netherlands_2018.718"
"847","MN245436","A/D","D","2018.718","Netherlands",2018.718,"Europe","Europe","MN245436_Europe_A/D_Netherlands_2018.718"
"848","OR179042","A/D","D","2018.6","Netherlands",2018.6,"Europe","Europe","OR179042_Europe_A/D_Netherlands_2018.6"
"849","MN018257","A/D","D","2018.934","United Kingdom",2018.934,"Europe","Europe","MN018257_Europe_A/D_United-Kingdom_2018.934"
"850","MK301343","A/D","D","2018.721","Italy",2018.721,"Europe","Europe","MK301343_Europe_A/D_Italy_2018.721"
"851","MK419078","A/D","D","2018.797","USA",2018.797,"North America","North America","MK419078_North-America_A/D_USA_2018.797"
"852","MK419077","A/D","D","2018.789","USA",2018.789,"North America","North America","MK419077_North-America_A/D_USA_2018.789"
"853","OR179060","A/D","D","2018.882","Netherlands",2018.882,"Europe","Europe","OR179060_Europe_A/D_Netherlands_2018.882"
"854","MN245411","A/D","D","2018.753","Switzerland",2018.753,"Europe","Europe","MN245411_Europe_A/D_Switzerland_2018.753"
"855","MN018255","A/D","D","2018.693","United Kingdom",2018.693,"Europe","Europe","MN018255_Europe_A/D_United-Kingdom_2018.693"
"856","MN245437","A/D","D","2018.729","Netherlands",2018.729,"Europe","Europe","MN245437_Europe_A/D_Netherlands_2018.729"
"857","MK301345","A/D","D","2018.729","Italy",2018.729,"Europe","Europe","MK301345_Europe_A/D_Italy_2018.729"
"858","MN018256","A/D","D","2018.83","United Kingdom",2018.83,"Europe","Europe","MN018256_Europe_A/D_United-Kingdom_2018.83"
"859","OR179045","A/D","D","2018.729","Netherlands",2018.729,"Europe","Europe","OR179045_Europe_A/D_Netherlands_2018.729"
"860","MN894273","A/D","D","[2019.748:2019.83]","Germany",2019.76922,"Europe","Europe","MN894273_Europe_A/D_Germany_2019.769"
"861","OQ139561","A/D","D","2019.786","Netherlands",2019.786,"Europe","Europe","OQ139561_Europe_A/D_Netherlands_2019.786"
"862","MN726798","A/D","D","2019.786","Netherlands",2019.786,"Europe","Europe","MN726798_Europe_A/D_Netherlands_2019.786"
"863","MT789751","A/D","D","2018.452","France",2018.452,"Europe","Europe","MT789751_Europe_A/D_France_2018.452"
"864","MZ062100","A/D","D","2018.575","Senegal",2018.575,"Western Africa","External","MZ062100_External_A/D_Senegal_2018.575"
"865","OQ933717","A/D","D","2018.808","Spain",2018.808,"Europe","Europe","OQ933717_Europe_A/D_Spain_2018.808"
"866","MT795859","A/D","D","2018.786","France",2018.786,"Europe","Europe","MT795859_Europe_A/D_France_2018.786"
"867","MN403125","A/D","D","2018.633","Spain",2018.633,"Europe","Europe","MN403125_Europe_A/D_Spain_2018.633"
"868","MN403272","A/D","D","2018.767","Spain",2018.767,"Europe","Europe","MN403272_Europe_A/D_Spain_2018.767"
"869","MN403149","A/D","D","2018.047","Spain",2018.047,"Europe","Europe","MN403149_Europe_A/D_Spain_2018.047"
"870","MN403147","A/D","D","2018.022","Spain",2018.022,"Europe","Europe","MN403147_Europe_A/D_Spain_2018.022"
"871","MN403134","A/D","D","2017.915","Spain",2017.915,"Europe","Europe","MN403134_Europe_A/D_Spain_2017.915"
"872","MZ576351","A/D","D","2018.797","United Kingdom",2018.797,"Europe","Europe","MZ576351_Europe_A/D_United-Kingdom_2018.797"
"873","MK121720","A/D","D","2018.663","France",2018.663,"Europe","Europe","MK121720_Europe_A/D_France_2018.663"
"874","MZ576298","A/D","D","2018.718","United Kingdom",2018.718,"Europe","Europe","MZ576298_Europe_A/D_United-Kingdom_2018.718"
"875","MN403132","A/D","D","2017.959","Spain",2017.959,"Europe","Europe","MN403132_Europe_A/D_Spain_2017.959"
"876","MN403131","A/D","D","2017.967","Spain",2017.967,"Europe","Europe","MN403131_Europe_A/D_Spain_2017.967"
"877","MZ576352","A/D","D","2018.816","United Kingdom",2018.816,"Europe","Europe","MZ576352_Europe_A/D_United-Kingdom_2018.816"
"878","MT789755","A/D","D","2018.795","France",2018.795,"Europe","Europe","MT789755_Europe_A/D_France_2018.795"
"879","OQ933713","A/D","D","2018.715","Spain",2018.715,"Europe","Europe","OQ933713_Europe_A/D_Spain_2018.715"
"880","OQ933687","A/D","D","2018.71","Spain",2018.71,"Europe","Europe","OQ933687_Europe_A/D_Spain_2018.71"
"881","OQ933662","A/D","D","2018.71","Spain",2018.71,"Europe","Europe","OQ933662_Europe_A/D_Spain_2018.71"
"882","OQ933690","A/D","D","2018.715","Spain",2018.715,"Europe","Europe","OQ933690_Europe_A/D_Spain_2018.715"
"883","OQ933674","A/D","D","2018.718","Spain",2018.718,"Europe","Europe","OQ933674_Europe_A/D_Spain_2018.718"
"884","OQ933691","A/D","D","2018.718","Spain",2018.718,"Europe","Europe","OQ933691_Europe_A/D_Spain_2018.718"
"885","OQ933683","A/D","D","2018.756","Spain",2018.756,"Europe","Europe","OQ933683_Europe_A/D_Spain_2018.756"
"886","MN403130","A/D","D","2017.992","Spain",2017.992,"Europe","Europe","MN403130_Europe_A/D_Spain_2017.992"
"887","MN403148","A/D","D","2018.005","Spain",2018.005,"Europe","Europe","MN403148_Europe_A/D_Spain_2018.005"
"888","OQ933679","A/D","D","2018.734","Spain",2018.734,"Europe","Europe","OQ933679_Europe_A/D_Spain_2018.734"
"889","OQ933715","A/D","D","2018.753","Spain",2018.753,"Europe","Europe","OQ933715_Europe_A/D_Spain_2018.753"
"890","MZ576337","A/D","D","2018.814","United Kingdom",2018.814,"Europe","Europe","MZ576337_Europe_A/D_United-Kingdom_2018.814"
"891","MT795860","A/D","D","2018.827","France",2018.827,"Europe","Europe","MT795860_Europe_A/D_France_2018.827"
"892","MK121718","A/D","D","2018.712","France",2018.712,"Europe","Europe","MK121718_Europe_A/D_France_2018.712"
"893","MK301338","A/D","D","2018.693","Italy",2018.693,"Europe","Europe","MK301338_Europe_A/D_Italy_2018.693"
"894","MK301342","A/D","D","2018.712","Italy",2018.712,"Europe","Europe","MK301342_Europe_A/D_Italy_2018.712"
"895","MK301346","A/D","D","2018.729","Italy",2018.729,"Europe","Europe","MK301346_Europe_A/D_Italy_2018.729"
"896","OR179039","A/D","D","2018.685","Netherlands",2018.685,"Europe","Europe","OR179039_Europe_A/D_Netherlands_2018.685"
"897","MN726788","A/D","D","2018.712","Netherlands",2018.712,"Europe","Europe","MN726788_Europe_A/D_Netherlands_2018.712"
"898","MZ576300","A/D","D","2018.723","United Kingdom",2018.723,"Europe","Europe","MZ576300_Europe_A/D_United-Kingdom_2018.723"
"899","OQ933675","A/D","D","2018.721","Spain",2018.721,"Europe","Europe","OQ933675_Europe_A/D_Spain_2018.721"
"900","MZ576285","A/D","D","2018.682","United Kingdom",2018.682,"Europe","Europe","MZ576285_Europe_A/D_United-Kingdom_2018.682"
"901","OR179048","A/D","D","2018.767","Netherlands",2018.767,"Europe","Europe","OR179048_Europe_A/D_Netherlands_2018.767"
"902","MK121730","A/D","D","2018.759","France",2018.759,"Europe","Europe","MK121730_Europe_A/D_France_2018.759"
"903","MN245407","A/D","D","2018.666","Switzerland",2018.666,"Europe","Europe","MN245407_Europe_A/D_Switzerland_2018.666"
"904","OQ933678","A/D","D","2018.729","Spain",2018.729,"Europe","Europe","OQ933678_Europe_A/D_Spain_2018.729"
"905","OQ933697","A/D","D","2018.734","Spain",2018.734,"Europe","Europe","OQ933697_Europe_A/D_Spain_2018.734"
"906","OR179049","A/D","D","2018.751","Netherlands",2018.751,"Europe","Europe","OR179049_Europe_A/D_Netherlands_2018.751"
"907","OQ933677","A/D","D","2018.729","Spain",2018.729,"Europe","Europe","OQ933677_Europe_A/D_Spain_2018.729"
"908","MK301337","A/D","D","2018.682","Italy",2018.682,"Europe","Europe","MK301337_Europe_A/D_Italy_2018.682"
"909","MN726789","A/D","D","2018.655","Netherlands",2018.655,"Europe","Europe","MN726789_Europe_A/D_Netherlands_2018.655"
"910","MN245427","A/D","D","2018.693","Spain",2018.693,"Europe","Europe","MN245427_Europe_A/D_Spain_2018.693"
"911","MK377398","A/D","D","2018.734","United Kingdom",2018.734,"Europe","Europe","MK377398_Europe_A/D_United-Kingdom_2018.734"
"912","MN018259","A/D","D","2018.734","United Kingdom",2018.734,"Europe","Europe","MN018259_Europe_A/D_United-Kingdom_2018.734"
"913","MN018258","A/D","D","2018.74","United Kingdom",2018.74,"Europe","Europe","MN018258_Europe_A/D_United-Kingdom_2018.74"
"914","MK377405","A/D","D","2018.734","United Kingdom",2018.734,"Europe","Europe","MK377405_Europe_A/D_United-Kingdom_2018.734"
"915","MZ576326","A/D","D","2018.778","United Kingdom",2018.778,"Europe","Europe","MZ576326_Europe_A/D_United-Kingdom_2018.778"
"916","MN245439","A/D","D","2018.759","Netherlands",2018.759,"Europe","Europe","MN245439_Europe_A/D_Netherlands_2018.759"
"917","OR179047","A/D","D","2018.762","Netherlands",2018.762,"Europe","Europe","OR179047_Europe_A/D_Netherlands_2018.762"
"918","MN403258","A/D","D","2018.866","Spain",2018.866,"Europe","Europe","MN403258_Europe_A/D_Spain_2018.866"
"919","MT795858","A/D","D","2018.732","France",2018.732,"Europe","Europe","MT795858_Europe_A/D_France_2018.732"
"920","MN403169","A/D","D","2018.575","Spain",2018.575,"Europe","Europe","MN403169_Europe_A/D_Spain_2018.575"
"921","MN245440","A/D","D","2018.767","Netherlands",2018.767,"Europe","Europe","MN245440_Europe_A/D_Netherlands_2018.767"
"922","MN245413","A/D","D","2018.712","Spain",2018.712,"Europe","Europe","MN245413_Europe_A/D_Spain_2018.712"
"923","MN245421","A/D","D","2018.748","Spain",2018.748,"Europe","Europe","MN245421_Europe_A/D_Spain_2018.748"
"924","MK121724","A/D","D","2018.71","France",2018.71,"Europe","Europe","MK121724_Europe_A/D_France_2018.71"
"925","MK301336","A/D","D","2018.671","Italy",2018.671,"Europe","Europe","MK301336_Europe_A/D_Italy_2018.671"
"926","MN403168","A/D","D","2018.564","Spain",2018.564,"Europe","Europe","MN403168_Europe_A/D_Spain_2018.564"
"927","MZ576338","A/D","D","2018.814","United Kingdom",2018.814,"Europe","Europe","MZ576338_Europe_A/D_United-Kingdom_2018.814"
"928","MN403123","A/D","D","2018.66","Spain",2018.66,"Europe","Europe","MN403123_Europe_A/D_Spain_2018.66"
"929","MN245434","A/D","D","2018.685","Netherlands",2018.685,"Europe","Europe","MN245434_Europe_A/D_Netherlands_2018.685"
"930","MK301350","A/D","D","2018.74","Italy",2018.74,"Europe","Europe","MK301350_Europe_A/D_Italy_2018.74"
"931","MZ576303","A/D","D","2018.734","United Kingdom",2018.734,"Europe","Europe","MZ576303_Europe_A/D_United-Kingdom_2018.734"
"932","OQ933698","A/D","D","2018.74","Spain",2018.74,"Europe","Europe","OQ933698_Europe_A/D_Spain_2018.74"
"933","MN245398","A/D","D","2018.803","Belgium",2018.803,"Europe","Europe","MN245398_Europe_A/D_Belgium_2018.803"
"934","KP455263","B/C","Other","[1998:1998.997]","Canada",1998,"North America","North America","KP455263_North-America_B/C_Canada_1998"
"935","AY426497","B/C","Other","[1998:1998.997]","USA",1998.060074,"North America","North America","AY426497_North-America_B/C_USA_1998.06"
"936","KP455262","B/C","Other","[1997:1997.997]","Canada",1997,"North America","North America","KP455262_North-America_B/C_Canada_1997"
"937","JF830018","B/C","Other","1997.781","Netherlands",1997.781,"Europe","Europe","JF830018_Europe_B/C_Netherlands_1997.781"
"938","EF107098","B/C","Other","[1998.542:1998.997]","France",1998.997,"Europe","Europe","EF107098_Europe_B/C_France_1998.997"
"939","JF830019","B/C","Other","1998.855","Netherlands",1998.855,"Europe","Europe","JF830019_Europe_B/C_Netherlands_1998.855"
"940","JX101798","B/C","Other","[2000.505:2000.579]","South Africa",2000.579,"Southern Africa","External","JX101798_External_B/C_South-Africa_2000.579"
"941","JX101796","B/C","Other","[2001.247:2001.318]","South Africa",2001.247,"Southern Africa","External","JX101796_External_B/C_South-Africa_2001.247"
"942","JX101797","B/C","Other","[2000.339:2000.413]","South Africa",2000.413,"Southern Africa","External","JX101797_External_B/C_South-Africa_2000.413"
"943","JX101801","B/C","Other","[2000.339:2000.413]","South Africa",2000.413,"Southern Africa","External","JX101801_External_B/C_South-Africa_2000.413"
"944","KP455261","B/C","Other","[1999.266:1999.997]","Canada",1999.857641,"North America","North America","KP455261_North-America_B/C_Canada_1999.858"
"945","AY426498","B/C","Other","[1999:1999.997]","USA",1999.590403,"North America","North America","AY426498_North-America_B/C_USA_1999.59"
"946","JF830017","B/C","Other","1996.694","Netherlands",1996.694,"Europe","Europe","JF830017_Europe_B/C_Netherlands_1996.694"
"947","JF830020","B/C","Other","1999.778","Netherlands",1999.778,"Europe","Europe","JF830020_Europe_B/C_Netherlands_1999.778"
"948","JX101799","B/C","Other","[2000.505:2000.579]","South Africa",2000.505,"Southern Africa","External","JX101799_External_B/C_South-Africa_2000.505"
"949","JX101795","B/C","Other","[2001.329:2001.403]","South Africa",2001.403,"Southern Africa","External","JX101795_External_B/C_South-Africa_2001.403"
"950","JX101800","B/C","Other","[2000.505:2000.579]","South Africa",2000.579,"Southern Africa","External","JX101800_External_B/C_South-Africa_2000.579"
"951","KX433166","B/C","Other","2000.705","USA",2000.705,"North America","North America","KX433166_North-America_B/C_USA_2000.705"
"952","KX255353","B/C","Other","2000.639","USA",2000.639,"North America","North America","KX255353_North-America_B/C_USA_2000.639"
"953","AY426494","B/C","Other","[2000.587:2000.997]","USA",2000.997,"North America","North America","AY426494_North-America_B/C_USA_2000.997"
"954","KX255405","B/C","Other","2000.765","USA",2000.765,"North America","North America","KX255405_North-America_B/C_USA_2000.765"
"955","MN240497","B/C","Other","[2000:2000.997]","USA",2000.672537,"North America","North America","MN240497_North-America_B/C_USA_2000.673"
"956","AY426493","B/C","Other","[2000:2000.997]","USA",2000.672537,"North America","North America","AY426493_North-America_B/C_USA_2000.673"
"957","JF830021","B/C","Other","2000.033","Netherlands",2000.033,"Europe","Europe","JF830021_Europe_B/C_Netherlands_2000.033"
"958","KX255391","B/C","Other","2000.686","USA",2000.686,"North America","North America","KX255391_North-America_B/C_USA_2000.686"
"959","KX255357","B/C","Other","2000.716","USA",2000.716,"North America","North America","KX255357_North-America_B/C_USA_2000.716"
"960","MN240500","B/C","Other","[2003:2003.997]","USA",2003.997,"North America","North America","MN240500_North-America_B/C_USA_2003.997"
"961","MN240498","B/C","Other","[2002:2002.838]","USA",2002.838,"North America","North America","MN240498_North-America_B/C_USA_2002.838"
"962","KX384960","B/C","Other","2002.912","USA",2002.912,"North America","North America","KX384960_North-America_B/C_USA_2002.912"
"963","JF830074","B/C","Other","2004.989","Netherlands",2004.989,"Europe","Europe","JF830074_Europe_B/C_Netherlands_2004.989"
"964","JF830079","B/C","Other","2004.986","Netherlands",2004.986,"Europe","Europe","JF830079_Europe_B/C_Netherlands_2004.986"
"965","JF830078","B/C","Other","2004.91","Netherlands",2004.91,"Europe","Europe","JF830078_Europe_B/C_Netherlands_2004.91"
"966","JF830075","B/C","Other","2004.833","Netherlands",2004.833,"Europe","Europe","JF830075_Europe_B/C_Netherlands_2004.833"
"967","KX255388","B/C","Other","2003.668","USA",2003.668,"North America","North America","KX255388_North-America_B/C_USA_2003.668"
"968","KX255410","B/C","Other","2003.71","USA",2003.71,"North America","North America","KX255410_North-America_B/C_USA_2003.71"
"969","KX255372","B/C","Other","2003.838","USA",2003.838,"North America","North America","KX255372_North-America_B/C_USA_2003.838"
"970","KX255400","B/C","Other","2003.77","USA",2003.77,"North America","North America","KX255400_North-America_B/C_USA_2003.77"
"971","AY426492","B/C","Other","[2002.556:2002.997]","USA",2002.997,"North America","North America","AY426492_North-America_B/C_USA_2002.997"
"972","MN240509","B/C","Other","[2003:2003.556]","USA",2003,"North America","North America","MN240509_North-America_B/C_USA_2003"
"973","AY426491","B/C","Other","[2002:2002.997]","USA",2002.903081,"North America","North America","AY426491_North-America_B/C_USA_2002.903"
"974","MN240511","B/C","Other","[2003:2003.997]","USA",2003.148304,"North America","North America","MN240511_North-America_B/C_USA_2003.148"
"975","MN240502","B/C","Other","[2003:2003.997]","USA",2003.973741,"North America","North America","MN240502_North-America_B/C_USA_2003.974"
"976","KP455289","B/C","Other","[2005:2005.822]","Canada",2005,"North America","North America","KP455289_North-America_B/C_Canada_2005"
"977","JF830031","B/C","Other","2006.896","Netherlands",2006.896,"Europe","Europe","JF830031_Europe_B/C_Netherlands_2006.896"
"978","JF830081","B/C","Other","2006.795","Netherlands",2006.795,"Europe","Europe","JF830081_Europe_B/C_Netherlands_2006.795"
"979","KP455220","B/C","Other","[2005:2005.997]","Canada",2005.997,"North America","North America","KP455220_North-America_B/C_Canada_2005.997"
"980","KP455095","B/C","Other","[2005.142:2005.997]","Canada",2005.997,"North America","North America","KP455095_North-America_B/C_Canada_2005.997"
"981","AB667894","B/C","Other","[2005:2005.997]","Japan",2005.230657,"Eastern Asia","External","AB667894_External_B/C_Japan_2005.231"
"982","AB667892","B/C","Other","[2005.608:2005.997]","Japan",2005.608,"Eastern Asia","External","AB667892_External_B/C_Japan_2005.608"
"983","KX255393","B/C","Other","2005.792","USA",2005.792,"North America","North America","KX255393_North-America_B/C_USA_2005.792"
"984","KX255397","B/C","Other","2007.805","USA",2007.805,"North America","North America","KX255397_North-America_B/C_USA_2007.805"
"985","JF830080","B/C","Other","2006.773","Netherlands",2006.773,"Europe","Europe","JF830080_Europe_B/C_Netherlands_2006.773"
"986","JF830082","B/C","Other","2006.83","Netherlands",2006.83,"Europe","Europe","JF830082_Europe_B/C_Netherlands_2006.83"
"987","JF830030","B/C","C","2006.855","Netherlands",2006.855,"Europe","Europe","JF830030_Europe_B/C_Netherlands_2006.855"
"988","AB667893","B/C","C","[2005.759:2005.997]","Japan",2005.908766,"Eastern Asia","External","AB667893_External_B/C_Japan_2005.909"
"989","AB667887","B/C","C","[2005:2005.997]","Japan",2005.470057,"Eastern Asia","External","AB667887_External_B/C_Japan_2005.47"
"990","AB667890","B/C","C","[2005:2005.997]","Japan",2005.470788,"Eastern Asia","External","AB667890_External_B/C_Japan_2005.471"
"991","AB667888","B/C","C","[2005:2005.997]","Japan",2005.470788,"Eastern Asia","External","AB667888_External_B/C_Japan_2005.471"
"992","AB667891","B/C","C","[2005:2005.997]","Japan",2005.470788,"Eastern Asia","External","AB667891_External_B/C_Japan_2005.471"
"993","AB667889","B/C","C","[2005:2005.997]","Japan",2005.470788,"Eastern Asia","External","AB667889_External_B/C_Japan_2005.471"
"994","AB667886","B/C","C","[2005:2005.997]","Japan",2005.470788,"Eastern Asia","External","AB667886_External_B/C_Japan_2005.471"
"995","AB667885","B/C","C","[2005:2005.997]","Japan",2005.470788,"Eastern Asia","External","AB667885_External_B/C_Japan_2005.471"
"996","KC763157","B/C","C","[2008.749:2008.822]","Italy",2008.749,"Europe","Europe","KC763157_Europe_B/C_Italy_2008.749"
"997","KP137819","B/C","C","2008.907","Iceland",2008.907,"Europe","Europe","KP137819_Europe_B/C_Iceland_2008.907"
"998","AB667895","B/C","C","[2007:2007.997]","Japan",2007,"Eastern Asia","External","AB667895_External_B/C_Japan_2007"
"999","JF830033","B/C","C","2007.753","Netherlands",2007.753,"Europe","Europe","JF830033_Europe_B/C_Netherlands_2007.753"
"1000","KC763160","B/C","C","[2008.757:2008.831]","Italy",2008.806944,"Europe","Europe","KC763160_Europe_B/C_Italy_2008.807"
"1001","JF830084","B/C","C","2008.784","Netherlands",2008.784,"Europe","Europe","JF830084_Europe_B/C_Netherlands_2008.784"
"1002","KP455222","B/C","C","[2008:2008.997]","Canada",2008.602869,"North America","North America","KP455222_North-America_B/C_Canada_2008.603"
"1003","KP455110","B/C","C","[2008:2008.997]","Canada",2008.602869,"North America","North America","KP455110_North-America_B/C_Canada_2008.603"
"1004","KC763173","B/C","C","[2008.833:2008.904]","Italy",2008.833,"Europe","Europe","KC763173_Europe_B/C_Italy_2008.833"
"1005","KC763158","B/C","C","[2008.757:2008.831]","Italy",2008.831,"Europe","Europe","KC763158_Europe_B/C_Italy_2008.831"
"1006","KC763172","B/C","C","[2008.833:2008.913]","Italy",2008.833,"Europe","Europe","KC763172_Europe_B/C_Italy_2008.833"
"1007","JF830041","B/C","C","2008.82","Netherlands",2008.82,"Europe","Europe","JF830041_Europe_B/C_Netherlands_2008.82"
"1008","JF830040","B/C","C","2008.787","Netherlands",2008.787,"Europe","Europe","JF830040_Europe_B/C_Netherlands_2008.787"
"1009","KP455108","B/C","C","[2008.467:2008.997]","Canada",2008.997,"North America","North America","KP455108_North-America_B/C_Canada_2008.997"
"1010","KC763168","B/C","C","[2008.76:2008.831]","Italy",2008.831,"Europe","Europe","KC763168_Europe_B/C_Italy_2008.831"
"1011","KC763171","B/C","C","[2008.833:2008.904]","Italy",2008.833,"Europe","Europe","KC763171_Europe_B/C_Italy_2008.833"
"1012","JF830037","B/C","C","2008.716","Netherlands",2008.716,"Europe","Europe","JF830037_Europe_B/C_Netherlands_2008.716"
"1013","JF830085","B/C","C","2008.863","Netherlands",2008.863,"Europe","Europe","JF830085_Europe_B/C_Netherlands_2008.863"
"1014","JF830042","B/C","C","2008.828","Netherlands",2008.828,"Europe","Europe","JF830042_Europe_B/C_Netherlands_2008.828"
"1015","KT231904","B/C","C","2009.953","Netherlands",2009.953,"Europe","Europe","KT231904_Europe_B/C_Netherlands_2009.953"
"1016","KT231903","B/C","C","2009.953","Netherlands",2009.953,"Europe","Europe","KT231903_Europe_B/C_Netherlands_2009.953"
"1017","JF830050","B/C","C","2009.953","Netherlands",2009.953,"Europe","Europe","JF830050_Europe_B/C_Netherlands_2009.953"
"1018","KP455288","B/C","C","[2010:2010.718]","Canada",2010,"North America","North America","KP455288_North-America_B/C_Canada_2010"
"1019","KX255408","B/C","C","2009.704","USA",2009.704,"North America","North America","KX255408_North-America_B/C_USA_2009.704"
"1020","JF830027","B/C","C","2006.753","Netherlands",2006.753,"Europe","Europe","JF830027_Europe_B/C_Netherlands_2006.753"
"1021","KX261802","B/C","C","2009.71","USA",2009.71,"North America","North America","KX261802_North-America_B/C_USA_2009.71"
"1022","KX261798","B/C","C","2009.679","USA",2009.679,"North America","North America","KX261798_North-America_B/C_USA_2009.679"
"1023","MN240517","B/C","C","[2009:2009.997]","USA",2009,"North America","North America","MN240517_North-America_B/C_USA_2009"
"1024","KX261826","B/C","C","2009.737","USA",2009.737,"North America","North America","KX261826_North-America_B/C_USA_2009.737"
"1025","KX261823","B/C","C","2009.721","USA",2009.721,"North America","North America","KX261823_North-America_B/C_USA_2009.721"
"1026","KX261821","B/C","C","2009.729","USA",2009.729,"North America","North America","KX261821_North-America_B/C_USA_2009.729"
"1027","KX255366","B/C","C","2008.82","USA",2008.82,"North America","North America","KX255366_North-America_B/C_USA_2008.82"
"1028","KX261820","B/C","C","2009.737","USA",2009.737,"North America","North America","KX261820_North-America_B/C_USA_2009.737"
"1029","KX255402","B/C","C","2009.704","USA",2009.704,"North America","North America","KX255402_North-America_B/C_USA_2009.704"
"1030","KX261815","B/C","C","2009.759","USA",2009.759,"North America","North America","KX261815_North-America_B/C_USA_2009.759"
"1031","KX261813","B/C","C","2009.726","USA",2009.726,"North America","North America","KX261813_North-America_B/C_USA_2009.726"
"1032","KX261795","B/C","C","2009.759","USA",2009.759,"North America","North America","KX261795_North-America_B/C_USA_2009.759"
"1033","KX261803","B/C","C","2009.71","USA",2009.71,"North America","North America","KX261803_North-America_B/C_USA_2009.71"
"1034","KP137820","B/C","C","2009.836","Iceland",2009.836,"Europe","Europe","KP137820_Europe_B/C_Iceland_2009.836"
"1035","KX261796","B/C","C","2009.729","USA",2009.729,"North America","North America","KX261796_North-America_B/C_USA_2009.729"
"1036","KX261808","B/C","C","2009.737","USA",2009.737,"North America","North America","KX261808_North-America_B/C_USA_2009.737"
"1037","KX261801","B/C","C","2009.71","USA",2009.71,"North America","North America","KX261801_North-America_B/C_USA_2009.71"
"1038","KX261809","B/C","C","2009.71","USA",2009.71,"North America","North America","KX261809_North-America_B/C_USA_2009.71"
"1039","KX261819","B/C","C","2009.71","USA",2009.71,"North America","North America","KX261819_North-America_B/C_USA_2009.71"
"1040","KX261800","B/C","C","2009.729","USA",2009.729,"North America","North America","KX261800_North-America_B/C_USA_2009.729"
"1041","KX261812","B/C","C","2009.759","USA",2009.759,"North America","North America","KX261812_North-America_B/C_USA_2009.759"
"1042","KX261818","B/C","C","2009.71","USA",2009.71,"North America","North America","KX261818_North-America_B/C_USA_2009.71"
"1043","KX261794","B/C","C","2009.737","USA",2009.737,"North America","North America","KX261794_North-America_B/C_USA_2009.737"
"1044","KX261807","B/C","C","2009.737","USA",2009.737,"North America","North America","KX261807_North-America_B/C_USA_2009.737"
"1045","MT106051","B/C","C","[2008:2008.997]","USA",2008.025074,"North America","North America","MT106051_North-America_B/C_USA_2008.025"
"1046","KP455109","B/C","C","[2008:2008.997]","Canada",2008.025074,"North America","North America","KP455109_North-America_B/C_Canada_2008.025"
"1047","AB601885","B/C","C","[2010.496:2010.57]","Japan",2010.496,"Eastern Asia","External","AB601885_External_B/C_Japan_2010.496"
"1048","OQ791519","B/C","C","[2009.666:2009.745]","USA",2009.666,"North America","North America","OQ791519_North-America_B/C_USA_2009.666"
"1049","JX101786","B/C","C","[2009.756:2009.83]","USA",2009.83,"North America","North America","JX101786_North-America_B/C_USA_2009.83"
"1050","MN240514","B/C","C","[2009:2009.597]","USA",2009.181594,"North America","North America","MN240514_North-America_B/C_USA_2009.182"
"1051","AB601880","B/C","C","[2010.666:2010.737]","Japan",2010.666,"Eastern Asia","External","AB601880_External_B/C_Japan_2010.666"
"1052","AB601881","B/C","C","[2010.674:2010.745]","Japan",2010.745,"Eastern Asia","External","AB601881_External_B/C_Japan_2010.745"
"1053","KP455223","B/C","C","[2008:2008.997]","Canada",2008.289764,"North America","North America","KP455223_North-America_B/C_Canada_2008.29"
"1054","KX255371","B/C","C","2008.784","USA",2008.784,"North America","North America","KX255371_North-America_B/C_USA_2008.784"
"1055","KX261799","B/C","C","2009.737","USA",2009.737,"North America","North America","KX261799_North-America_B/C_USA_2009.737"
"1056","KX261817","B/C","C","2009.759","USA",2009.759,"North America","North America","KX261817_North-America_B/C_USA_2009.759"
"1057","KX261806","B/C","C","2009.638","USA",2009.638,"North America","North America","KX261806_North-America_B/C_USA_2009.638"
"1058","KX261816","B/C","C","2009.726","USA",2009.726,"North America","North America","KX261816_North-America_B/C_USA_2009.726"
"1059","KX261822","B/C","C","2009.666","USA",2009.666,"North America","North America","KX261822_North-America_B/C_USA_2009.666"
"1060","MN240504","B/C","C","[2009:2009.997]","USA",2009.389988,"North America","North America","MN240504_North-America_B/C_USA_2009.39"
"1061","KX261814","B/C","C","2009.726","USA",2009.726,"North America","North America","KX261814_North-America_B/C_USA_2009.726"
"1062","KX261793","B/C","C","2009.759","USA",2009.759,"North America","North America","KX261793_North-America_B/C_USA_2009.759"
"1063","KX261811","B/C","C","2009.792","USA",2009.792,"North America","North America","KX261811_North-America_B/C_USA_2009.792"
"1064","KX261805","B/C","C","2009.638","USA",2009.638,"North America","North America","KX261805_North-America_B/C_USA_2009.638"
"1065","KX261810","B/C","C","2009.71","USA",2009.71,"North America","North America","KX261810_North-America_B/C_USA_2009.71"
"1066","KX261797","B/C","C","2009.792","USA",2009.792,"North America","North America","KX261797_North-America_B/C_USA_2009.792"
"1067","MN240513","B/C","C","[2009:2009.997]","USA",2009,"North America","North America","MN240513_North-America_B/C_USA_2009"
"1068","KP455100","B/C","C","[2008.784:2008.997]","Canada",2008.997,"North America","North America","KP455100_North-America_B/C_Canada_2008.997"
"1069","AB601877","B/C","C","[2010.581:2010.655]","Japan",2010.581,"Eastern Asia","External","AB601877_External_B/C_Japan_2010.581"
"1070","AB601876","B/C","C","[2010.581:2010.663]","Japan",2010.663,"Eastern Asia","External","AB601876_External_B/C_Japan_2010.663"
"1071","AB601882","B/C","C","[2010.425:2010.493]","Japan",2010.425,"Eastern Asia","External","AB601882_External_B/C_Japan_2010.425"
"1072","KJ484541","B/C","C","[2011.381:2011.997]","China",2011.997,"Eastern Asia","External","KJ484541_External_B/C_China_2011.997"
"1073","AB614428","B/C","C","[2010:2010.997]","Japan",2010.565033,"Eastern Asia","External","AB614428_External_B/C_Japan_2010.565"
"1074","AB601875","B/C","C","[2010.501:2010.578]","Japan",2010.578,"Eastern Asia","External","AB601875_External_B/C_Japan_2010.578"
"1075","AB601879","B/C","C","[2010.666:2010.737]","Japan",2010.666,"Eastern Asia","External","AB601879_External_B/C_Japan_2010.666"
"1076","AB601874","B/C","C","[2010.496:2010.57]","Japan",2010.496,"Eastern Asia","External","AB601874_External_B/C_Japan_2010.496"
"1077","LC200941","B/C","C","[2010.589:2010.663]","Japan",2010.663,"Eastern Asia","External","LC200941_External_B/C_Japan_2010.663"
"1078","AB601873","B/C","C","[2010.507:2010.578]","Japan",2010.578,"Eastern Asia","External","AB601873_External_B/C_Japan_2010.578"
"1079","AB601878","B/C","C","[2010.581:2010.652]","Japan",2010.581,"Eastern Asia","External","AB601878_External_B/C_Japan_2010.581"
"1080","AB614439","B/C","C","[2010:2010.997]","Japan",2010.997,"Eastern Asia","External","AB614439_External_B/C_Japan_2010.997"
"1081","AB601884","B/C","C","[2010.496:2010.578]","Japan",2010.578,"Eastern Asia","External","AB601884_External_B/C_Japan_2010.578"
"1082","AB601883","B/C","C","[2010.496:2010.57]","Japan",2010.496,"Eastern Asia","External","AB601883_External_B/C_Japan_2010.496"
"1083","AB601872","B/C","C","[2010.416:2010.493]","Japan",2010.471875,"Eastern Asia","External","AB601872_External_B/C_Japan_2010.472"
"1084","AB614413","B/C","C","[2010:2010.997]","Japan",2010.097387,"Eastern Asia","External","AB614413_External_B/C_Japan_2010.097"
"1085","AB614412","B/C","C","[2010:2010.997]","Japan",2010.097226,"Eastern Asia","External","AB614412_External_B/C_Japan_2010.097"
"1086","AB614416","B/C","C","[2010:2010.997]","Japan",2010.097226,"Eastern Asia","External","AB614416_External_B/C_Japan_2010.097"
"1087","AB614407","B/C","C","[2010:2010.997]","Japan",2010.097226,"Eastern Asia","External","AB614407_External_B/C_Japan_2010.097"
"1088","AB614414","B/C","C","[2010:2010.997]","Japan",2010.097226,"Eastern Asia","External","AB614414_External_B/C_Japan_2010.097"
"1089","AB614420","B/C","C","[2010:2010.997]","Japan",2010.097226,"Eastern Asia","External","AB614420_External_B/C_Japan_2010.097"
"1090","AB614422","B/C","C","[2010:2010.997]","Japan",2010.097226,"Eastern Asia","External","AB614422_External_B/C_Japan_2010.097"
"1091","AB614418","B/C","C","[2010:2010.997]","Japan",2010.097226,"Eastern Asia","External","AB614418_External_B/C_Japan_2010.097"
"1092","AB614419","B/C","C","[2010:2010.997]","Japan",2010.097226,"Eastern Asia","External","AB614419_External_B/C_Japan_2010.097"
"1093","AB614421","B/C","C","[2010:2010.997]","Japan",2010.097226,"Eastern Asia","External","AB614421_External_B/C_Japan_2010.097"
"1094","AB614411","B/C","C","[2010:2010.997]","Japan",2010.097226,"Eastern Asia","External","AB614411_External_B/C_Japan_2010.097"
"1095","AB614415","B/C","C","[2010:2010.997]","Japan",2010.097226,"Eastern Asia","External","AB614415_External_B/C_Japan_2010.097"
"1096","AB614417","B/C","C","[2010:2010.997]","Japan",2010.097226,"Eastern Asia","External","AB614417_External_B/C_Japan_2010.097"
"1097","AB614406","B/C","C","[2010:2010.997]","Japan",2010.097226,"Eastern Asia","External","AB614406_External_B/C_Japan_2010.097"
"1098","AB614410","B/C","C","[2010:2010.997]","Japan",2010.537503,"Eastern Asia","External","AB614410_External_B/C_Japan_2010.538"
"1099","AB614408","B/C","C","[2010:2010.997]","Japan",2010.537506,"Eastern Asia","External","AB614408_External_B/C_Japan_2010.538"
"1100","AB614423","B/C","C","[2010:2010.997]","Japan",2010.391202,"Eastern Asia","External","AB614423_External_B/C_Japan_2010.391"
"1101","AB614425","B/C","C","[2010:2010.997]","Japan",2010.457497,"Eastern Asia","External","AB614425_External_B/C_Japan_2010.457"
"1102","AB614426","B/C","C","[2010:2010.997]","Japan",2010.642087,"Eastern Asia","External","AB614426_External_B/C_Japan_2010.642"
"1103","AB614429","B/C","C","[2010:2010.997]","Japan",2010.997,"Eastern Asia","External","AB614429_External_B/C_Japan_2010.997"
"1104","AB614434","B/C","C","[2010:2010.997]","Japan",2010.780936,"Eastern Asia","External","AB614434_External_B/C_Japan_2010.781"
"1105","AB614436","B/C","C","[2010:2010.997]","Japan",2010.643352,"Eastern Asia","External","AB614436_External_B/C_Japan_2010.643"
"1106","AB614438","B/C","C","[2010:2010.997]","Japan",2010.941198,"Eastern Asia","External","AB614438_External_B/C_Japan_2010.941"
"1107","AB614424","B/C","C","[2010:2010.997]","Japan",2010.69116,"Eastern Asia","External","AB614424_External_B/C_Japan_2010.691"
"1108","AB614435","B/C","C","[2010:2010.997]","Japan",2010.69116,"Eastern Asia","External","AB614435_External_B/C_Japan_2010.691"
"1109","KT285484","B/C","Other","2008.445","China",2008.445,"Eastern Asia","External","KT285484_External_B/C_China_2008.445"
"1110","KJ472886","B/C","Other","[2011:2011.997]","Kenya",2011,"Eastern Africa","External","KJ472886_External_B/C_Kenya_2011"
"1111","KP657705","B/C","B","[2008:2008.997]","Taiwan",2008.366875,"Eastern Asia","External","KP657705_External_B/C_Taiwan_2008.367"
"1112","KT318494","B/C","B","2008.309","Taiwan",2008.309,"Eastern Asia","External","KT318494_External_B/C_Taiwan_2008.309"
"1113","KP657706","B/C","B","[2008:2008.997]","Taiwan",2008,"Eastern Asia","External","KP657706_External_B/C_Taiwan_2008"
"1114","JF896311","B/C","B","[2009.726:2009.997]","Netherlands",2009.846866,"Europe","Europe","JF896311_Europe_B/C_Netherlands_2009.847"
"1115","JF830048","B/C","B","2009.847","Netherlands",2009.847,"Europe","Europe","JF830048_Europe_B/C_Netherlands_2009.847"
"1116","JQ586224","B/C","B","2009.959","United Kingdom",2009.959,"Europe","Europe","JQ586224_Europe_B/C_United-Kingdom_2009.959"
"1117","AB902837","B/C","B","[2010.581:2010.655]","Japan",2010.581,"Eastern Asia","External","AB902837_External_B/C_Japan_2010.581"
"1118","JQ586226","B/C","B","2009.89","United Kingdom",2009.89,"Europe","Europe","JQ586226_Europe_B/C_United-Kingdom_2009.89"
"1119","JQ586221","B/C","B","2009.838","United Kingdom",2009.838,"Europe","Europe","JQ586221_Europe_B/C_United-Kingdom_2009.838"
"1120","JF896307","B/C","B","[2010:2010.997]","Netherlands",2010.012686,"Europe","Europe","JF896307_Europe_B/C_Netherlands_2010.013"
"1121","JF896306","B/C","B","[2010.238:2010.997]","Netherlands",2010.808041,"Europe","Europe","JF896306_Europe_B/C_Netherlands_2010.808"
"1122","KT231901","B/C","B","2009.874","Netherlands",2009.874,"Europe","Europe","KT231901_Europe_B/C_Netherlands_2009.874"
"1123","KT231902","B/C","B","2009.874","Netherlands",2009.874,"Europe","Europe","KT231902_Europe_B/C_Netherlands_2009.874"
"1124","JF896308","B/C","B","[2009:2009.997]","Netherlands",2009.417611,"Europe","Europe","JF896308_Europe_B/C_Netherlands_2009.418"
"1125","JF896309","B/C","B","[2009:2009.997]","Netherlands",2009.417611,"Europe","Europe","JF896309_Europe_B/C_Netherlands_2009.418"
"1126","JF896310","B/C","B","[2009:2009.997]","Netherlands",2009.997,"Europe","Europe","JF896310_Europe_B/C_Netherlands_2009.997"
"1127","JF830049","B/C","B","2009.874","Netherlands",2009.874,"Europe","Europe","JF830049_Europe_B/C_Netherlands_2009.874"
"1128","JF830045","B/C","B","2009.559","Netherlands",2009.559,"Europe","Europe","JF830045_Europe_B/C_Netherlands_2009.559"
"1129","KT231898","B/C","B","2009.559","Netherlands",2009.559,"Europe","Europe","KT231898_Europe_B/C_Netherlands_2009.559"
"1130","KT231897","B/C","B","2009.559","Netherlands",2009.559,"Europe","Europe","KT231897_Europe_B/C_Netherlands_2009.559"
"1131","JQ586223","B/C","B","2009.871","United Kingdom",2009.871,"Europe","Europe","JQ586223_Europe_B/C_United-Kingdom_2009.871"
"1132","JF896303","B/C","B","[2010:2010.997]","Netherlands",2010.518409,"Europe","Europe","JF896303_Europe_B/C_Netherlands_2010.518"
"1133","JF896302","B/C","B","[2010:2010.997]","Netherlands",2010.518409,"Europe","Europe","JF896302_Europe_B/C_Netherlands_2010.518"
"1134","JF896305","B/C","B","[2010:2010.756]","Netherlands",2010.248875,"Europe","Europe","JF896305_Europe_B/C_Netherlands_2010.249"
"1135","JF830047","B/C","B","2009.784","Netherlands",2009.784,"Europe","Europe","JF830047_Europe_B/C_Netherlands_2009.784"
"1136","JQ586222","B/C","B","2009.86","United Kingdom",2009.86,"Europe","Europe","JQ586222_Europe_B/C_United-Kingdom_2009.86"
"1137","AB614432","B/C","B","[2010:2010.997]","Japan",2010.182179,"Eastern Asia","External","AB614432_External_B/C_Japan_2010.182"
"1138","AB614431","B/C","B","[2010:2010.997]","Japan",2010.182876,"Eastern Asia","External","AB614431_External_B/C_Japan_2010.183"
"1139","AB614430","B/C","B","[2010:2010.997]","Japan",2010.182876,"Eastern Asia","External","AB614430_External_B/C_Japan_2010.183"
"1140","AB614433","B/C","B","[2010:2010.997]","Japan",2010.499304,"Eastern Asia","External","AB614433_External_B/C_Japan_2010.499"
"1141","AB614409","B/C","B","[2010:2010.997]","Japan",2010.997,"Eastern Asia","External","AB614409_External_B/C_Japan_2010.997"
"1142","AB614437","B/C","B","[2010:2010.997]","Japan",2010.997,"Eastern Asia","External","AB614437_External_B/C_Japan_2010.997"
"1143","AB614427","B/C","B","[2010:2010.997]","Japan",2010.99677,"Eastern Asia","External","AB614427_External_B/C_Japan_2010.997"
"1144","JF896304","B/C","B","[2010.274:2010.997]","Netherlands",2010.997,"Europe","Europe","JF896304_Europe_B/C_Netherlands_2010.997"
"1145","KY272877","B/C","B","2010.699","France",2010.699,"Europe","Europe","KY272877_Europe_B/C_France_2010.699"
"1146","KY272878","B/C","B","2010.696","France",2010.696,"Europe","Europe","KY272878_Europe_B/C_France_2010.696"
"1147","KP455246","B/C","B","[2011:2011.997]","Canada",2011.186566,"North America","North America","KP455246_North-America_B/C_Canada_2011.187"
"1148","KX255401","B/C","B","2012.653","USA",2012.653,"North America","North America","KX255401_North-America_B/C_USA_2012.653"
"1149","KX433164","B/C","B","2012.79","USA",2012.79,"North America","North America","KX433164_North-America_B/C_USA_2012.79"
"1150","KP455127","B/C","B","[2011:2011.997]","Canada",2011.764616,"North America","North America","KP455127_North-America_B/C_Canada_2011.765"
"1151","KP455244","B/C","B","[2011:2011.997]","Canada",2011.767096,"North America","North America","KP455244_North-America_B/C_Canada_2011.767"
"1152","KP455243","B/C","B","[2011:2011.997]","Canada",2011.997,"North America","North America","KP455243_North-America_B/C_Canada_2011.997"
"1153","KP455287","B/C","B","[2011:2011.997]","Canada",2011.144082,"North America","North America","KP455287_North-America_B/C_Canada_2011.144"
"1154","KP455245","B/C","B","[2011:2011.929]","Canada",2011.144827,"North America","North America","KP455245_North-America_B/C_Canada_2011.145"
"1155","KX255394","B/C","B","2012.702","USA",2012.702,"North America","North America","KX255394_North-America_B/C_USA_2012.702"
"1156","KC763167","B/C","B","[2012.833:2012.904]","Italy",2012.833,"Europe","Europe","KC763167_Europe_B/C_Italy_2012.833"
"1157","KY272898","B/C","B","2012.77","France",2012.77,"Europe","Europe","KY272898_Europe_B/C_France_2012.77"
"1158","KY272912","B/C","B","2012.825","France",2012.825,"Europe","Europe","KY272912_Europe_B/C_France_2012.825"
"1159","KY272890","B/C","B","2012.738","France",2012.738,"Europe","Europe","KY272890_Europe_B/C_France_2012.738"
"1160","KY272907","B/C","B","2012.809","France",2012.809,"Europe","Europe","KY272907_Europe_B/C_France_2012.809"
"1161","KY272874","B/C","B","2012.809","France",2012.809,"Europe","Europe","KY272874_Europe_B/C_France_2012.809"
"1162","KF254922","B/C","B","2012.814","Spain",2012.814,"Europe","Europe","KF254922_Europe_B/C_Spain_2012.814"
"1163","KY272903","B/C","B","2012.795","France",2012.795,"Europe","Europe","KY272903_Europe_B/C_France_2012.795"
"1164","KT220463","B/C","B","2014.737","France",2014.737,"Europe","Europe","KT220463_Europe_B/C_France_2014.737"
"1165","KP196378","B/C","B","2014.715","France",2014.715,"Europe","Europe","KP196378_Europe_B/C_France_2014.715"
"1166","KY272875","B/C","B","2012.817","France",2012.817,"Europe","Europe","KY272875_Europe_B/C_France_2012.817"
"1167","OR365003","B/C","B","[2014.666:2014.745]","Slovenia",2014.666,"Europe","Europe","OR365003_Europe_B/C_Slovenia_2014.666"
"1168","KY272872","B/C","B","2012.77","France",2012.77,"Europe","Europe","KY272872_Europe_B/C_France_2012.77"
"1169","KM975342","B/C","B","2012.913","Netherlands",2012.913,"Europe","Europe","KM975342_Europe_B/C_Netherlands_2012.913"
"1170","KC763169","B/C","B","[2012.923:2012.997]","Italy",2012.923,"Europe","Europe","KC763169_Europe_B/C_Italy_2012.923"
"1171","KM975326","B/C","B","2012.757","Netherlands",2012.757,"Europe","Europe","KM975326_Europe_B/C_Netherlands_2012.757"
"1172","KC763164","B/C","B","[2012.833:2012.904]","Italy",2012.833,"Europe","Europe","KC763164_Europe_B/C_Italy_2012.833"
"1173","KY272908","B/C","B","2012.811","France",2012.811,"Europe","Europe","KY272908_Europe_B/C_France_2012.811"
"1174","MF159953","B/C","B","2014.677","USA",2014.677,"North America","North America","MF159953_North-America_B/C_USA_2014.677"
"1175","MF159711","B/C","B","2014.688","USA",2014.688,"North America","North America","MF159711_North-America_B/C_USA_2014.688"
"1176","MN403140","B/C","B","2015.058","Spain",2015.058,"Europe","Europe","MN403140_Europe_B/C_Spain_2015.058"
"1177","OQ933667","B/C","B","2014.94","Spain",2014.94,"Europe","Europe","OQ933667_Europe_B/C_Spain_2014.94"
"1178","OQ933670","B/C","B","2014.907","Spain",2014.907,"Europe","Europe","OQ933670_Europe_B/C_Spain_2014.907"
"1179","OR365012","B/C","B","[2014.748:2014.83]","Slovenia",2014.748,"Europe","Europe","OR365012_Europe_B/C_Slovenia_2014.748"
"1180","KP729105","B/C","B","[2014.748:2014.83]","Denmark",2014.748,"Europe","Europe","KP729105_Europe_B/C_Denmark_2014.748"
"1181","OR365004","B/C","B","[2014.666:2014.745]","Slovenia",2014.745,"Europe","Europe","OR365004_Europe_B/C_Slovenia_2014.745"
"1182","OR365009","B/C","B","[2014.748:2014.83]","Slovenia",2014.748,"Europe","Europe","OR365009_Europe_B/C_Slovenia_2014.748"
"1183","KP745739","B/C","B","[2014.756:2014.83]","Germany",2014.83,"Europe","Europe","KP745739_Europe_B/C_Germany_2014.83"
"1184","LN681320","B/C","B","[2014.677:2014.745]","France",2014.745,"Europe","Europe","LN681320_Europe_B/C_France_2014.745"
"1185","OR365006","B/C","B","[2014.666:2014.745]","Slovenia",2014.729939,"Europe","Europe","OR365006_Europe_B/C_Slovenia_2014.73"
"1186","KR108026","B/C","B","[2014.833:2014.912]","Denmark",2014.912,"Europe","Europe","KR108026_Europe_B/C_Denmark_2014.912"
"1187","KT220505","B/C","B","2014.989","France",2014.989,"Europe","Europe","KT220505_Europe_B/C_France_2014.989"
"1188","KT220493","B/C","B","2014.83","France",2014.83,"Europe","Europe","KT220493_Europe_B/C_France_2014.83"
"1189","LN681318","B/C","B","[2014.521:2014.578]","France",2014.578,"Europe","Europe","LN681318_Europe_B/C_France_2014.578"
"1190","LN681319","B/C","B","[2014.595:2014.663]","France",2014.595,"Europe","Europe","LN681319_Europe_B/C_France_2014.595"
"1191","LN626610","B/C","B","2014.729","France",2014.729,"Europe","Europe","LN626610_Europe_B/C_France_2014.729"
"1192","KT220454","B/C","B","2014.789","France",2014.789,"Europe","Europe","KT220454_Europe_B/C_France_2014.789"
"1193","LT745914","B/C","B","2014.844","France",2014.844,"Europe","Europe","LT745914_Europe_B/C_France_2014.844"
"1194","MT791927","B/C","B","2014.836","France",2014.836,"Europe","Europe","MT791927_Europe_B/C_France_2014.836"
"1195","LN681321","B/C","B","[2014.666:2014.734]","France",2014.666,"Europe","Europe","LN681321_Europe_B/C_France_2014.666"
"1196","KP406478","B/C","B","2014.767","France",2014.767,"Europe","Europe","KP406478_Europe_B/C_France_2014.767"
"1197","KT220464","B/C","B","2014.795","France",2014.795,"Europe","Europe","KT220464_Europe_B/C_France_2014.795"
"1198","KT220490","B/C","B","2014.921","France",2014.921,"Europe","Europe","KT220490_Europe_B/C_France_2014.921"
"1199","KT220457","B/C","B","2014.858","France",2014.858,"Europe","Europe","KT220457_Europe_B/C_France_2014.858"
"1200","KM975327","B/C","B","2012.954","Netherlands",2012.954,"Europe","Europe","KM975327_Europe_B/C_Netherlands_2012.954"
"1201","KY272876","B/C","B","2012.82","France",2012.82,"Europe","Europe","KY272876_Europe_B/C_France_2012.82"
"1202","KY272894","B/C","B","2012.754","France",2012.754,"Europe","Europe","KY272894_Europe_B/C_France_2012.754"
"1203","KY272883","B/C","B","2012.686","France",2012.686,"Europe","Europe","KY272883_Europe_B/C_France_2012.686"
"1204","KY272897","B/C","B","2012.768","France",2012.768,"Europe","Europe","KY272897_Europe_B/C_France_2012.768"
"1205","KY272892","B/C","B","2012.749","France",2012.749,"Europe","Europe","KY272892_Europe_B/C_France_2012.749"
"1206","KY272895","B/C","B","2012.79","France",2012.79,"Europe","Europe","KY272895_Europe_B/C_France_2012.79"
"1207","KF254921","B/C","B","2012.896","Spain",2012.896,"Europe","Europe","KF254921_Europe_B/C_Spain_2012.896"
"1208","KY272884","B/C","B","2012.694","France",2012.694,"Europe","Europe","KY272884_Europe_B/C_France_2012.694"
"1209","KY272916","B/C","B","2012.85","France",2012.85,"Europe","Europe","KY272916_Europe_B/C_France_2012.85"
"1210","KY272899","B/C","B","2012.77","France",2012.77,"Europe","Europe","KY272899_Europe_B/C_France_2012.77"
"1211","KF254923","B/C","B","2012.828","Spain",2012.828,"Europe","Europe","KF254923_Europe_B/C_Spain_2012.828"
"1212","KF254919","B/C","B","2012.913","Spain",2012.913,"Europe","Europe","KF254919_Europe_B/C_Spain_2012.913"
"1213","KF254920","B/C","B","2012.831","Spain",2012.831,"Europe","Europe","KF254920_Europe_B/C_Spain_2012.831"
"1214","KF254917","B/C","B","2012.85","Spain",2012.85,"Europe","Europe","KF254917_Europe_B/C_Spain_2012.85"
"1215","KF254918","B/C","B","2012.91","Spain",2012.91,"Europe","Europe","KF254918_Europe_B/C_Spain_2012.91"
"1216","KF254913","B/C","B","2013.074","Spain",2013.074,"Europe","Europe","KF254913_Europe_B/C_Spain_2013.074"
"1217","KY272911","B/C","B","2012.817","France",2012.817,"Europe","Europe","KY272911_Europe_B/C_France_2012.817"
"1218","KF254924","B/C","B","2012.883","Spain",2012.883,"Europe","Europe","KF254924_Europe_B/C_Spain_2012.883"
"1219","KP317480","B/C","B","2014.816","Israel",2014.816,"Western Asia","External","KP317480_External_B/C_Israel_2014.816"
"1220","MF159599","B/C","B","2014.622","USA",2014.622,"North America","North America","MF159599_North-America_B/C_USA_2014.622"
"1221","KT873542","B/C","B","2014.819","Canada",2014.819,"North America","North America","KT873542_North-America_B/C_Canada_2014.819"
"1222","KP455163","B/C","B","[2014.803:2014.997]","Canada",2014.997,"North America","North America","KP455163_North-America_B/C_Canada_2014.997"
"1223","KP455211","B/C","B","[2014.69:2014.997]","Canada",2014.69,"North America","North America","KP455211_North-America_B/C_Canada_2014.69"
"1224","KP455217","B/C","B","[2014.693:2014.995]","Canada",2014.693,"North America","North America","KP455217_North-America_B/C_Canada_2014.693"
"1225","KP455194","B/C","B","[2014.833:2014.997]","Canada",2014.997,"North America","North America","KP455194_North-America_B/C_Canada_2014.997"
"1226","KP455185","B/C","B","[2014.836:2014.997]","Canada",2014.997,"North America","North America","KP455185_North-America_B/C_Canada_2014.997"
"1227","KT873540","B/C","B","2014.805","Canada",2014.805,"North America","North America","KT873540_North-America_B/C_Canada_2014.805"
"1228","KP455200","B/C","B","[2014.753:2014.997]","Canada",2014.997,"North America","North America","KP455200_North-America_B/C_Canada_2014.997"
"1229","KT835405","B/C","B","2014.704","Canada",2014.704,"North America","North America","KT835405_North-America_B/C_Canada_2014.704"
"1230","KR066456","B/C","B","[2014.677:2014.745]","Germany",2014.702718,"Europe","Europe","KR066456_Europe_B/C_Germany_2014.703"
"1231","KP455202","B/C","B","[2014.63:2014.929]","Canada",2014.693599,"North America","North America","KP455202_North-America_B/C_Canada_2014.694"
"1232","KP455133","B/C","B","[2014.63:2014.929]","Canada",2014.693599,"North America","North America","KP455133_North-America_B/C_Canada_2014.694"
"1233","KP455097","B/C","B","[2014.63:2014.929]","Canada",2014.63,"North America","North America","KP455097_North-America_B/C_Canada_2014.63"
"1234","KP455212","B/C","B","[2014.63:2014.929]","Canada",2014.669919,"North America","North America","KP455212_North-America_B/C_Canada_2014.67"
"1235","KT873538","B/C","B","2014.671","Canada",2014.671,"North America","North America","KT873538_North-America_B/C_Canada_2014.671"
"1236","KP455284","B/C","B","[2014.625:2014.896]","Canada",2014.625,"North America","North America","KP455284_North-America_B/C_Canada_2014.625"
"1237","KP455191","B/C","B","[2014.63:2014.929]","Canada",2014.63,"North America","North America","KP455191_North-America_B/C_Canada_2014.63"
"1238","KP455156","B/C","B","[2014.63:2014.929]","Canada",2014.789765,"North America","North America","KP455156_North-America_B/C_Canada_2014.79"
"1239","KP455208","B/C","B","[2014.63:2014.929]","Canada",2014.789765,"North America","North America","KP455208_North-America_B/C_Canada_2014.79"
"1240","KP455199","B/C","B","[2014.63:2014.929]","Canada",2014.63,"North America","North America","KP455199_North-America_B/C_Canada_2014.63"
"1241","KP455158","B/C","B","[2014.63:2014.929]","Canada",2014.63,"North America","North America","KP455158_North-America_B/C_Canada_2014.63"
"1242","LN874252","B/C","B","[2014.844:2014.912]","France",2014.912,"Europe","Europe","LN874252_Europe_B/C_France_2014.912"
"1243","KP455214","B/C","B","[2014.69:2014.997]","Canada",2014.997,"North America","North America","KP455214_North-America_B/C_Canada_2014.997"
"1244","KT873544","B/C","B","2014.838","Canada",2014.838,"North America","North America","KT873544_North-America_B/C_Canada_2014.838"
"1245","KT873545","B/C","B","2014.844","Canada",2014.844,"North America","North America","KT873545_North-America_B/C_Canada_2014.844"
"1246","KP406469","B/C","B","2014.849","France",2014.849,"Europe","Europe","KP406469_Europe_B/C_France_2014.849"
"1247","KP189403","B/C","B","2014.8","Germany",2014.8,"Europe","Europe","KP189403_Europe_B/C_Germany_2014.8"
"1248","KP406479","B/C","B","2014.781","France",2014.781,"Europe","Europe","KP406479_Europe_B/C_France_2014.781"
"1249","LN681326","B/C","B","[2014.759:2014.83]","France",2014.83,"Europe","Europe","LN681326_Europe_B/C_France_2014.83"
"1250","KT220502","B/C","B","2014.849","France",2014.849,"Europe","Europe","KT220502_Europe_B/C_France_2014.849"
"1251","KP406472","B/C","B","2014.866","France",2014.866,"Europe","Europe","KP406472_Europe_B/C_France_2014.866"
"1252","KT220484","B/C","B","2014.901","France",2014.901,"Europe","Europe","KT220484_Europe_B/C_France_2014.901"
"1253","KU645364","B/C","B","2014.915","Ireland",2014.915,"Europe","Europe","KU645364_Europe_B/C_Ireland_2014.915"
"1254","KT220446","B/C","B","2014.888","France",2014.888,"Europe","Europe","KT220446_Europe_B/C_France_2014.888"
"1255","KT220496","B/C","B","2014.932","France",2014.932,"Europe","Europe","KT220496_Europe_B/C_France_2014.932"
"1256","KT220443","B/C","B","2014.827","France",2014.827,"Europe","Europe","KT220443_Europe_B/C_France_2014.827"
"1257","KP196366","B/C","B","2014.756","France",2014.756,"Europe","Europe","KP196366_Europe_B/C_France_2014.756"
"1258","KP406475","B/C","B","2014.792","France",2014.792,"Europe","Europe","KP406475_Europe_B/C_France_2014.792"
"1259","KT220462","B/C","B","2014.86","France",2014.86,"Europe","Europe","KT220462_Europe_B/C_France_2014.86"
"1260","KT220477","B/C","B","2014.888","France",2014.888,"Europe","Europe","KT220477_Europe_B/C_France_2014.888"
"1261","OQ933719","B/C","B","2014.959","Spain",2014.959,"Europe","Europe","OQ933719_Europe_B/C_Spain_2014.959"
"1262","KU886249","B/C","B","[2014.756:2014.83]","France",2014.83,"Europe","Europe","KU886249_Europe_B/C_France_2014.83"
"1263","KT220487","B/C","B","2014.904","France",2014.904,"Europe","Europe","KT220487_Europe_B/C_France_2014.904"
"1264","KT220459","B/C","B","2014.899","France",2014.899,"Europe","Europe","KT220459_Europe_B/C_France_2014.899"
"1265","OQ933708","B/C","B","2014.923","Spain",2014.923,"Europe","Europe","OQ933708_Europe_B/C_Spain_2014.923"
"1266","KT220465","B/C","B","2014.8","France",2014.8,"Europe","Europe","KT220465_Europe_B/C_France_2014.8"
"1267","KT220479","B/C","B","2014.899","France",2014.899,"Europe","Europe","KT220479_Europe_B/C_France_2014.899"
"1268","KP406493","B/C","B","2014.8","France",2014.8,"Europe","Europe","KP406493_Europe_B/C_France_2014.8"
"1269","KT220473","B/C","B","2014.879","France",2014.879,"Europe","Europe","KT220473_Europe_B/C_France_2014.879"
"1270","KT220475","B/C","B","2014.885","France",2014.885,"Europe","Europe","KT220475_Europe_B/C_France_2014.885"
"1271","KT220471","B/C","B","2014.868","France",2014.868,"Europe","Europe","KT220471_Europe_B/C_France_2014.868"
"1272","KT220476","B/C","B","2014.885","France",2014.885,"Europe","Europe","KT220476_Europe_B/C_France_2014.885"
"1273","KT220483","B/C","B","2014.901","France",2014.901,"Europe","Europe","KT220483_Europe_B/C_France_2014.901"
"1274","LN874250","B/C","B","[2014.748:2014.83]","France",2014.748,"Europe","Europe","LN874250_Europe_B/C_France_2014.748"
"1275","KT220495","B/C","B","2014.91","France",2014.91,"Europe","Europe","KT220495_Europe_B/C_France_2014.91"
"1276","KP196375","B/C","B","2014.819","France",2014.819,"Europe","Europe","KP196375_Europe_B/C_France_2014.819"
"1277","MN403137","B/C","B","2016.123","Spain",2016.123,"Europe","Europe","MN403137_Europe_B/C_Spain_2016.123"
"1278","LN874239","B/C","B","[2014.926:2014.997]","France",2014.997,"Europe","Europe","LN874239_Europe_B/C_France_2014.997"
"1279","KP406476","B/C","B","2014.816","France",2014.816,"Europe","Europe","KP406476_Europe_B/C_France_2014.816"
"1280","KP406487","B/C","B","2014.77","France",2014.77,"Europe","Europe","KP406487_Europe_B/C_France_2014.77"
"1281","KU886248","B/C","B","[2014.748:2014.83]","France",2014.769866,"Europe","Europe","KU886248_Europe_B/C_France_2014.77"
"1282","KT220460","B/C","B","2014.896","France",2014.896,"Europe","Europe","KT220460_Europe_B/C_France_2014.896"
"1283","LN874226","B/C","B","[2014.748:2014.83]","France",2014.75191,"Europe","Europe","LN874226_Europe_B/C_France_2014.752"
"1284","OQ933718","B/C","B","2014.918","Spain",2014.918,"Europe","Europe","OQ933718_Europe_B/C_Spain_2014.918"
"1285","KT220468","B/C","B","2014.849","France",2014.849,"Europe","Europe","KT220468_Europe_B/C_France_2014.849"
"1286","KP196377","B/C","B","2014.71","France",2014.71,"Europe","Europe","KP196377_Europe_B/C_France_2014.71"
"1287","LN681338","B/C","B","[2014.833:2014.912]","France",2014.833,"Europe","Europe","LN681338_Europe_B/C_France_2014.833"
"1288","KP406477","B/C","B","2014.882","France",2014.882,"Europe","Europe","KP406477_Europe_B/C_France_2014.882"
"1289","LN874242","B/C","B","[2014.748:2014.83]","France",2014.83,"Europe","Europe","LN874242_Europe_B/C_France_2014.83"
"1290","KT220489","B/C","B","2014.94","France",2014.94,"Europe","Europe","KT220489_Europe_B/C_France_2014.94"
"1291","KT220467","B/C","B","2014.836","France",2014.836,"Europe","Europe","KT220467_Europe_B/C_France_2014.836"
"1292","KP406474","B/C","B","2014.792","France",2014.792,"Europe","Europe","KP406474_Europe_B/C_France_2014.792"
"1293","KT220488","B/C","B","2014.918","France",2014.918,"Europe","Europe","KT220488_Europe_B/C_France_2014.918"
"1294","OQ933707","B/C","B","2014.918","Spain",2014.918,"Europe","Europe","OQ933707_Europe_B/C_Spain_2014.918"
"1295","MW732020","B/C","B","[2013.756:2013.83]","Germany",2013.83,"Europe","Europe","MW732020_Europe_B/C_Germany_2013.83"
"1296","KR066451","B/C","B","[2013.748:2013.822]","Germany",2013.748,"Europe","Europe","KR066451_Europe_B/C_Germany_2013.748"
"1297","MW732017","B/C","B","[2013.666:2013.745]","Germany",2013.745,"Europe","Europe","MW732017_Europe_B/C_Germany_2013.745"
"1298","KY272914","B/C","B","2012.831","France",2012.831,"Europe","Europe","KY272914_Europe_B/C_France_2012.831"
"1299","KR066452","B/C","B","[2013.666:2013.737]","Germany",2013.666,"Europe","Europe","KR066452_Europe_B/C_Germany_2013.666"
"1300","KR066446","B/C","B","[2014.162:2014.236]","Germany",2014.162,"Europe","Europe","KR066446_Europe_B/C_Germany_2014.162"
"1301","KR066453","B/C","B","[2013.841:2013.912]","Germany",2013.912,"Europe","Europe","KR066453_Europe_B/C_Germany_2013.912"
"1302","KR066448","B/C","B","[2013.915:2013.997]","Germany",2013.915,"Europe","Europe","KR066448_Europe_B/C_Germany_2013.915"
"1303","KR066450","B/C","B","[2014:2014.074]","Germany",2014,"Europe","Europe","KR066450_Europe_B/C_Germany_2014"
"1304","KR066449","B/C","B","[2013.674:2013.745]","Germany",2013.745,"Europe","Europe","KR066449_Europe_B/C_Germany_2013.745"
"1305","MW731816","B/C","B","[2013.915:2013.997]","Germany",2013.997,"Europe","Europe","MW731816_Europe_B/C_Germany_2013.997"
"1306","MW731817","B/C","B","[2014.008:2014.082]","Germany",2014.082,"Europe","Europe","MW731817_Europe_B/C_Germany_2014.082"
"1307","KR066447","B/C","B","[2013.915:2013.989]","Germany",2013.915,"Europe","Europe","KR066447_Europe_B/C_Germany_2013.915"
"1308","MW732014","B/C","B","[2013.581:2013.663]","Germany",2013.636055,"Europe","Europe","MW732014_Europe_B/C_Germany_2013.636"
"1309","MW732015","B/C","B","[2013.581:2013.663]","Germany",2013.636055,"Europe","Europe","MW732015_Europe_B/C_Germany_2013.636"
"1310","KP317481","B/C","B","2014.759","Israel",2014.759,"Western Asia","External","KP317481_External_B/C_Israel_2014.759"
"1311","KP406473","B/C","B","2014.868","France",2014.868,"Europe","Europe","KP406473_Europe_B/C_France_2014.868"
"1312","KT220499","B/C","B","2014.803","France",2014.803,"Europe","Europe","KT220499_Europe_B/C_France_2014.803"
"1313","KM851230","B/C","B","[2014.592:2014.663]","USA",2014.663,"North America","North America","KM851230_North-America_B/C_USA_2014.663"
"1314","KU669048","B/C","B","2014.663","USA",2014.663,"North America","North America","KU669048_North-America_B/C_USA_2014.663"
"1315","KT995601","B/C","B","2014.693","USA",2014.693,"North America","North America","KT995601_North-America_B/C_USA_2014.693"
"1316","KP455285","B/C","B","[2014.559:2014.893]","Canada",2014.667435,"North America","North America","KP455285_North-America_B/C_Canada_2014.667"
"1317","KP114665","B/C","B","2014.668","Canada",2014.668,"North America","North America","KP114665_North-America_B/C_Canada_2014.668"
"1318","MF160177","B/C","B","2014.715","USA",2014.715,"North America","North America","MF160177_North-America_B/C_USA_2014.715"
"1319","MF160176","B/C","B","2014.718","USA",2014.718,"North America","North America","MF160176_North-America_B/C_USA_2014.718"
"1320","KP455182","B/C","B","[2014:2014.997]","Canada",2014.25669,"North America","North America","KP455182_North-America_B/C_Canada_2014.257"
"1321","KP455189","B/C","B","[2014:2014.997]","Canada",2014.47519,"North America","North America","KP455189_North-America_B/C_Canada_2014.475"
"1322","MF159966","B/C","B","[2014.666:2014.745]","USA",2014.666,"North America","North America","MF159966_North-America_B/C_USA_2014.666"
"1323","MF159969","B/C","B","[2014.666:2014.745]","USA",2014.666,"North America","North America","MF159969_North-America_B/C_USA_2014.666"
"1324","MF159783","B/C","B","2014.622","USA",2014.622,"North America","North America","MF159783_North-America_B/C_USA_2014.622"
"1325","MF159970","B/C","B","[2014.666:2014.745]","USA",2014.666,"North America","North America","MF159970_North-America_B/C_USA_2014.666"
"1326","LN874234","B/C","B","[2014.833:2014.904]","France",2014.833,"Europe","Europe","LN874234_Europe_B/C_France_2014.833"
"1327","KT220501","B/C","B","2014.836","France",2014.836,"Europe","Europe","KT220501_Europe_B/C_France_2014.836"
"1328","KT220497","B/C","B","2014.762","France",2014.762,"Europe","Europe","KT220497_Europe_B/C_France_2014.762"
"1329","KT220503","B/C","B","2014.866","France",2014.866,"Europe","Europe","KT220503_Europe_B/C_France_2014.866"
"1330","KP406486","B/C","B","2014.764","France",2014.764,"Europe","Europe","KP406486_Europe_B/C_France_2014.764"
"1331","KT873539","B/C","B","2014.838","Canada",2014.838,"North America","North America","KT873539_North-America_B/C_Canada_2014.838"
"1332","KP657746","B/C","B","2014.819","Germany",2014.819,"Europe","Europe","KP657746_Europe_B/C_Germany_2014.819"
"1333","KP406468","B/C","B","2014.83","France",2014.83,"Europe","Europe","KP406468_Europe_B/C_France_2014.83"
"1334","LN874251","B/C","B","[2014.833:2014.901]","France",2014.833,"Europe","Europe","LN874251_Europe_B/C_France_2014.833"
"1335","LN681340","B/C","B","[2014.679:2014.745]","France",2014.745,"Europe","Europe","LN681340_Europe_B/C_France_2014.745"
"1336","MF160013","B/C","B","2014.688","USA",2014.688,"North America","North America","MF160013_North-America_B/C_USA_2014.688"
"1337","LN874243","B/C","B","[2014.748:2014.83]","France",2014.748,"Europe","Europe","LN874243_Europe_B/C_France_2014.748"
"1338","KT220481","B/C","B","2014.899","France",2014.899,"Europe","Europe","KT220481_Europe_B/C_France_2014.899"
"1339","KP406484","B/C","B","2014.723","France",2014.723,"Europe","Europe","KP406484_Europe_B/C_France_2014.723"
"1340","KP406481","B/C","B","2014.833","France",2014.833,"Europe","Europe","KP406481_Europe_B/C_France_2014.833"
"1341","MW731818","B/C","B","[2014:2014.082]","Germany",2014,"Europe","Europe","MW731818_Europe_B/C_Germany_2014"
"1342","MW731819","B/C","B","[2014.093:2014.159]","Germany",2014.159,"Europe","Europe","MW731819_Europe_B/C_Germany_2014.159"
"1343","KM975329","B/C","B","2014.003","Netherlands",2014.003,"Europe","Europe","KM975329_Europe_B/C_Netherlands_2014.003"
"1344","KM975328","B/C","B","2013.819","Netherlands",2013.819,"Europe","Europe","KM975328_Europe_B/C_Netherlands_2013.819"
"1345","MW731814","B/C","B","[2013.915:2013.989]","Germany",2013.915,"Europe","Europe","MW731814_Europe_B/C_Germany_2013.915"
"1346","MW731810","B/C","B","[2013.833:2013.912]","Germany",2013.886979,"Europe","Europe","MW731810_Europe_B/C_Germany_2013.887"
"1347","MW732022","B/C","B","[2013.833:2013.912]","Germany",2013.88665,"Europe","Europe","MW732022_Europe_B/C_Germany_2013.887"
"1348","KR066438","B/C","B","[2013.748:2013.83]","Germany",2013.748,"Europe","Europe","KR066438_Europe_B/C_Germany_2013.748"
"1349","KT455429","B/C","B","[2014:2014.477]","USA",2014,"North America","North America","KT455429_North-America_B/C_USA_2014"
"1350","KT099084","B/C","B","2014.712","USA",2014.712,"North America","North America","KT099084_North-America_B/C_USA_2014.712"
"1351","KP742375","B/C","B","2014.712","USA",2014.712,"North America","North America","KP742375_North-America_B/C_USA_2014.712"
"1352","KT995537","B/C","B","2014.668","USA",2014.668,"North America","North America","KT995537_North-America_B/C_USA_2014.668"
"1353","KM887901","B/C","B","[2014:2014.622]","Netherlands",2014.622,"Europe","Europe","KM887901_Europe_B/C_Netherlands_2014.622"
"1354","KP745769","B/C","B","2014.732","USA",2014.732,"North America","North America","KP745769_North-America_B/C_USA_2014.732"
"1355","LN874232","B/C","B","[2014.748:2014.819]","France",2014.748,"Europe","Europe","LN874232_Europe_B/C_France_2014.748"
"1356","KR066443","B/C","B","[2013.841:2013.912]","Germany",2013.912,"Europe","Europe","KR066443_Europe_B/C_Germany_2013.912"
"1357","KP830134","B/C","B","2014.844","Netherlands",2014.844,"Europe","Europe","KP830134_Europe_B/C_Netherlands_2014.844"
"1358","KP455111","B/C","B","[2014.586:2014.997]","Canada",2014.997,"North America","North America","KP455111_North-America_B/C_Canada_2014.997"
"1359","KR066439","B/C","B","[2013.833:2013.912]","Germany",2013.833,"Europe","Europe","KR066439_Europe_B/C_Germany_2013.833"
"1360","KR066445","B/C","B","[2014.085:2014.159]","Germany",2014.085,"Europe","Europe","KR066445_Europe_B/C_Germany_2014.085"
"1361","KT835404","B/C","B","2014.715","Canada",2014.715,"North America","North America","KT835404_North-America_B/C_Canada_2014.715"
"1362","MF159928","B/C","B","2014.696","USA",2014.696,"North America","North America","MF159928_North-America_B/C_USA_2014.696"
"1363","MF159983","B/C","B","2014.69","USA",2014.69,"North America","North America","MF159983_North-America_B/C_USA_2014.69"
"1364","KP830123","B/C","B","2014.786","Netherlands",2014.786,"Europe","Europe","KP830123_Europe_B/C_Netherlands_2014.786"
"1365","MW731815","B/C","B","[2013.923:2013.997]","Germany",2013.997,"Europe","Europe","MW731815_Europe_B/C_Germany_2013.997"
"1366","KR066455","B/C","B","[2013.833:2013.912]","Germany",2013.833,"Europe","Europe","KR066455_Europe_B/C_Germany_2013.833"
"1367","KM887894","B/C","B","[2014.701:2014.997]","Netherlands",2014.997,"Europe","Europe","KM887894_Europe_B/C_Netherlands_2014.997"
"1368","KU645362","B/C","B","2014.915","Ireland",2014.915,"Europe","Europe","KU645362_Europe_B/C_Ireland_2014.915"
"1369","MW731811","B/C","B","[2013.833:2013.912]","Germany",2013.833,"Europe","Europe","MW731811_Europe_B/C_Germany_2013.833"
"1370","KM887903","B/C","B","[2014:2014.997]","Netherlands",2014,"Europe","Europe","KM887903_Europe_B/C_Netherlands_2014"
"1371","KM975345","B/C","B","2013.901","Netherlands",2013.901,"Europe","Europe","KM975345_Europe_B/C_Netherlands_2013.901"
"1372","KR066444","B/C","B","[2013.841:2013.912]","Germany",2013.912,"Europe","Europe","KR066444_Europe_B/C_Germany_2013.912"
"1373","KR066440","B/C","B","[2013.748:2013.83]","Germany",2013.748,"Europe","Europe","KR066440_Europe_B/C_Germany_2013.748"
"1374","KP830122","B/C","B","2014.77","Netherlands",2014.77,"Europe","Europe","KP830122_Europe_B/C_Netherlands_2014.77"
"1375","KR066454","B/C","B","[2013.748:2013.83]","Germany",2013.748,"Europe","Europe","KR066454_Europe_B/C_Germany_2013.748"
"1376","MW731812","B/C","B","[2013.833:2013.912]","Germany",2013.833,"Europe","Europe","MW731812_Europe_B/C_Germany_2013.833"
"1377","MW732021","B/C","B","[2013.748:2013.83]","Germany",2013.807789,"Europe","Europe","MW732021_Europe_B/C_Germany_2013.808"
"1378","MW732019","B/C","B","[2013.748:2013.83]","Germany",2013.807789,"Europe","Europe","MW732019_Europe_B/C_Germany_2013.808"
"1379","KP406490","B/C","B","2014.775","France",2014.775,"Europe","Europe","KP406490_Europe_B/C_France_2014.775"
"1380","KP406470","B/C","B","2014.849","France",2014.849,"Europe","Europe","KP406470_Europe_B/C_France_2014.849"
"1381","OR365010","B/C","B","[2014.748:2014.83]","Slovenia",2014.83,"Europe","Europe","OR365010_Europe_B/C_Slovenia_2014.83"
"1382","KM924544","B/C","B","[2014:2014.997]","Netherlands",2014,"Europe","Europe","KM924544_Europe_B/C_Netherlands_2014"
"1383","KM887896","B/C","B","[2014:2014.997]","Netherlands",2014,"Europe","Europe","KM887896_Europe_B/C_Netherlands_2014"
"1384","KM924547","B/C","B","[2014:2014.997]","Netherlands",2014.04769,"Europe","Europe","KM924547_Europe_B/C_Netherlands_2014.048"
"1385","KP729108","B/C","B","[2014.748:2014.819]","Denmark",2014.819,"Europe","Europe","KP729108_Europe_B/C_Denmark_2014.819"
"1386","KM975346","B/C","B","2014.589","Netherlands",2014.589,"Europe","Europe","KM975346_Europe_B/C_Netherlands_2014.589"
"1387","KT220474","B/C","B","2014.882","France",2014.882,"Europe","Europe","KT220474_Europe_B/C_France_2014.882"
"1388","KP307992","B/C","B","2014.893","France",2014.893,"Europe","Europe","KP307992_Europe_B/C_France_2014.893"
"1389","KP196373","B/C","B","2014.805","France",2014.805,"Europe","Europe","KP196373_Europe_B/C_France_2014.805"
"1390","LN874247","B/C","B","[2014.748:2014.819]","France",2014.748,"Europe","Europe","LN874247_Europe_B/C_France_2014.748"
"1391","LN874249","B/C","B","[2014.759:2014.83]","France",2014.83,"Europe","Europe","LN874249_Europe_B/C_France_2014.83"
"1392","KP745736","B/C","B","[2014.674:2014.745]","Germany",2014.745,"Europe","Europe","KP745736_Europe_B/C_Germany_2014.745"
"1393","KP729104","B/C","B","[2014.666:2014.745]","Denmark",2014.666,"Europe","Europe","KP729104_Europe_B/C_Denmark_2014.666"
"1394","KP406488","B/C","B","2014.773","France",2014.773,"Europe","Europe","KP406488_Europe_B/C_France_2014.773"
"1395","KP406492","B/C","B","2014.792","France",2014.792,"Europe","Europe","KP406492_Europe_B/C_France_2014.792"
"1396","KP406496","B/C","B","2014.808","France",2014.808,"Europe","Europe","KP406496_Europe_B/C_France_2014.808"
"1397","KP189398","B/C","B","2014.786","Germany",2014.786,"Europe","Europe","KP189398_Europe_B/C_Germany_2014.786"
"1398","KP745733","B/C","B","[2014.759:2014.83]","Germany",2014.787748,"Europe","Europe","KP745733_Europe_B/C_Germany_2014.788"
"1399","MW731813","B/C","B","[2013.923:2013.997]","Germany",2013.997,"Europe","Europe","MW731813_Europe_B/C_Germany_2013.997"
"1400","MW732018","B/C","B","[2013.764:2013.83]","Germany",2013.83,"Europe","Europe","MW732018_Europe_B/C_Germany_2013.83"
"1401","LN681335","B/C","B","[2014.748:2014.825]","France",2014.748,"Europe","Europe","LN681335_Europe_B/C_France_2014.748"
"1402","KP196364","B/C","B","2014.726","France",2014.726,"Europe","Europe","KP196364_Europe_B/C_France_2014.726"
"1403","LN874230","B/C","B","[2014.748:2014.825]","France",2014.748,"Europe","Europe","LN874230_Europe_B/C_France_2014.748"
"1404","KP196365","B/C","B","2014.745","France",2014.745,"Europe","Europe","KP196365_Europe_B/C_France_2014.745"
"1405","KT220442","B/C","B","2014.827","France",2014.827,"Europe","Europe","KT220442_Europe_B/C_France_2014.827"
"1406","MN403103","B/C","B","2016.298","Spain",2016.298,"Europe","Europe","MN403103_Europe_B/C_Spain_2016.298"
"1407","KX949556","B/C","B","[2015.915:2015.997]","Spain",2015.997,"Europe","Europe","KX949556_Europe_B/C_Spain_2015.997"
"1408","MN403128","B/C","B","2015.942","Spain",2015.942,"Europe","Europe","MN403128_Europe_B/C_Spain_2015.942"
"1409","KX949559","B/C","B","[2015.915:2015.997]","Spain",2015.915,"Europe","Europe","KX949559_Europe_B/C_Spain_2015.915"
"1410","KX949557","B/C","B","[2015.915:2015.997]","Spain",2015.915,"Europe","Europe","KX949557_Europe_B/C_Spain_2015.915"
"1411","KX949558","B/C","B","[2015.915:2015.997]","Spain",2015.915,"Europe","Europe","KX949558_Europe_B/C_Spain_2015.915"
"1412","MN403234","B/C","B","2016.358","Spain",2016.358,"Europe","Europe","MN403234_Europe_B/C_Spain_2016.358"
"1413","MN403186","B/C","B","2016.448","Spain",2016.448,"Europe","Europe","MN403186_Europe_B/C_Spain_2016.448"
"1414","KU886246","B/C","B","[2014.756:2014.83]","France",2014.756,"Europe","Europe","KU886246_Europe_B/C_France_2014.756"
"1415","KM924546","B/C","B","[2014:2014.997]","Netherlands",2014,"Europe","Europe","KM924546_Europe_B/C_Netherlands_2014"
"1416","KP657737","B/C","B","2014.666","Germany",2014.666,"Europe","Europe","KP657737_Europe_B/C_Germany_2014.666"
"1417","KP189393","B/C","B","2014.704","Germany",2014.704,"Europe","Europe","KP189393_Europe_B/C_Germany_2014.704"
"1418","KP729103","B/C","B","[2014.677:2014.745]","Denmark",2014.677,"Europe","Europe","KP729103_Europe_B/C_Denmark_2014.677"
"1419","KP830135","B/C","B","2014.847","Netherlands",2014.847,"Europe","Europe","KP830135_Europe_B/C_Netherlands_2014.847"
"1420","KP729109","B/C","B","[2014.756:2014.83]","Denmark",2014.83,"Europe","Europe","KP729109_Europe_B/C_Denmark_2014.83"
"1421","KM887906","B/C","B","[2014:2014.997]","Netherlands",2014.059791,"Europe","Europe","KM887906_Europe_B/C_Netherlands_2014.06"
"1422","KM924545","B/C","B","[2014:2014.997]","Netherlands",2014.059145,"Europe","Europe","KM924545_Europe_B/C_Netherlands_2014.059"
"1423","KM887897","B/C","B","[2014:2014.997]","Netherlands",2014.997,"Europe","Europe","KM887897_Europe_B/C_Netherlands_2014.997"
"1424","KM975331","B/C","B","2014.515","Netherlands",2014.515,"Europe","Europe","KM975331_Europe_B/C_Netherlands_2014.515"
"1425","KP830126","B/C","B","2014.858","Netherlands",2014.858,"Europe","Europe","KP830126_Europe_B/C_Netherlands_2014.858"
"1426","KM975332","B/C","B","2014.523","Netherlands",2014.523,"Europe","Europe","KM975332_Europe_B/C_Netherlands_2014.523"
"1427","KM975333","B/C","B","2014.521","Netherlands",2014.521,"Europe","Europe","KM975333_Europe_B/C_Netherlands_2014.521"
"1428","KM975334","B/C","B","2014.649","Netherlands",2014.649,"Europe","Europe","KM975334_Europe_B/C_Netherlands_2014.649"
"1429","KP830130","B/C","B","2014.896","Netherlands",2014.896,"Europe","Europe","KP830130_Europe_B/C_Netherlands_2014.896"
"1430","MW731822","B/C","B","[2014.748:2014.822]","Germany",2014.822,"Europe","Europe","MW731822_Europe_B/C_Germany_2014.822"
"1431","KT220478","B/C","B","2014.899","France",2014.899,"Europe","Europe","KT220478_Europe_B/C_France_2014.899"
"1432","KM975330","B/C","B","2014.523","Netherlands",2014.523,"Europe","Europe","KM975330_Europe_B/C_Netherlands_2014.523"
"1433","LN874248","B/C","B","[2014.756:2014.83]","France",2014.83,"Europe","Europe","LN874248_Europe_B/C_France_2014.83"
"1434","KP196368","B/C","B","2014.767","France",2014.767,"Europe","Europe","KP196368_Europe_B/C_France_2014.767"
"1435","LT745915","B/C","B","2014.91","France",2014.91,"Europe","Europe","LT745915_Europe_B/C_France_2014.91"
"1436","KP196369","B/C","B","2014.789","France",2014.789,"Europe","Europe","KP196369_Europe_B/C_France_2014.789"
"1437","KP196376","B/C","B","2014.789","France",2014.789,"Europe","Europe","KP196376_Europe_B/C_France_2014.789"
"1438","KT220472","B/C","B","2014.877","France",2014.877,"Europe","Europe","KT220472_Europe_B/C_France_2014.877"
"1439","KP196371","B/C","B","2014.795","France",2014.795,"Europe","Europe","KP196371_Europe_B/C_France_2014.795"
"1440","KP406467","B/C","B","2014.781","France",2014.781,"Europe","Europe","KP406467_Europe_B/C_France_2014.781"
"1441","LN681324","B/C","B","[2014.748:2014.83]","France",2014.748,"Europe","Europe","LN681324_Europe_B/C_France_2014.748"
"1442","KP406489","B/C","B","2014.773","France",2014.773,"Europe","Europe","KP406489_Europe_B/C_France_2014.773"
"1443","LN681329","B/C","B","[2014.759:2014.83]","France",2014.759,"Europe","Europe","LN681329_Europe_B/C_France_2014.759"
"1444","LN874241","B/C","B","[2014.679:2014.745]","France",2014.679,"Europe","Europe","LN874241_Europe_B/C_France_2014.679"
"1445","OR365013","B/C","B","[2014.748:2014.83]","Slovenia",2014.748,"Europe","Europe","OR365013_Europe_B/C_Slovenia_2014.748"
"1446","KR066441","B/C","B","[2014.748:2014.83]","Germany",2014.804668,"Europe","Europe","KR066441_Europe_B/C_Germany_2014.805"
"1447","KP406495","B/C","B","2014.805","France",2014.805,"Europe","Europe","KP406495_Europe_B/C_France_2014.805"
"1448","LN874246","B/C","B","[2014.756:2014.83]","France",2014.83,"Europe","Europe","LN874246_Europe_B/C_France_2014.83"
"1449","OR365008","B/C","B","[2014.748:2014.83]","Slovenia",2014.748,"Europe","Europe","OR365008_Europe_B/C_Slovenia_2014.748"
"1450","KM975350","B/C","B","2014.71","Netherlands",2014.71,"Europe","Europe","KM975350_Europe_B/C_Netherlands_2014.71"
"1451","KT220470","B/C","B","2014.863","France",2014.863,"Europe","Europe","KT220470_Europe_B/C_France_2014.863"
"1452","LN681330","B/C","B","[2014.759:2014.83]","France",2014.83,"Europe","Europe","LN681330_Europe_B/C_France_2014.83"
"1453","LN681333","B/C","B","[2014.748:2014.83]","France",2014.748,"Europe","Europe","LN681333_Europe_B/C_France_2014.748"
"1454","LN681323","B/C","B","[2014.699:2014.745]","France",2014.699,"Europe","Europe","LN681323_Europe_B/C_France_2014.699"
"1455","KP196367","B/C","B","2014.773","France",2014.773,"Europe","Europe","KP196367_Europe_B/C_France_2014.773"
"1456","LN681325","B/C","B","[2014.748:2014.83]","France",2014.803768,"Europe","Europe","LN681325_Europe_B/C_France_2014.804"
"1457","LN681334","B/C","B","[2014.748:2014.83]","France",2014.803768,"Europe","Europe","LN681334_Europe_B/C_France_2014.804"
"1458","KP745734","B/C","B","[2014.759:2014.83]","Germany",2014.763396,"Europe","Europe","KP745734_Europe_B/C_Germany_2014.763"
"1459","OR365011","B/C","B","[2014.748:2014.83]","Slovenia",2014.748,"Europe","Europe","OR365011_Europe_B/C_Slovenia_2014.748"
"1460","KM887895","B/C","B","[2014:2014.997]","Netherlands",2014.848154,"Europe","Europe","KM887895_Europe_B/C_Netherlands_2014.848"
"1461","KM887898","B/C","B","[2014:2014.997]","Netherlands",2014.847488,"Europe","Europe","KM887898_Europe_B/C_Netherlands_2014.847"
"1462","KM887899","B/C","B","[2014:2014.997]","Netherlands",2014.847488,"Europe","Europe","KM887899_Europe_B/C_Netherlands_2014.847"
"1463","LN874235","B/C","B","[2014.841:2014.912]","France",2014.912,"Europe","Europe","LN874235_Europe_B/C_France_2014.912"
"1464","KT220486","B/C","B","2014.904","France",2014.904,"Europe","Europe","KT220486_Europe_B/C_France_2014.904"
"1465","LN874231","B/C","B","[2014.748:2014.83]","France",2014.83,"Europe","Europe","LN874231_Europe_B/C_France_2014.83"
"1466","KM887904","B/C","B","[2014.663:2014.964]","Netherlands",2014.663,"Europe","Europe","KM887904_Europe_B/C_Netherlands_2014.663"
"1467","LN874237","B/C","B","[2014.833:2014.912]","France",2014.833,"Europe","Europe","LN874237_Europe_B/C_France_2014.833"
"1468","LN874229","B/C","B","[2014.748:2014.83]","France",2014.83,"Europe","Europe","LN874229_Europe_B/C_France_2014.83"
"1469","LN874233","B/C","B","[2014.748:2014.83]","France",2014.748,"Europe","Europe","LN874233_Europe_B/C_France_2014.748"
"1470","LN874224","B/C","B","[2014.682:2014.745]","France",2014.682,"Europe","Europe","LN874224_Europe_B/C_France_2014.682"
"1471","LN874238","B/C","B","[2014.926:2014.997]","France",2014.997,"Europe","Europe","LN874238_Europe_B/C_France_2014.997"
"1472","LN874236","B/C","B","[2014.833:2014.912]","France",2014.833,"Europe","Europe","LN874236_Europe_B/C_France_2014.833"
"1473","KR066442","B/C","B","[2014.77:2014.83]","Germany",2014.83,"Europe","Europe","KR066442_Europe_B/C_Germany_2014.83"
"1474","KP745740","B/C","B","[2014.759:2014.83]","Germany",2014.83,"Europe","Europe","KP745740_Europe_B/C_Germany_2014.83"
"1475","KP657743","B/C","B","2014.781","Germany",2014.781,"Europe","Europe","KP657743_Europe_B/C_Germany_2014.781"
"1476","KP745743","B/C","B","[2014.748:2014.83]","Germany",2014.748,"Europe","Europe","KP745743_Europe_B/C_Germany_2014.748"
"1477","KR108024","B/C","B","[2014.748:2014.83]","Denmark",2014.748,"Europe","Europe","KR108024_Europe_B/C_Denmark_2014.748"
"1478","KP657741","B/C","B","2014.764","Germany",2014.764,"Europe","Europe","KP657741_Europe_B/C_Germany_2014.764"
"1479","KP189399","B/C","B","2014.781","Germany",2014.781,"Europe","Europe","KP189399_Europe_B/C_Germany_2014.781"
"1480","MN018254","B/C","B","2015.055","United Kingdom",2015.055,"Europe","Europe","MN018254_Europe_B/C_United-Kingdom_2015.055"
"1481","MK377403","B/C","B","2015.055","United Kingdom",2015.055,"Europe","Europe","MK377403_Europe_B/C_United-Kingdom_2015.055"
"1482","KP657704","B/C","B","[2007:2007.997]","Taiwan",2007.193271,"Eastern Asia","External","KP657704_External_B/C_Taiwan_2007.193"
"1483","MF045420","B/C","B","[2009:2009.997]","Vietnam",2009,"South-Eastern Asia","External","MF045420_External_B/C_Vietnam_2009"
"1484","MF045419","B/C","B","[2009.348:2009.997]","Vietnam",2009.997,"South-Eastern Asia","External","MF045419_External_B/C_Vietnam_2009.997"
"1485","KJ556327","B/C","B","2011.696","Cambodia",2011.696,"South-Eastern Asia","External","KJ556327_External_B/C_Cambodia_2011.696"
"1486","AB817705","B/C","B","2008.899","Philippines",2008.899,"South-Eastern Asia","External","AB817705_External_B/C_Philippines_2008.899"
"1487","AB817709","B/C","B","2008.959","Philippines",2008.959,"South-Eastern Asia","External","AB817709_External_B/C_Philippines_2008.959"
"1488","AB817708","B/C","B","2008.954","Philippines",2008.954,"South-Eastern Asia","External","AB817708_External_B/C_Philippines_2008.954"
"1489","AB817706","B/C","B","2008.926","Philippines",2008.926,"South-Eastern Asia","External","AB817706_External_B/C_Philippines_2008.926"
"1490","AB817703","B/C","B","2008.861","Philippines",2008.861,"South-Eastern Asia","External","AB817703_External_B/C_Philippines_2008.861"
"1491","AB817704","B/C","B","2008.896","Philippines",2008.896,"South-Eastern Asia","External","AB817704_External_B/C_Philippines_2008.896"
"1492","AB817712","B/C","B","2011.452","Philippines",2011.452,"South-Eastern Asia","External","AB817712_External_B/C_Philippines_2011.452"
"1493","AB817715","B/C","B","2011.589","Philippines",2011.589,"South-Eastern Asia","External","AB817715_External_B/C_Philippines_2011.589"
"1494","AB861414","B/C","B","2011.589","Philippines",2011.589,"South-Eastern Asia","External","AB861414_External_B/C_Philippines_2011.589"
"1495","AB817711","B/C","B","2011.444","Philippines",2011.444,"South-Eastern Asia","External","AB817711_External_B/C_Philippines_2011.444"
"1496","AB817716","B/C","B","2011.636","Philippines",2011.636,"South-Eastern Asia","External","AB817716_External_B/C_Philippines_2011.636"
"1497","AB817713","B/C","B","2011.477","Philippines",2011.477,"South-Eastern Asia","External","AB817713_External_B/C_Philippines_2011.477"
"1498","AB817702","B/C","B","2008.801","Philippines",2008.801,"South-Eastern Asia","External","AB817702_External_B/C_Philippines_2008.801"
"1499","KM892501","B/C","B","[2013:2013.6]","USA",2013,"North America","North America","KM892501_North-America_B/C_USA_2013"
"1500","MG991260","B/C","B","2017.162","China",2017.162,"Eastern Asia","External","MG991260_External_B/C_China_2017.162"
"1501","KT280503","B/C","B","2011.871","China",2011.871,"Eastern Asia","External","KT280503_External_B/C_China_2011.871"
"1502","KT280504","B/C","B","2013.548","China",2013.548,"Eastern Asia","External","KT280504_External_B/C_China_2013.548"
"1503","KP657718","B/C","B","[2012:2012.795]","Taiwan",2012,"Eastern Asia","External","KP657718_External_B/C_Taiwan_2012"
"1504","KP657719","B/C","B","[2012:2012.997]","Taiwan",2012.735684,"Eastern Asia","External","KP657719_External_B/C_Taiwan_2012.736"
"1505","KT959198","B/C","B","[2014.496:2014.57]","Hong Kong",2014.57,"Eastern Asia","External","KT959198_External_B/C_Hong-Kong_2014.57"
"1506","KC763162","B/C","B","[2012.757:2012.831]","Italy",2012.831,"Europe","Europe","KC763162_Europe_B/C_Italy_2012.831"
"1507","KT959186","B/C","B","[2012.415:2012.486]","Hong Kong",2012.415,"Eastern Asia","External","KT959186_External_B/C_Hong-Kong_2012.415"
"1508","KY767823","B/C","B","2012.347","Hong Kong",2012.347,"Eastern Asia","External","KY767823_External_B/C_Hong-Kong_2012.347"
"1509","KY767820","B/C","B","2012.549","Hong Kong",2012.549,"Eastern Asia","External","KY767820_External_B/C_Hong-Kong_2012.549"
"1510","KM892498","B/C","B","[2012.833:2012.913]","USA",2012.913,"North America","North America","KM892498_North-America_B/C_USA_2012.913"
"1511","KX255365","B/C","B","2012.678","USA",2012.678,"North America","North America","KX255365_North-America_B/C_USA_2012.678"
"1512","KX255399","B/C","B","2012.585","USA",2012.585,"North America","North America","KX255399_North-America_B/C_USA_2012.585"
"1513","KX255356","B/C","B","2012.62","USA",2012.62,"North America","North America","KX255356_North-America_B/C_USA_2012.62"
"1514","KX255370","B/C","B","2012.604","USA",2012.604,"North America","North America","KX255370_North-America_B/C_USA_2012.604"
"1515","KM892499","B/C","B","[2012.923:2012.997]","USA",2012.997,"North America","North America","KM892499_North-America_B/C_USA_2012.997"
"1516","KX255377","B/C","B","2012.672","USA",2012.672,"North America","North America","KX255377_North-America_B/C_USA_2012.672"
"1517","KX255414","B/C","B","2012.691","USA",2012.691,"North America","North America","KX255414_North-America_B/C_USA_2012.691"
"1518","KT285320","B/C","B","2011.964","China",2011.964,"Eastern Asia","External","KT285320_External_B/C_China_2011.964"
"1519","KP657717","B/C","B","[2011:2011.997]","Taiwan",2011.754462,"Eastern Asia","External","KP657717_External_B/C_Taiwan_2011.754"
"1520","KT959180","B/C","B","[2011.923:2011.997]","Hong Kong",2011.997,"Eastern Asia","External","KT959180_External_B/C_Hong-Kong_2011.997"
"1521","KT959181","B/C","B","[2011.915:2011.997]","Hong Kong",2011.915,"Eastern Asia","External","KT959181_External_B/C_Hong-Kong_2011.915"
"1522","KT959182","B/C","B","[2011.915:2011.997]","Hong Kong",2011.915,"Eastern Asia","External","KT959182_External_B/C_Hong-Kong_2011.915"
"1523","KR066457","B/C","B","[2013:2013.074]","Germany",2013,"Europe","Europe","KR066457_Europe_B/C_Germany_2013"
"1524","KM975343","B/C","B","2013.038","Netherlands",2013.038,"Europe","Europe","KM975343_Europe_B/C_Netherlands_2013.038"
"1525","KY272900","B/C","B","2012.776","France",2012.776,"Europe","Europe","KY272900_Europe_B/C_France_2012.776"
"1526","KY272889","B/C","B","2012.73","France",2012.73,"Europe","Europe","KY272889_Europe_B/C_France_2012.73"
"1527","KY272910","B/C","B","2012.817","France",2012.817,"Europe","Europe","KY272910_Europe_B/C_France_2012.817"
"1528","KY272873","B/C","B","2012.773","France",2012.773,"Europe","Europe","KY272873_Europe_B/C_France_2012.773"
"1529","KY272905","B/C","B","2012.801","France",2012.801,"Europe","Europe","KY272905_Europe_B/C_France_2012.801"
"1530","KY272901","B/C","B","2012.781","France",2012.781,"Europe","Europe","KY272901_Europe_B/C_France_2012.781"
"1531","KY272906","B/C","B","2012.809","France",2012.809,"Europe","Europe","KY272906_Europe_B/C_France_2012.809"
"1532","KY272869","B/C","B","2012.699","France",2012.699,"Europe","Europe","KY272869_Europe_B/C_France_2012.699"
"1533","KY272888","B/C","B","2012.721","France",2012.721,"Europe","Europe","KY272888_Europe_B/C_France_2012.721"
"1534","KY272913","B/C","B","2012.825","France",2012.825,"Europe","Europe","KY272913_Europe_B/C_France_2012.825"
"1535","MK511855","B/C","B","[2013:2013.997]","USA",2013,"North America","North America","MK511855_North-America_B/C_USA_2013"
"1536","MK511854","B/C","B","[2013:2013.997]","USA",2013.39221,"North America","North America","MK511854_North-America_B/C_USA_2013.392"
"1537","MK496907","B/C","B","[2013:2013.997]","El Salvador",2013.485734,"Central America","External","MK496907_External_B/C_El-Salvador_2013.486"
"1538","MK496905","B/C","B","[2013:2013.997]","El Salvador",2013.485016,"Central America","External","MK496905_External_B/C_El-Salvador_2013.485"
"1539","MK496904","B/C","B","[2013:2013.997]","El Salvador",2013.485016,"Central America","External","MK496904_External_B/C_El-Salvador_2013.485"
"1540","MK496902","B/C","B","[2013:2013.997]","El Salvador",2013.485016,"Central America","External","MK496902_External_B/C_El-Salvador_2013.485"
"1541","MK496901","B/C","B","[2013:2013.997]","El Salvador",2013.485016,"Central America","External","MK496901_External_B/C_El-Salvador_2013.485"
"1542","KT835397","B/C","B","2014.715","Canada",2014.715,"North America","North America","KT835397_North-America_B/C_Canada_2014.715"
"1543","KP100794","B/C","B","[2013.841:2013.912]","USA",2013.912,"North America","North America","KP100794_North-America_B/C_USA_2013.912"
"1544","KP406483","B/C","B","2014.693","France",2014.693,"Europe","Europe","KP406483_Europe_B/C_France_2014.693"
"1545","LN681332","B/C","B","[2014.759:2014.83]","France",2014.83,"Europe","Europe","LN681332_Europe_B/C_France_2014.83"
"1546","LT745912","B/C","B","2014.822","France",2014.822,"Europe","Europe","LT745912_Europe_B/C_France_2014.822"
"1547","LN874253","B/C","B","[2014.833:2014.901]","France",2014.833,"Europe","Europe","LN874253_Europe_B/C_France_2014.833"
"1548","KT220466","B/C","B","2014.819","France",2014.819,"Europe","Europe","KT220466_Europe_B/C_France_2014.819"
"1549","KP307990","B/C","B","2014.808","France",2014.808,"Europe","Europe","KP307990_Europe_B/C_France_2014.808"
"1550","KP307989","B/C","B","2014.808","France",2014.808,"Europe","Europe","KP307989_Europe_B/C_France_2014.808"
"1551","KT220455","B/C","B","2014.8","France",2014.8,"Europe","Europe","KT220455_Europe_B/C_France_2014.8"
"1552","LN874244","B/C","B","[2014.748:2014.83]","France",2014.798951,"Europe","Europe","LN874244_Europe_B/C_France_2014.799"
"1553","OQ933706","B/C","B","2014.915","Spain",2014.915,"Europe","Europe","OQ933706_Europe_B/C_Spain_2014.915"
"1554","MF159960","B/C","B","2014.668","USA",2014.668,"North America","North America","MF159960_North-America_B/C_USA_2014.668"
"1555","KP455190","B/C","B","[2014.578:2014.997]","Canada",2014.650951,"North America","North America","KP455190_North-America_B/C_Canada_2014.651"
"1556","KT873580","B/C","B","2014.792","Canada",2014.792,"North America","North America","KT873580_North-America_B/C_Canada_2014.792"
"1557","KT873581","B/C","B","2014.762","Canada",2014.762,"North America","North America","KT873581_North-America_B/C_Canada_2014.762"
"1558","MF160065","B/C","B","2014.685","USA",2014.685,"North America","North America","MF160065_North-America_B/C_USA_2014.685"
"1559","KU645361","B/C","B","2014.732","Ireland",2014.732,"Europe","Europe","KU645361_Europe_B/C_Ireland_2014.732"
"1560","KT835408","B/C","B","2014.704","Canada",2014.704,"North America","North America","KT835408_North-America_B/C_Canada_2014.704"
"1561","KP455279","B/C","B","[2014.507:2014.822]","Canada",2014.528942,"North America","North America","KP455279_North-America_B/C_Canada_2014.529"
"1562","KT873578","B/C","B","2014.816","Canada",2014.816,"North America","North America","KT873578_North-America_B/C_Canada_2014.816"
"1563","MF159604","B/C","B","2014.614","USA",2014.614,"North America","North America","MF159604_North-America_B/C_USA_2014.614"
"1564","KT873576","B/C","B","2014.797","Canada",2014.797,"North America","North America","KT873576_North-America_B/C_Canada_2014.797"
"1565","KT835400","B/C","B","2014.718","Canada",2014.718,"North America","North America","KT835400_North-America_B/C_Canada_2014.718"
"1566","MF159642","B/C","B","2014.666","USA",2014.666,"North America","North America","MF159642_North-America_B/C_USA_2014.666"
"1567","KT995548","B/C","B","2014.69","USA",2014.69,"North America","North America","KT995548_North-America_B/C_USA_2014.69"
"1568","KT873577","B/C","B","2014.879","Canada",2014.879,"North America","North America","KT873577_North-America_B/C_Canada_2014.879"
"1569","MF159587","B/C","B","2014.625","USA",2014.625,"North America","North America","MF159587_North-America_B/C_USA_2014.625"
"1570","KX255385","B/C","B","2014.699","USA",2014.699,"North America","North America","KX255385_North-America_B/C_USA_2014.699"
"1571","KT873582","B/C","B","2014.789","Canada",2014.789,"North America","North America","KT873582_North-America_B/C_Canada_2014.789"
"1572","KT835398","B/C","B","2014.764","Canada",2014.764,"North America","North America","KT835398_North-America_B/C_Canada_2014.764"
"1573","KP153539","B/C","B","2014.756","Italy",2014.756,"Europe","Europe","KP153539_Europe_B/C_Italy_2014.756"
"1574","KP153541","B/C","B","2014.811","Italy",2014.811,"Europe","Europe","KP153541_Europe_B/C_Italy_2014.811"
"1575","KP153546","B/C","B","2014.822","Italy",2014.822,"Europe","Europe","KP153546_Europe_B/C_Italy_2014.822"
"1576","KP153540","B/C","B","2014.8","Italy",2014.8,"Europe","Europe","KP153540_Europe_B/C_Italy_2014.8"
"1577","KP153542","B/C","B","2014.814","Italy",2014.814,"Europe","Europe","KP153542_Europe_B/C_Italy_2014.814"
"1578","KP153543","B/C","B","2014.816","Italy",2014.816,"Europe","Europe","KP153543_Europe_B/C_Italy_2014.816"
"1579","OQ933709","B/C","B","2014.992","Spain",2014.992,"Europe","Europe","OQ933709_Europe_B/C_Spain_2014.992"
"1580","KT220458","B/C","B","2014.904","France",2014.904,"Europe","Europe","KT220458_Europe_B/C_France_2014.904"
"1581","KP153544","B/C","B","2014.819","Italy",2014.819,"Europe","Europe","KP153544_Europe_B/C_Italy_2014.819"
"1582","KP189400","B/C","B","2014.808","Germany",2014.808,"Europe","Europe","KP189400_Europe_B/C_Germany_2014.808"
"1583","KP153545","B/C","B","2014.819","Italy",2014.819,"Europe","Europe","KP153545_Europe_B/C_Italy_2014.819"
"1584","KP406494","B/C","B","2014.8","France",2014.8,"Europe","Europe","KP406494_Europe_B/C_France_2014.8"
"1585","LT745913","B/C","B","2014.934","France",2014.934,"Europe","Europe","LT745913_Europe_B/C_France_2014.934"
"1586","KT873586","B/C","B","2014.775","Canada",2014.775,"North America","North America","KT873586_North-America_B/C_Canada_2014.775"
"1587","KT873587","B/C","B","2014.795","Canada",2014.795,"North America","North America","KT873587_North-America_B/C_Canada_2014.795"
"1588","KP455280","B/C","B","[2014.751:2014.997]","Canada",2014.949873,"North America","North America","KP455280_North-America_B/C_Canada_2014.95"
"1589","MF159611","B/C","B","2014.652","USA",2014.652,"North America","North America","MF159611_North-America_B/C_USA_2014.652"
"1590","MF159760","B/C","B","2014.682","USA",2014.682,"North America","North America","MF159760_North-America_B/C_USA_2014.682"
"1591","KT873566","B/C","B","2014.808","Canada",2014.808,"North America","North America","KT873566_North-America_B/C_Canada_2014.808"
"1592","KT873569","B/C","B","2014.819","Canada",2014.819,"North America","North America","KT873569_North-America_B/C_Canada_2014.819"
"1593","KT347233","B/C","B","[2014.688:2014.997]","USA",2014.997,"North America","North America","KT347233_North-America_B/C_USA_2014.997"
"1594","KT873574","B/C","B","2014.8","Canada",2014.8,"North America","North America","KT873574_North-America_B/C_Canada_2014.8"
"1595","KT873565","B/C","B","2014.789","Canada",2014.789,"North America","North America","KT873565_North-America_B/C_Canada_2014.789"
"1596","KT873573","B/C","B","2014.789","Canada",2014.789,"North America","North America","KT873573_North-America_B/C_Canada_2014.789"
"1597","KT873575","B/C","B","2014.816","Canada",2014.816,"North America","North America","KT873575_North-America_B/C_Canada_2014.816"
"1598","KP114663","B/C","B","2014.663","Canada",2014.663,"North America","North America","KP114663_North-America_B/C_Canada_2014.663"
"1599","KT873567","B/C","B","2014.789","Canada",2014.789,"North America","North America","KT873567_North-America_B/C_Canada_2014.789"
"1600","MF160088","B/C","B","2014.71","USA",2014.71,"North America","North America","MF160088_North-America_B/C_USA_2014.71"
"1601","KT995542","B/C","B","2014.679","USA",2014.679,"North America","North America","KT995542_North-America_B/C_USA_2014.679"
"1602","KT873568","B/C","B","2014.786","Canada",2014.786,"North America","North America","KT873568_North-America_B/C_Canada_2014.786"
"1603","KR081329","B/C","B","[2014.748:2014.83]","Mexico",2014.83,"Central America","External","KR081329_External_B/C_Mexico_2014.83"
"1604","KT873572","B/C","B","2014.847","Canada",2014.847,"North America","North America","KT873572_North-America_B/C_Canada_2014.847"
"1605","KT995547","B/C","B","2014.69","USA",2014.69,"North America","North America","KT995547_North-America_B/C_USA_2014.69"
"1606","KX351812","B/C","B","2014.715","USA",2014.715,"North America","North America","KX351812_North-America_B/C_USA_2014.715"
"1607","KT220504","B/C","B","2014.915","France",2014.915,"Europe","Europe","KT220504_Europe_B/C_France_2014.915"
"1608","KP725221","B/C","B","[2014.748:2014.83]","Italy",2014.748,"Europe","Europe","KP725221_Europe_B/C_Italy_2014.748"
"1609","KP725220","B/C","B","[2014.748:2014.83]","Italy",2014.748,"Europe","Europe","KP725220_Europe_B/C_Italy_2014.748"
"1610","KP725223","B/C","B","[2014.759:2014.83]","Italy",2014.83,"Europe","Europe","KP725223_Europe_B/C_Italy_2014.83"
"1611","KP725222","B/C","B","[2014.759:2014.83]","Italy",2014.83,"Europe","Europe","KP725222_Europe_B/C_Italy_2014.83"
"1612","KT220480","B/C","B","2014.899","France",2014.899,"Europe","Europe","KT220480_Europe_B/C_France_2014.899"
"1613","MF159974","B/C","B","2014.693","USA",2014.693,"North America","North America","MF159974_North-America_B/C_USA_2014.693"
"1614","KP455131","B/C","B","[2014.488:2014.997]","Canada",2014.769181,"North America","North America","KP455131_North-America_B/C_Canada_2014.769"
"1615","KT220469","B/C","B","2014.847","France",2014.847,"Europe","Europe","KT220469_Europe_B/C_France_2014.847"
"1616","MF160101","B/C","B","2014.723","USA",2014.723,"North America","North America","MF160101_North-America_B/C_USA_2014.723"
"1617","MF159703","B/C","B","2014.685","USA",2014.685,"North America","North America","MF159703_North-America_B/C_USA_2014.685"
"1618","KP455120","B/C","B","[2014.764:2014.997]","Canada",2014.997,"North America","North America","KP455120_North-America_B/C_Canada_2014.997"
"1619","KP455129","B/C","B","[2014.688:2014.967]","Canada",2014.698881,"North America","North America","KP455129_North-America_B/C_Canada_2014.699"
"1620","KP455162","B/C","B","[2014.688:2014.967]","Canada",2014.698177,"North America","North America","KP455162_North-America_B/C_Canada_2014.698"
"1621","KP455179","B/C","B","[2014.688:2014.967]","Canada",2014.698177,"North America","North America","KP455179_North-America_B/C_Canada_2014.698"
"1622","MF159736","B/C","B","2014.641","USA",2014.641,"North America","North America","MF159736_North-America_B/C_USA_2014.641"
"1623","KP455188","B/C","B","[2014:2014.997]","Canada",2014,"North America","North America","KP455188_North-America_B/C_Canada_2014"
"1624","KP455135","B/C","B","[2014:2014.997]","Canada",2014,"North America","North America","KP455135_North-America_B/C_Canada_2014"
"1625","KX830887","B/C","B","[2015.748:2015.822]","Germany",2015.748,"Europe","Europe","KX830887_Europe_B/C_Germany_2015.748"
"1626","MN726757","B/C","B","2015.69","Netherlands",2015.69,"Europe","Europe","MN726757_Europe_B/C_Netherlands_2015.69"
"1627","MF160164","B/C","B","2014.721","USA",2014.721,"North America","North America","MF160164_North-America_B/C_USA_2014.721"
"1628","MF159682","B/C","B","2014.685","USA",2014.685,"North America","North America","MF159682_North-America_B/C_USA_2014.685"
"1629","KT835389","B/C","B","2014.707","Canada",2014.707,"North America","North America","KT835389_North-America_B/C_Canada_2014.707"
"1630","MF159955","B/C","B","2014.685","USA",2014.685,"North America","North America","MF159955_North-America_B/C_USA_2014.685"
"1631","MF159804","B/C","B","2014.685","USA",2014.685,"North America","North America","MF159804_North-America_B/C_USA_2014.685"
"1632","MF159915","B/C","B","2014.696","USA",2014.696,"North America","North America","MF159915_North-America_B/C_USA_2014.696"
"1633","KT835402","B/C","B","2014.707","Canada",2014.707,"North America","North America","KT835402_North-America_B/C_Canada_2014.707"
"1634","KP126912","B/C","B","[2014.597:2014.663]","USA",2014.663,"North America","North America","KP126912_North-America_B/C_USA_2014.663"
"1635","MF160196","B/C","B","2014.729","USA",2014.729,"North America","North America","MF160196_North-America_B/C_USA_2014.729"
"1636","KT995574","B/C","B","2014.696","USA",2014.696,"North America","North America","KT995574_North-America_B/C_USA_2014.696"
"1637","MF160226","B/C","B","2014.759","USA",2014.759,"North America","North America","MF160226_North-America_B/C_USA_2014.759"
"1638","KT835401","B/C","B","2014.715","Canada",2014.715,"North America","North America","KT835401_North-America_B/C_Canada_2014.715"
"1639","MF159947","B/C","B","2014.614","USA",2014.614,"North America","North America","MF159947_North-America_B/C_USA_2014.614"
"1640","MF159948","B/C","B","2014.627","USA",2014.627,"North America","North America","MF159948_North-America_B/C_USA_2014.627"
"1641","MF159842","B/C","B","2014.696","USA",2014.696,"North America","North America","MF159842_North-America_B/C_USA_2014.696"
"1642","KX255383","B/C","B","2012.675","USA",2012.675,"North America","North America","KX255383_North-America_B/C_USA_2012.675"
"1643","MK511853","B/C","B","[2013:2013.8]","USA",2013,"North America","North America","MK511853_North-America_B/C_USA_2013"
"1644","MK496911","B/C","B","[2013:2013.997]","Panama",2013.796311,"Central America","External","MK496911_External_B/C_Panama_2013.796"
"1645","MK496914","B/C","B","[2013:2013.997]","Panama",2013.015804,"Central America","External","MK496914_External_B/C_Panama_2013.016"
"1646","MK496909","B/C","B","[2013:2013.997]","Panama",2013.32228,"Central America","External","MK496909_External_B/C_Panama_2013.322"
"1647","MK496915","B/C","B","[2013:2013.8]","Panama",2013.342045,"Central America","External","MK496915_External_B/C_Panama_2013.342"
"1648","KX433158","B/C","B","2012.71","USA",2012.71,"North America","North America","KX433158_North-America_B/C_USA_2012.71"
"1649","MW732016","B/C","B","[2013.674:2013.745]","Germany",2013.745,"Europe","Europe","MW732016_Europe_B/C_Germany_2013.745"
"1650","KX433156","B/C","B","2013.655","USA",2013.655,"North America","North America","KX433156_North-America_B/C_USA_2013.655"
"1651","KX255368","B/C","B","2013.693","USA",2013.693,"North America","North America","KX255368_North-America_B/C_USA_2013.693"
"1652","KX255387","B/C","B","2013.764","USA",2013.764,"North America","North America","KX255387_North-America_B/C_USA_2013.764"
"1653","KX255398","B/C","B","2013.786","USA",2013.786,"North America","North America","KX255398_North-America_B/C_USA_2013.786"
"1654","KX433165","B/C","B","2013.786","USA",2013.786,"North America","North America","KX433165_North-America_B/C_USA_2013.786"
"1655","KX255384","B/C","B","2013.748","USA",2013.748,"North America","North America","KX255384_North-America_B/C_USA_2013.748"
"1656","KX255406","B/C","B","2013.732","USA",2013.732,"North America","North America","KX255406_North-America_B/C_USA_2013.732"
"1657","MF159995","B/C","B","2014.696","USA",2014.696,"North America","North America","MF159995_North-America_B/C_USA_2014.696"
"1658","MF160012","B/C","B","2014.712","USA",2014.712,"North America","North America","MF160012_North-America_B/C_USA_2014.712"
"1659","KT995586","B/C","B","2014.688","USA",2014.688,"North America","North America","KT995586_North-America_B/C_USA_2014.688"
"1660","MK496900","B/C","B","[2013:2013.997]","El Salvador",2013,"Central America","External","MK496900_External_B/C_El-Salvador_2013"
"1661","MK496906","B/C","B","[2013:2013.997]","El Salvador",2013,"Central America","External","MK496906_External_B/C_El-Salvador_2013"
"1662","MK496903","B/C","B","[2013.847:2013.997]","El Salvador",2013.847,"Central America","External","MK496903_External_B/C_El-Salvador_2013.847"
"1663","KP455175","B/C","B","[2014:2014.551]","Canada",2014,"North America","North America","KP455175_North-America_B/C_Canada_2014"
"1664","KP455206","B/C","B","[2014:2014.551]","Canada",2014.250838,"North America","North America","KP455206_North-America_B/C_Canada_2014.251"
"1665","KP455186","B/C","B","[2014:2014.551]","Canada",2014.250838,"North America","North America","KP455186_North-America_B/C_Canada_2014.251"
"1666","KT995532","B/C","B","2014.638","USA",2014.638,"North America","North America","KT995532_North-America_B/C_USA_2014.638"
"1667","KR081332","B/C","B","[2014.756:2014.83]","Mexico",2014.83,"Central America","External","KR081332_External_B/C_Mexico_2014.83"
"1668","MF159837","B/C","B","2014.693","USA",2014.693,"North America","North America","MF159837_North-America_B/C_USA_2014.693"
"1669","KP455277","B/C","B","[2014.71:2014.997]","Canada",2014.997,"North America","North America","KP455277_North-America_B/C_Canada_2014.997"
"1670","KT995550","B/C","B","2014.679","USA",2014.679,"North America","North America","KT995550_North-America_B/C_USA_2014.679"
"1671","KT995535","B/C","B","2014.658","USA",2014.658,"North America","North America","KT995535_North-America_B/C_USA_2014.658"
"1672","MF159752","B/C","B","2014.581","USA",2014.581,"North America","North America","MF159752_North-America_B/C_USA_2014.581"
"1673","OQ933716","B/C","B","2014.926","Spain",2014.926,"Europe","Europe","OQ933716_Europe_B/C_Spain_2014.926"
"1674","KP126910","B/C","B","[2014.592:2014.663]","USA",2014.663,"North America","North America","KP126910_North-America_B/C_USA_2014.663"
"1675","LN681327","B/C","B","[2014.759:2014.83]","France",2014.83,"Europe","Europe","LN681327_Europe_B/C_France_2014.83"
"1676","LN681337","B/C","B","[2014.833:2014.912]","France",2014.860345,"Europe","Europe","LN681337_Europe_B/C_France_2014.86"
"1677","KT220445","B/C","B","2014.885","France",2014.885,"Europe","Europe","KT220445_Europe_B/C_France_2014.885"
"1678","KT220500","B/C","B","2014.822","France",2014.822,"Europe","Europe","KT220500_Europe_B/C_France_2014.822"
"1679","KT873593","B/C","B","2014.8","Canada",2014.8,"North America","North America","KT873593_North-America_B/C_Canada_2014.8"
"1680","MF160058","B/C","B","2014.69","USA",2014.69,"North America","North America","MF160058_North-America_B/C_USA_2014.69"
"1681","MF159671","B/C","B","2014.655","USA",2014.655,"North America","North America","MF159671_North-America_B/C_USA_2014.655"
"1682","KR081326","B/C","B","[2014.759:2014.83]","Mexico",2014.83,"Central America","External","KR081326_External_B/C_Mexico_2014.83"
"1683","KT873591","B/C","B","2014.83","Canada",2014.83,"North America","North America","KT873591_North-America_B/C_Canada_2014.83"
"1684","KT873608","B/C","B","2014.863","Canada",2014.863,"North America","North America","KT873608_North-America_B/C_Canada_2014.863"
"1685","KT873655","B/C","B","2014.852","Canada",2014.852,"North America","North America","KT873655_North-America_B/C_Canada_2014.852"
"1686","KT873707","B/C","B","2014.775","Canada",2014.775,"North America","North America","KT873707_North-America_B/C_Canada_2014.775"
"1687","KT873652","B/C","B","2014.833","Canada",2014.833,"North America","North America","KT873652_North-America_B/C_Canada_2014.833"
"1688","KT873614","B/C","B","2014.855","Canada",2014.855,"North America","North America","KT873614_North-America_B/C_Canada_2014.855"
"1689","KT873611","B/C","B","2014.822","Canada",2014.822,"North America","North America","KT873611_North-America_B/C_Canada_2014.822"
"1690","KP455093","B/C","B","[2014:2014.551]","Canada",2014.012285,"North America","North America","KP455093_North-America_B/C_Canada_2014.012"
"1691","KP455119","B/C","B","[2014:2014.551]","Canada",2014.012285,"North America","North America","KP455119_North-America_B/C_Canada_2014.012"
"1692","KP455154","B/C","B","[2014:2014.551]","Canada",2014.017712,"North America","North America","KP455154_North-America_B/C_Canada_2014.018"
"1693","KP455166","B/C","B","[2014:2014.551]","Canada",2014.017712,"North America","North America","KP455166_North-America_B/C_Canada_2014.018"
"1694","KP455172","B/C","B","[2014:2014.551]","Canada",2014.058495,"North America","North America","KP455172_North-America_B/C_Canada_2014.058"
"1695","KP455184","B/C","B","[2014:2014.551]","Canada",2014.058495,"North America","North America","KP455184_North-America_B/C_Canada_2014.058"
"1696","KT835392","B/C","B","2014.707","Canada",2014.707,"North America","North America","KT835392_North-America_B/C_Canada_2014.707"
"1697","MF159588","B/C","B","2014.627","USA",2014.627,"North America","North America","MF159588_North-America_B/C_USA_2014.627"
"1698","KP745752","B/C","B","2014.742","USA",2014.742,"North America","North America","KP745752_North-America_B/C_USA_2014.742"
"1699","KX351794","B/C","B","2014.721","USA",2014.721,"North America","North America","KX351794_North-America_B/C_USA_2014.721"
"1700","KR081324","B/C","B","[2014.679:2014.745]","Mexico",2014.745,"Central America","External","KR081324_External_B/C_Mexico_2014.745"
"1701","KR081327","B/C","B","[2014.748:2014.83]","Mexico",2014.748,"Central America","External","KR081327_External_B/C_Mexico_2014.748"
"1702","KP455278","B/C","B","[2014.792:2014.997]","Canada",2014.995985,"North America","North America","KP455278_North-America_B/C_Canada_2014.996"
"1703","KT825142","B/C","B","2014.808","Mexico",2014.808,"Central America","External","KT825142_External_B/C_Mexico_2014.808"
"1704","KT220485","B/C","B","2014.901","France",2014.901,"Europe","Europe","KT220485_Europe_B/C_France_2014.901"
"1705","KT220494","B/C","B","2014.921","France",2014.921,"Europe","Europe","KT220494_Europe_B/C_France_2014.921"
"1706","KT220492","B/C","B","2014.937","France",2014.937,"Europe","Europe","KT220492_Europe_B/C_France_2014.937"
"1707","KT220491","B/C","B","2014.934","France",2014.934,"Europe","Europe","KT220491_Europe_B/C_France_2014.934"
"1708","KR081323","B/C","B","[2014.666:2014.745]","Mexico",2014.745,"Central America","External","KR081323_External_B/C_Mexico_2014.745"
"1709","KT382191","B/C","B","[2014.748:2014.83]","Mexico",2014.748,"Central America","External","KT382191_External_B/C_Mexico_2014.748"
"1710","MN220718","B/C","B","2014.723","USA",2014.723,"North America","North America","MN220718_North-America_B/C_USA_2014.723"
"1711","KR081328","B/C","B","[2014.748:2014.83]","Mexico",2014.748,"Central America","External","KR081328_External_B/C_Mexico_2014.748"
"1712","KR081333","B/C","B","[2014.762:2014.83]","Mexico",2014.83,"Central America","External","KR081333_External_B/C_Mexico_2014.83"
"1713","KT382190","B/C","B","[2014.748:2014.83]","Mexico",2014.748,"Central America","External","KT382190_External_B/C_Mexico_2014.748"
"1714","KP455205","B/C","B","[2014:2014.551]","Canada",2014.106867,"North America","North America","KP455205_North-America_B/C_Canada_2014.107"
"1715","KP455215","B/C","B","[2014:2014.551]","Canada",2014.106867,"North America","North America","KP455215_North-America_B/C_Canada_2014.107"
"1716","KP455094","B/C","B","[2014:2014.551]","Canada",2014,"North America","North America","KP455094_North-America_B/C_Canada_2014"
"1717","KP455148","B/C","B","[2014:2014.551]","Canada",2014.181889,"North America","North America","KP455148_North-America_B/C_Canada_2014.182"
"1718","KP455138","B/C","B","[2014:2014.551]","Canada",2014.36953,"North America","North America","KP455138_North-America_B/C_Canada_2014.37"
"1719","KP455096","B/C","B","[2014:2014.551]","Canada",2014.36953,"North America","North America","KP455096_North-America_B/C_Canada_2014.37"
"1720","KP455169","B/C","B","[2014:2014.551]","Canada",2014,"North America","North America","KP455169_North-America_B/C_Canada_2014"
"1721","KP455153","B/C","B","[2014:2014.551]","Canada",2014.221138,"North America","North America","KP455153_North-America_B/C_Canada_2014.221"
"1722","KP455195","B/C","B","[2014:2014.551]","Canada",2014.221138,"North America","North America","KP455195_North-America_B/C_Canada_2014.221"
"1723","KP455159","B/C","B","[2014:2014.551]","Canada",2014.057044,"North America","North America","KP455159_North-America_B/C_Canada_2014.057"
"1724","KP455104","B/C","B","[2014:2014.551]","Canada",2014.057044,"North America","North America","KP455104_North-America_B/C_Canada_2014.057"
"1725","KT873700","B/C","B","2014.742","Canada",2014.742,"North America","North America","KT873700_North-America_B/C_Canada_2014.742"
"1726","KT873677","B/C","B","2014.836","Canada",2014.836,"North America","North America","KT873677_North-America_B/C_Canada_2014.836"
"1727","MF160067","B/C","B","2014.715","USA",2014.715,"North America","North America","MF160067_North-America_B/C_USA_2014.715"
"1728","KT873702","B/C","B","2014.764","Canada",2014.764,"North America","North America","KT873702_North-America_B/C_Canada_2014.764"
"1729","KT873713","B/C","B","2014.814","Canada",2014.814,"North America","North America","KT873713_North-America_B/C_Canada_2014.814"
"1730","KT873685","B/C","B","2014.748","Canada",2014.748,"North America","North America","KT873685_North-America_B/C_Canada_2014.748"
"1731","KT383472","B/C","B","2014.921","Dominica",2014.921,"Caribbean","External","KT383472_External_B/C_Dominica_2014.921"
"1732","KT383471","B/C","B","2014.885","Dominica",2014.885,"Caribbean","External","KT383471_External_B/C_Dominica_2014.885"
"1733","KT873631","B/C","B","2014.819","Canada",2014.819,"North America","North America","KT873631_North-America_B/C_Canada_2014.819"
"1734","MF160162","B/C","B","2014.71","USA",2014.71,"North America","North America","MF160162_North-America_B/C_USA_2014.71"
"1735","KP455210","B/C","B","[2014.663:2014.989]","Canada",2014.663,"North America","North America","KP455210_North-America_B/C_Canada_2014.663"
"1736","KP455207","B/C","B","[2014.704:2014.997]","Canada",2014.997,"North America","North America","KP455207_North-America_B/C_Canada_2014.997"
"1737","KP455141","B/C","B","[2014.663:2014.989]","Canada",2014.663,"North America","North America","KP455141_North-America_B/C_Canada_2014.663"
"1738","KT873682","B/C","B","2014.767","Canada",2014.767,"North America","North America","KT873682_North-America_B/C_Canada_2014.767"
"1739","KT873644","B/C","B","2014.742","Canada",2014.742,"North America","North America","KT873644_North-America_B/C_Canada_2014.742"
"1740","KT873653","B/C","B","2014.767","Canada",2014.767,"North America","North America","KT873653_North-America_B/C_Canada_2014.767"
"1741","KT873673","B/C","B","2014.852","Canada",2014.852,"North America","North America","KT873673_North-America_B/C_Canada_2014.852"
"1742","KT873709","B/C","B","2014.849","Canada",2014.849,"North America","North America","KT873709_North-America_B/C_Canada_2014.849"
"1743","KT382192","B/C","B","[2014.748:2014.822]","Mexico",2014.748,"Central America","External","KT382192_External_B/C_Mexico_2014.748"
"1744","OR365007","B/C","B","[2014.666:2014.745]","Slovenia",2014.666,"Europe","Europe","OR365007_Europe_B/C_Slovenia_2014.666"
"1745","KP745731","B/C","B","[2014.756:2014.83]","Germany",2014.756,"Europe","Europe","KP745731_Europe_B/C_Germany_2014.756"
"1746","KP745730","B/C","B","[2014.841:2014.912]","Germany",2014.912,"Europe","Europe","KP745730_Europe_B/C_Germany_2014.912"
"1747","OR365002","B/C","B","[2014.666:2014.745]","Slovenia",2014.666,"Europe","Europe","OR365002_Europe_B/C_Slovenia_2014.666"
"1748","KT995611","B/C","B","[2014:2014.997]","USA",2014,"North America","North America","KT995611_North-America_B/C_USA_2014"
"1749","KP455155","B/C","B","[2014:2014.551]","Canada",2014,"North America","North America","KP455155_North-America_B/C_Canada_2014"
"1750","KP455136","B/C","B","[2014:2014.997]","Canada",2014,"North America","North America","KP455136_North-America_B/C_Canada_2014"
"1751","KP455149","B/C","B","[2014:2014.997]","Canada",2014.207645,"North America","North America","KP455149_North-America_B/C_Canada_2014.208"
"1752","MF159787","B/C","B","2014.652","USA",2014.652,"North America","North America","MF159787_North-America_B/C_USA_2014.652"
"1753","KP455151","B/C","B","[2014.501:2014.888]","Canada",2014.501,"North America","North America","KP455151_North-America_B/C_Canada_2014.501"
"1754","MF159952","B/C","B","2014.688","USA",2014.688,"North America","North America","MF159952_North-America_B/C_USA_2014.688"
"1755","KT835407","B/C","B","2014.704","Canada",2014.704,"North America","North America","KT835407_North-America_B/C_Canada_2014.704"
"1756","KP455123","B/C","B","[2014.501:2014.888]","Canada",2014.501,"North America","North America","KP455123_North-America_B/C_Canada_2014.501"
"1757","KT835375","B/C","B","2014.715","Canada",2014.715,"North America","North America","KT835375_North-America_B/C_Canada_2014.715"
"1758","KT873642","B/C","B","2014.775","Canada",2014.775,"North America","North America","KT873642_North-America_B/C_Canada_2014.775"
"1759","KT873640","B/C","B","2014.773","Canada",2014.773,"North America","North America","KT873640_North-America_B/C_Canada_2014.773"
"1760","KP455130","B/C","B","[2014:2014.997]","Canada",2014.805073,"North America","North America","KP455130_North-America_B/C_Canada_2014.805"
"1761","MF159580","B/C","B","2014.608","USA",2014.608,"North America","North America","MF159580_North-America_B/C_USA_2014.608"
"1762","KT835374","B/C","B","2014.704","Canada",2014.704,"North America","North America","KT835374_North-America_B/C_Canada_2014.704"
"1763","KT835376","B/C","B","2014.715","Canada",2014.715,"North America","North America","KT835376_North-America_B/C_Canada_2014.715"
"1764","KP455266","B/C","B","[2014.6:2014.921]","Canada",2014.6,"North America","North America","KP455266_North-America_B/C_Canada_2014.6"
"1765","KT873641","B/C","B","2014.789","Canada",2014.789,"North America","North America","KT873641_North-America_B/C_Canada_2014.789"
"1766","KT835390","B/C","B","2014.704","Canada",2014.704,"North America","North America","KT835390_North-America_B/C_Canada_2014.704"
"1767","MF159762","B/C","B","2014.688","USA",2014.688,"North America","North America","MF159762_North-America_B/C_USA_2014.688"
"1768","KT873639","B/C","B","2014.83","Canada",2014.83,"North America","North America","KT873639_North-America_B/C_Canada_2014.83"
"1769","KP455180","B/C","B","[2014.595:2014.997]","Canada",2014.997,"North America","North America","KP455180_North-America_B/C_Canada_2014.997"
"1770","KP455144","B/C","B","[2014:2014.997]","Canada",2014.257282,"North America","North America","KP455144_North-America_B/C_Canada_2014.257"
"1771","KU509997","B/C","B","2015.685","USA",2015.685,"North America","North America","KU509997_North-America_B/C_USA_2015.685"
"1772","KX351827","B/C","B","2014.701","USA",2014.701,"North America","North America","KX351827_North-America_B/C_USA_2014.701"
"1773","KT347271","B/C","B","[2014.595:2014.992]","USA",2014.71457,"North America","North America","KT347271_North-America_B/C_USA_2014.715"
"1774","MF159720","B/C","B","2014.627","USA",2014.627,"North America","North America","MF159720_North-America_B/C_USA_2014.627"
"1775","MF159668","B/C","B","2014.641","USA",2014.641,"North America","North America","MF159668_North-America_B/C_USA_2014.641"
"1776","KR108025","B/C","B","[2014.756:2014.83]","Denmark",2014.83,"Europe","Europe","KR108025_Europe_B/C_Denmark_2014.83"
"1777","KT220456","B/C","B","2014.803","France",2014.803,"Europe","Europe","KT220456_Europe_B/C_France_2014.803"
"1778","MH674116","B/C","B","2014.707","Sweden",2014.707,"Europe","Europe","MH674116_Europe_B/C_Sweden_2014.707"
"1779","MH674111","B/C","B","2014.616","Sweden",2014.616,"Europe","Europe","MH674111_Europe_B/C_Sweden_2014.616"
"1780","OQ933711","B/C","B","2014.921","Spain",2014.921,"Europe","Europe","OQ933711_Europe_B/C_Spain_2014.921"
"1781","OQ933710","B/C","B","2014.858","Spain",2014.858,"Europe","Europe","OQ933710_Europe_B/C_Spain_2014.858"
"1782","MH674112","B/C","B","2014.616","Sweden",2014.616,"Europe","Europe","MH674112_Europe_B/C_Sweden_2014.616"
"1783","MH674115","B/C","B","2014.685","Sweden",2014.685,"Europe","Europe","MH674115_Europe_B/C_Sweden_2014.685"
"1784","KT220452","B/C","B","2014.83","France",2014.83,"Europe","Europe","KT220452_Europe_B/C_France_2014.83"
"1785","MF160106","B/C","B","2014.718","USA",2014.718,"North America","North America","MF160106_North-America_B/C_USA_2014.718"
"1786","MF160054","B/C","B","2014.647","USA",2014.647,"North America","North America","MF160054_North-America_B/C_USA_2014.647"
"1787","MF159583","B/C","B","2014.622","USA",2014.622,"North America","North America","MF159583_North-America_B/C_USA_2014.622"
"1788","KP455276","B/C","B","[2014.636:2014.918]","Canada",2014.698717,"North America","North America","KP455276_North-America_B/C_Canada_2014.699"
"1789","KT995567","B/C","B","2014.699","USA",2014.699,"North America","North America","KT995567_North-America_B/C_USA_2014.699"
"1790","MF159712","B/C","B","2014.677","USA",2014.677,"North America","North America","MF159712_North-America_B/C_USA_2014.677"
"1791","MF159597","B/C","B","2014.644","USA",2014.644,"North America","North America","MF159597_North-America_B/C_USA_2014.644"
"1792","MF160127","B/C","B","2014.712","USA",2014.712,"North America","North America","MF160127_North-America_B/C_USA_2014.712"
"1793","MF159838","B/C","B","2014.693","USA",2014.693,"North America","North America","MF159838_North-America_B/C_USA_2014.693"
"1794","MF159832","B/C","B","2014.688","USA",2014.688,"North America","North America","MF159832_North-America_B/C_USA_2014.688"
"1795","KT873680","B/C","B","2014.808","Canada",2014.808,"North America","North America","KT873680_North-America_B/C_Canada_2014.808"
"1796","MF159673","B/C","B","2014.658","USA",2014.658,"North America","North America","MF159673_North-America_B/C_USA_2014.658"
"1797","KT873712","B/C","B","2014.838","Canada",2014.838,"North America","North America","KT873712_North-America_B/C_Canada_2014.838"
"1798","KT873678","B/C","B","2014.83","Canada",2014.83,"North America","North America","KT873678_North-America_B/C_Canada_2014.83"
"1799","MF159892","B/C","B","2014.652","USA",2014.652,"North America","North America","MF159892_North-America_B/C_USA_2014.652"
"1800","MF160170","B/C","B","2014.597","USA",2014.597,"North America","North America","MF160170_North-America_B/C_USA_2014.597"
"1801","MF159785","B/C","B","2014.605","USA",2014.605,"North America","North America","MF159785_North-America_B/C_USA_2014.605"
"1802","KT803995","B/C","B","2014.789","Mexico",2014.789,"Central America","External","KT803995_External_B/C_Mexico_2014.789"
"1803","MF159576","B/C","B","2014.589","USA",2014.589,"North America","North America","MF159576_North-America_B/C_USA_2014.589"
"1804","MF159609","B/C","B","2014.622","USA",2014.622,"North America","North America","MF159609_North-America_B/C_USA_2014.622"
"1805","MF159674","B/C","B","2014.655","USA",2014.655,"North America","North America","MF159674_North-America_B/C_USA_2014.655"
"1806","MF159882","B/C","B","2014.688","USA",2014.688,"North America","North America","MF159882_North-America_B/C_USA_2014.688"
"1807","KT835387","B/C","B","2014.707","Canada",2014.707,"North America","North America","KT835387_North-America_B/C_Canada_2014.707"
"1808","KT873697","B/C","B","2014.838","Canada",2014.838,"North America","North America","KT873697_North-America_B/C_Canada_2014.838"
"1809","KT873688","B/C","B","2014.822","Canada",2014.822,"North America","North America","KT873688_North-America_B/C_Canada_2014.822"
"1810","KT873686","B/C","B","2014.836","Canada",2014.836,"North America","North America","KT873686_North-America_B/C_Canada_2014.836"
"1811","MF159628","B/C","B","2014.652","USA",2014.652,"North America","North America","MF159628_North-America_B/C_USA_2014.652"
"1812","KP745735","B/C","B","[2014.77:2014.83]","Germany",2014.83,"Europe","Europe","KP745735_Europe_B/C_Germany_2014.83"
"1813","LN874227","B/C","B","[2014.748:2014.83]","France",2014.748,"Europe","Europe","LN874227_Europe_B/C_France_2014.748"
"1814","KU645363","B/C","B","2014.712","Ireland",2014.712,"Europe","Europe","KU645363_Europe_B/C_Ireland_2014.712"
"1815","OR365005","B/C","B","[2014.666:2014.745]","Slovenia",2014.745,"Europe","Europe","OR365005_Europe_B/C_Slovenia_2014.745"
"1816","KP745732","B/C","B","[2014.748:2014.819]","Germany",2014.748,"Europe","Europe","KP745732_Europe_B/C_Germany_2014.748"
"1817","KP189395","B/C","B","2014.77","Germany",2014.77,"Europe","Europe","KP189395_Europe_B/C_Germany_2014.77"
"1818","MF159992","B/C","B","2014.693","USA",2014.693,"North America","North America","MF159992_North-America_B/C_USA_2014.693"
"1819","MF159619","B/C","B","2014.603","USA",2014.603,"North America","North America","MF159619_North-America_B/C_USA_2014.603"
"1820","KT873679","B/C","B","2014.816","Canada",2014.816,"North America","North America","KT873679_North-America_B/C_Canada_2014.816"
"1821","MW731821","B/C","B","[2014.748:2014.819]","Germany",2014.814824,"Europe","Europe","MW731821_Europe_B/C_Germany_2014.815"
"1822","MF160093","B/C","B","2014.688","USA",2014.688,"North America","North America","MF160093_North-America_B/C_USA_2014.688"
"1823","KP455187","B/C","B","[2014.63:2014.997]","Canada",2014.997,"North America","North America","KP455187_North-America_B/C_Canada_2014.997"
"1824","KT995565","B/C","B","2014.638","USA",2014.638,"North America","North America","KT995565_North-America_B/C_USA_2014.638"
"1825","MF160193","B/C","B","2014.751","USA",2014.751,"North America","North America","MF160193_North-America_B/C_USA_2014.751"
"1826","MF159755","B/C","B","2014.682","USA",2014.682,"North America","North America","MF159755_North-America_B/C_USA_2014.682"
"1827","KX351798","B/C","B","2014.699","USA",2014.699,"North America","North America","KX351798_North-America_B/C_USA_2014.699"
"1828","MK681490","B/C","B","[2014.666:2014.745]","USA",2014.666,"North America","North America","MK681490_North-America_B/C_USA_2014.666"
"1829","MF160034","B/C","B","2014.693","USA",2014.693,"North America","North America","MF160034_North-America_B/C_USA_2014.693"
"1830","KX255407","B/C","B","2014.732","USA",2014.732,"North America","North America","KX255407_North-America_B/C_USA_2014.732"
"1831","MF159905","B/C","B","2014.693","USA",2014.693,"North America","North America","MF159905_North-America_B/C_USA_2014.693"
"1832","MF160105","B/C","B","2014.721","USA",2014.721,"North America","North America","MF160105_North-America_B/C_USA_2014.721"
"1833","MF160117","B/C","B","2014.707","USA",2014.707,"North America","North America","MF160117_North-America_B/C_USA_2014.707"
"1834","MF159685","B/C","B","2014.685","USA",2014.685,"North America","North America","MF159685_North-America_B/C_USA_2014.685"
"1835","MF160025","B/C","B","2014.701","USA",2014.701,"North America","North America","MF160025_North-America_B/C_USA_2014.701"
"1836","MF159683","B/C","B","2014.685","USA",2014.685,"North America","North America","MF159683_North-America_B/C_USA_2014.685"
"1837","KR081325","B/C","B","[2014.666:2014.74]","Mexico",2014.74,"Central America","External","KR081325_External_B/C_Mexico_2014.74"
"1838","KT873634","B/C","B","2014.827","Canada",2014.827,"North America","North America","KT873634_North-America_B/C_Canada_2014.827"
"1839","KT835394","B/C","B","2014.707","Canada",2014.707,"North America","North America","KT835394_North-America_B/C_Canada_2014.707"
"1840","KT995617","B/C","B","2014.729","USA",2014.729,"North America","North America","KT995617_North-America_B/C_USA_2014.729"
"1841","KX351820","B/C","B","2014.707","USA",2014.707,"North America","North America","KX351820_North-America_B/C_USA_2014.707"
"1842","MF159878","B/C","B","2014.688","USA",2014.688,"North America","North America","MF159878_North-America_B/C_USA_2014.688"
"1843","KP247599","B/C","B","2014.721","Chile",2014.721,"South America","External","KP247599_External_B/C_Chile_2014.721"
"1844","MF159912","B/C","B","2014.693","USA",2014.693,"North America","North America","MF159912_North-America_B/C_USA_2014.693"
"1845","KT873589","B/C","B","2014.811","Canada",2014.811,"North America","North America","KT873589_North-America_B/C_Canada_2014.811"
"1846","KT873590","B/C","B","2014.838","Canada",2014.838,"North America","North America","KT873590_North-America_B/C_Canada_2014.838"
"1847","MF160121","B/C","B","2014.696","USA",2014.696,"North America","North America","MF160121_North-America_B/C_USA_2014.696"
"1848","KT995569","B/C","B","2014.655","USA",2014.655,"North America","North America","KT995569_North-America_B/C_USA_2014.655"
"1849","MF160144","B/C","B","2014.737","USA",2014.737,"North America","North America","MF160144_North-America_B/C_USA_2014.737"
"1850","MF160219","B/C","B","2014.751","USA",2014.751,"North America","North America","MF160219_North-America_B/C_USA_2014.751"
"1851","KM975347","B/C","B","2014.652","Netherlands",2014.652,"Europe","Europe","KM975347_Europe_B/C_Netherlands_2014.652"
"1852","MF159881","B/C","B","2014.671","USA",2014.671,"North America","North America","MF159881_North-America_B/C_USA_2014.671"
"1853","KT835393","B/C","B","2014.71","Canada",2014.71,"North America","North America","KT835393_North-America_B/C_Canada_2014.71"
"1854","KP745757","B/C","B","2014.784","USA",2014.784,"North America","North America","KP745757_North-America_B/C_USA_2014.784"
"1855","MF159776","B/C","B","2014.674","USA",2014.674,"North America","North America","MF159776_North-America_B/C_USA_2014.674"
"1856","MF160010","B/C","B","2014.671","USA",2014.671,"North America","North America","MF160010_North-America_B/C_USA_2014.671"
"1857","MF159810","B/C","B","2014.679","USA",2014.679,"North America","North America","MF159810_North-America_B/C_USA_2014.679"
"1858","MF159794","B/C","B","2014.69","USA",2014.69,"North America","North America","MF159794_North-America_B/C_USA_2014.69"
"1859","KR108023","B/C","B","[2014.841:2014.912]","Denmark",2014.912,"Europe","Europe","KR108023_Europe_B/C_Denmark_2014.912"
"1860","KT347224","B/C","B","[2014:2014.997]","USA",2014.964823,"North America","North America","KT347224_North-America_B/C_USA_2014.965"
"1861","KT835386","B/C","B","2014.715","Canada",2014.715,"North America","North America","KT835386_North-America_B/C_Canada_2014.715"
"1862","KT873696","B/C","B","2014.83","Canada",2014.83,"North America","North America","KT873696_North-America_B/C_Canada_2014.83"
"1863","MF160148","B/C","B","2014.732","USA",2014.732,"North America","North America","MF160148_North-America_B/C_USA_2014.732"
"1864","KT873716","B/C","B","2014.841","Canada",2014.841,"North America","North America","KT873716_North-America_B/C_Canada_2014.841"
"1865","KT873629","B/C","B","2014.792","Canada",2014.792,"North America","North America","KT873629_North-America_B/C_Canada_2014.792"
"1866","MF159825","B/C","B","2014.696","USA",2014.696,"North America","North America","MF159825_North-America_B/C_USA_2014.696"
"1867","MF160181","B/C","B","2014.718","USA",2014.718,"North America","North America","MF160181_North-America_B/C_USA_2014.718"
"1868","MK681492","B/C","B","[2014.685:2014.745]","USA",2014.685,"North America","North America","MK681492_North-America_B/C_USA_2014.685"
"1869","MF160057","B/C","B","2014.655","USA",2014.655,"North America","North America","MF160057_North-America_B/C_USA_2014.655"
"1870","MF159887","B/C","B","2014.707","USA",2014.707,"North America","North America","MF159887_North-America_B/C_USA_2014.707"
"1871","MF159643","B/C","B","2014.666","USA",2014.666,"North America","North America","MF159643_North-America_B/C_USA_2014.666"
"1872","MF159959","B/C","B","2014.666","USA",2014.666,"North America","North America","MF159959_North-America_B/C_USA_2014.666"
"1873","MF160028","B/C","B","2014.682","USA",2014.682,"North America","North America","MF160028_North-America_B/C_USA_2014.682"
"1874","MF159924","B/C","B","2014.693","USA",2014.693,"North America","North America","MF159924_North-America_B/C_USA_2014.693"
"1875","KT873647","B/C","B","2014.866","Canada",2014.866,"North America","North America","KT873647_North-America_B/C_Canada_2014.866"
"1876","MF159829","B/C","B","2014.704","USA",2014.704,"North America","North America","MF159829_North-America_B/C_USA_2014.704"
"1877","MF159775","B/C","B","2014.674","USA",2014.674,"North America","North America","MF159775_North-America_B/C_USA_2014.674"
"1878","MF159973","B/C","B","2014.688","USA",2014.688,"North America","North America","MF159973_North-America_B/C_USA_2014.688"
"1879","MF160221","B/C","B","2014.688","USA",2014.688,"North America","North America","MF160221_North-America_B/C_USA_2014.688"
"1880","KT835382","B/C","B","2014.715","Canada",2014.715,"North America","North America","KT835382_North-America_B/C_Canada_2014.715"
"1881","KT873715","B/C","B","2014.825","Canada",2014.825,"North America","North America","KT873715_North-America_B/C_Canada_2014.825"
"1882","MF159884","B/C","B","2014.699","USA",2014.699,"North America","North America","MF159884_North-America_B/C_USA_2014.699"
"1883","MF159916","B/C","B","2014.701","USA",2014.701,"North America","North America","MF159916_North-America_B/C_USA_2014.701"
"1884","MF160048","B/C","B","2014.71","USA",2014.71,"North America","North America","MF160048_North-America_B/C_USA_2014.71"
"1885","KT873646","B/C","B","2014.827","Canada",2014.827,"North America","North America","KT873646_North-America_B/C_Canada_2014.827"
"1886","MF159596","B/C","B","2014.63","USA",2014.63,"North America","North America","MF159596_North-America_B/C_USA_2014.63"
"1887","MF159600","B/C","B","2014.627","USA",2014.627,"North America","North America","MF159600_North-America_B/C_USA_2014.627"
"1888","KP745758","B/C","B","2014.712","USA",2014.712,"North America","North America","KP745758_North-America_B/C_USA_2014.712"
"1889","MF159958","B/C","B","2014.685","USA",2014.685,"North America","North America","MF159958_North-America_B/C_USA_2014.685"
"1890","KP745770","B/C","B","2014.74","USA",2014.74,"North America","North America","KP745770_North-America_B/C_USA_2014.74"
"1891","MF160017","B/C","B","2014.685","USA",2014.685,"North America","North America","MF160017_North-America_B/C_USA_2014.685"
"1892","KP745759","B/C","B","2014.715","USA",2014.715,"North America","North America","KP745759_North-America_B/C_USA_2014.715"
"1893","MF159730","B/C","B","2014.674","USA",2014.674,"North America","North America","MF159730_North-America_B/C_USA_2014.674"
"1894","MF160122","B/C","B","2014.682","USA",2014.682,"North America","North America","MF160122_North-America_B/C_USA_2014.682"
"1895","MF159709","B/C","B","2014.655","USA",2014.655,"North America","North America","MF159709_North-America_B/C_USA_2014.655"
"1896","MF159808","B/C","B","2014.682","USA",2014.682,"North America","North America","MF159808_North-America_B/C_USA_2014.682"
"1897","KP455132","B/C","B","[2014:2014.997]","Canada",2014.997,"North America","North America","KP455132_North-America_B/C_Canada_2014.997"
"1898","MF159603","B/C","B","2014.627","USA",2014.627,"North America","North America","MF159603_North-America_B/C_USA_2014.627"
"1899","MF159817","B/C","B","2014.707","USA",2014.707,"North America","North America","MF159817_North-America_B/C_USA_2014.707"
"1900","KP455171","B/C","B","[2014:2014.997]","Canada",2014.705886,"North America","North America","KP455171_North-America_B/C_Canada_2014.706"
"1901","KP455173","B/C","B","[2014:2014.997]","Canada",2014.705886,"North America","North America","KP455173_North-America_B/C_Canada_2014.706"
"1902","KP455168","B/C","B","[2014:2014.997]","Canada",2014.997,"North America","North America","KP455168_North-America_B/C_Canada_2014.997"
"1903","KT835383","B/C","B","2014.715","Canada",2014.715,"North America","North America","KT835383_North-America_B/C_Canada_2014.715"
"1904","KX351797","B/C","B","2014.712","USA",2014.712,"North America","North America","KX351797_North-America_B/C_USA_2014.712"
"1905","KT835385","B/C","B","2014.715","Canada",2014.715,"North America","North America","KT835385_North-America_B/C_Canada_2014.715"
"1906","KT835388","B/C","B","2014.704","Canada",2014.704,"North America","North America","KT835388_North-America_B/C_Canada_2014.704"
"1907","KX351796","B/C","B","2014.715","USA",2014.715,"North America","North America","KX351796_North-America_B/C_USA_2014.715"
"1908","KT835381","B/C","B","2014.715","Canada",2014.715,"North America","North America","KT835381_North-America_B/C_Canada_2014.715"
"1909","MF160069","B/C","B","2014.704","USA",2014.704,"North America","North America","MF160069_North-America_B/C_USA_2014.704"
"1910","MF159909","B/C","B","2014.688","USA",2014.688,"North America","North America","MF159909_North-America_B/C_USA_2014.688"
"1911","KT835384","B/C","B","2014.715","Canada",2014.715,"North America","North America","KT835384_North-America_B/C_Canada_2014.715"
"1912","KT873674","B/C","B","2014.789","Canada",2014.789,"North America","North America","KT873674_North-America_B/C_Canada_2014.789"
"1913","MF159693","B/C","B","2014.668","USA",2014.668,"North America","North America","MF159693_North-America_B/C_USA_2014.668"
"1914","MF159713","B/C","B","2014.682","USA",2014.682,"North America","North America","MF159713_North-America_B/C_USA_2014.682"
"1915","MF160146","B/C","B","2014.726","USA",2014.726,"North America","North America","MF160146_North-America_B/C_USA_2014.726"
"1916","KT383473","B/C","B","2014.784","Bermuda",2014.784,"North America","North America","KT383473_North-America_B/C_Bermuda_2014.784"
"1917","MW731820","B/C","B","[2014.666:2014.734]","Germany",2014.666,"Europe","Europe","MW731820_Europe_B/C_Germany_2014.666"
"1918","MF160132","B/C","B","2014.707","USA",2014.707,"North America","North America","MF160132_North-America_B/C_USA_2014.707"
"1919","MF159828","B/C","B","2014.699","USA",2014.699,"North America","North America","MF159828_North-America_B/C_USA_2014.699"
"1920","KT873689","B/C","B","2014.811","Canada",2014.811,"North America","North America","KT873689_North-America_B/C_Canada_2014.811"
"1921","KT873675","B/C","B","2014.797","Canada",2014.797,"North America","North America","KT873675_North-America_B/C_Canada_2014.797"
"1922","KT873705","B/C","B","2014.805","Canada",2014.805,"North America","North America","KT873705_North-America_B/C_Canada_2014.805"
"1923","KT873661","B/C","B","2014.786","Canada",2014.786,"North America","North America","KT873661_North-America_B/C_Canada_2014.786"
"1924","KP406482","B/C","B","2014.844","France",2014.844,"Europe","Europe","KP406482_Europe_B/C_France_2014.844"
"1925","KT873690","B/C","B","2014.816","Canada",2014.816,"North America","North America","KT873690_North-America_B/C_Canada_2014.816"
"1926","KT873694","B/C","B","2014.8","Canada",2014.8,"North America","North America","KT873694_North-America_B/C_Canada_2014.8"
"1927","KT873708","B/C","B","2014.8","Canada",2014.8,"North America","North America","KT873708_North-America_B/C_Canada_2014.8"
"1928","KT873668","B/C","B","2014.781","Canada",2014.781,"North America","North America","KT873668_North-America_B/C_Canada_2014.781"
"1929","KT873669","B/C","B","2014.838","Canada",2014.838,"North America","North America","KT873669_North-America_B/C_Canada_2014.838"
"1930","MF159586","B/C","B","2014.625","USA",2014.625,"North America","North America","MF159586_North-America_B/C_USA_2014.625"
"1931","MF159757","B/C","B","2014.671","USA",2014.671,"North America","North America","MF159757_North-America_B/C_USA_2014.671"
"1932","MF159632","B/C","B","2014.649","USA",2014.649,"North America","North America","MF159632_North-America_B/C_USA_2014.649"
"1933","MF159748","B/C","B","2014.655","USA",2014.655,"North America","North America","MF159748_North-America_B/C_USA_2014.655"
"1934","MF159613","B/C","B","2014.652","USA",2014.652,"North America","North America","MF159613_North-America_B/C_USA_2014.652"
"1935","MF160179","B/C","B","2014.69","USA",2014.69,"North America","North America","MF160179_North-America_B/C_USA_2014.69"
"1936","KT099086","B/C","B","2014.726","USA",2014.726,"North America","North America","KT099086_North-America_B/C_USA_2014.726"
"1937","KR081331","B/C","B","[2014.762:2014.83]","Mexico",2014.83,"Central America","External","KR081331_External_B/C_Mexico_2014.83"
"1938","MF159620","B/C","B","2014.619","USA",2014.619,"North America","North America","MF159620_North-America_B/C_USA_2014.619"
"1939","KT873651","B/C","B","2014.896","Canada",2014.896,"North America","North America","KT873651_North-America_B/C_Canada_2014.896"
"1940","KT995551","B/C","B","2014.69","USA",2014.69,"North America","North America","KT995551_North-America_B/C_USA_2014.69"
"1941","KT995614","B/C","B","2014.726","USA",2014.726,"North America","North America","KT995614_North-America_B/C_USA_2014.726"
"1942","KP455272","B/C","B","[2014.652:2014.921]","Canada",2014.652,"North America","North America","KP455272_North-America_B/C_Canada_2014.652"
"1943","KP307991","B/C","B","2014.863","France",2014.863,"Europe","Europe","KP307991_Europe_B/C_France_2014.863"
"1944","KP406471","B/C","B","2014.863","France",2014.863,"Europe","Europe","KP406471_Europe_B/C_France_2014.863"
"1945","KP455275","B/C","B","[2014.627:2014.948]","Canada",2014.627,"North America","North America","KP455275_North-America_B/C_Canada_2014.627"
"1946","MF159681","B/C","B","2014.685","USA",2014.685,"North America","North America","MF159681_North-America_B/C_USA_2014.685"
"1947","MF160015","B/C","B","2014.693","USA",2014.693,"North America","North America","MF160015_North-America_B/C_USA_2014.693"
"1948","KX443718","B/C","B","2014.901","Israel",2014.901,"Western Asia","External","KX443718_External_B/C_Israel_2014.901"
"1949","KX443716","B/C","B","2014.841","Israel",2014.841,"Western Asia","External","KX443716_External_B/C_Israel_2014.841"
"1950","KX443717","B/C","B","2014.879","Israel",2014.879,"Western Asia","External","KX443717_External_B/C_Israel_2014.879"
"1951","KX443715","B/C","B","2014.784","Israel",2014.784,"Western Asia","External","KX443715_External_B/C_Israel_2014.784"
"1952","MF160160","B/C","B","2014.63","USA",2014.63,"North America","North America","MF160160_North-America_B/C_USA_2014.63"
"1953","MF160001","B/C","B","2014.685","USA",2014.685,"North America","North America","MF160001_North-America_B/C_USA_2014.685"
"1954","MF159824","B/C","B","2014.696","USA",2014.696,"North America","North America","MF159824_North-America_B/C_USA_2014.696"
"1955","KX351817","B/C","B","2014.721","USA",2014.721,"North America","North America","KX351817_North-America_B/C_USA_2014.721"
"1956","MF159640","B/C","B","2014.663","USA",2014.663,"North America","North America","MF159640_North-America_B/C_USA_2014.663"
"1957","KT347261","B/C","B","[2014:2014.997]","USA",2014,"North America","North America","KT347261_North-America_B/C_USA_2014"
"1958","MK681491","B/C","B","[2014.682:2014.745]","USA",2014.682,"North America","North America","MK681491_North-America_B/C_USA_2014.682"
"1959","KP745751","B/C","B","2014.74","USA",2014.74,"North America","North America","KP745751_North-America_B/C_USA_2014.74"
"1960","KT995627","B/C","B","2014.732","USA",2014.732,"North America","North America","KT995627_North-America_B/C_USA_2014.732"
"1961","KT995615","B/C","B","2014.732","USA",2014.732,"North America","North America","KT995615_North-America_B/C_USA_2014.732"
"1962","KT995584","B/C","B","2014.688","USA",2014.688,"North America","North America","KT995584_North-America_B/C_USA_2014.688"
"1963","KT995605","B/C","B","2014.704","USA",2014.704,"North America","North America","KT995605_North-America_B/C_USA_2014.704"
"1964","MF159963","B/C","B","2014.688","USA",2014.688,"North America","North America","MF159963_North-America_B/C_USA_2014.688"
"1965","KT873704","B/C","B","2014.764","Canada",2014.764,"North America","North America","KT873704_North-America_B/C_Canada_2014.764"
"1966","KT873597","B/C","B","2014.819","Canada",2014.819,"North America","North America","KT873597_North-America_B/C_Canada_2014.819"
"1967","KT873594","B/C","B","2014.748","Canada",2014.748,"North America","North America","KT873594_North-America_B/C_Canada_2014.748"
"1968","KT873595","B/C","B","2014.756","Canada",2014.756,"North America","North America","KT873595_North-America_B/C_Canada_2014.756"
"1969","KT347249","B/C","B","[2014:2014.997]","USA",2014.907063,"North America","North America","KT347249_North-America_B/C_USA_2014.907"
"1970","KT347245","B/C","B","[2014:2014.997]","USA",2014.971539,"North America","North America","KT347245_North-America_B/C_USA_2014.972"
"1971","KT995572","B/C","B","2014.688","USA",2014.688,"North America","North America","KT995572_North-America_B/C_USA_2014.688"
"1972","KT873703","B/C","B","2014.734","Canada",2014.734,"North America","North America","KT873703_North-America_B/C_Canada_2014.734"
"1973","KT873666","B/C","B","2014.841","Canada",2014.841,"North America","North America","KT873666_North-America_B/C_Canada_2014.841"
"1974","KT873622","B/C","B","2014.737","Canada",2014.737,"North America","North America","KT873622_North-America_B/C_Canada_2014.737"
"1975","KT873624","B/C","B","2014.849","Canada",2014.849,"North America","North America","KT873624_North-America_B/C_Canada_2014.849"
"1976","KT873592","B/C","B","2014.91","Canada",2014.91,"North America","North America","KT873592_North-America_B/C_Canada_2014.91"
"1977","KT873623","B/C","B","2014.795","Canada",2014.795,"North America","North America","KT873623_North-America_B/C_Canada_2014.795"
"1978","KT873627","B/C","B","2014.767","Canada",2014.767,"North America","North America","KT873627_North-America_B/C_Canada_2014.767"
"1979","KT873628","B/C","B","2014.858","Canada",2014.858,"North America","North America","KT873628_North-America_B/C_Canada_2014.858"
"1980","KT873625","B/C","B","2014.879","Canada",2014.879,"North America","North America","KT873625_North-America_B/C_Canada_2014.879"
"1981","KT873564","B/C","B","2014.666","Canada",2014.666,"North America","North America","KT873564_North-America_B/C_Canada_2014.666"
"1982","KR081330","B/C","B","[2014.748:2014.822]","Mexico",2014.748,"Central America","External","KR081330_External_B/C_Mexico_2014.748"
"1983","KT382193","B/C","B","[2014.756:2014.83]","Mexico",2014.83,"Central America","External","KT382193_External_B/C_Mexico_2014.83"
"1984","KP455143","B/C","B","[2014.652:2014.997]","Canada",2014.770809,"North America","North America","KP455143_North-America_B/C_Canada_2014.771"
"1985","MF159726","B/C","B","2014.633","USA",2014.633,"North America","North America","MF159726_North-America_B/C_USA_2014.633"
"1986","KU669047","B/C","B","2014.71","USA",2014.71,"North America","North America","KU669047_North-America_B/C_USA_2014.71"
"1987","MF160116","B/C","B","2014.69","USA",2014.69,"North America","North America","MF160116_North-America_B/C_USA_2014.69"
"1988","KT347265","B/C","B","[2014.666:2014.997]","USA",2014.666,"North America","North America","KT347265_North-America_B/C_USA_2014.666"
"1989","KP406485","B/C","B","2014.732","France",2014.732,"Europe","Europe","KP406485_Europe_B/C_France_2014.732"
"1990","MK681502","B/C","B","[2014.841:2014.912]","USA",2014.841,"North America","North America","MK681502_North-America_B/C_USA_2014.841"
"1991","KP196374","B/C","B","2014.811","France",2014.811,"Europe","Europe","KP196374_Europe_B/C_France_2014.811"
"1992","KP745760","B/C","B","2014.715","USA",2014.715,"North America","North America","KP745760_North-America_B/C_USA_2014.715"
"1993","KT995571","B/C","B","2014.696","USA",2014.696,"North America","North America","KT995571_North-America_B/C_USA_2014.696"
"1994","KT099080","B/C","B","2014.677","USA",2014.677,"North America","North America","KT099080_North-America_B/C_USA_2014.677"
"1995","KT995609","B/C","B","2014.712","USA",2014.712,"North America","North America","KT995609_North-America_B/C_USA_2014.712"
"1996","KT266905","B/C","B","2014.915","Haiti",2014.915,"Caribbean","External","KT266905_External_B/C_Haiti_2014.915"
"1997","MF159802","B/C","B","2014.688","USA",2014.688,"North America","North America","MF159802_North-America_B/C_USA_2014.688"
"1998","KT835396","B/C","B","2014.715","Canada",2014.715,"North America","North America","KT835396_North-America_B/C_Canada_2014.715"
"1999","KP455193","B/C","B","[2014.682:2014.956]","Canada",2014.714649,"North America","North America","KP455193_North-America_B/C_Canada_2014.715"
"2000","MF159812","B/C","B","2014.652","USA",2014.652,"North America","North America","MF159812_North-America_B/C_USA_2014.652"
"2001","MW731824","B/C","B","[2014.915:2014.997]","Germany",2014.997,"Europe","Europe","MW731824_Europe_B/C_Germany_2014.997"
"2002","MF159595","B/C","B","2014.649","USA",2014.649,"North America","North America","MF159595_North-America_B/C_USA_2014.649"
"2003","MF159894","B/C","B","2014.679","USA",2014.679,"North America","North America","MF159894_North-America_B/C_USA_2014.679"
"2004","LN874240","B/C","B","[2014.833:2014.901]","France",2014.833,"Europe","Europe","LN874240_Europe_B/C_France_2014.833"
"2005","KP406491","B/C","B","2014.789","France",2014.789,"Europe","Europe","KP406491_Europe_B/C_France_2014.789"
"2006","MH674113","B/C","B","2014.677","Sweden",2014.677,"Europe","Europe","MH674113_Europe_B/C_Sweden_2014.677"
"2007","KT220482","B/C","B","2014.899","France",2014.899,"Europe","Europe","KT220482_Europe_B/C_France_2014.899"
"2008","LT745911","B/C","B","2015.014","France",2015.014,"Europe","Europe","LT745911_Europe_B/C_France_2015.014"
"2009","KP729107","B/C","B","[2014.833:2014.904]","Denmark",2014.904,"Europe","Europe","KP729107_Europe_B/C_Denmark_2014.904"
"2010","KR108022","B/C","B","[2014.833:2014.904]","Denmark",2014.904,"Europe","Europe","KR108022_Europe_B/C_Denmark_2014.904"
"2011","MF159634","B/C","B","2014.652","USA",2014.652,"North America","North America","MF159634_North-America_B/C_USA_2014.652"
"2012","KT873670","B/C","B","2014.781","Canada",2014.781,"North America","North America","KT873670_North-America_B/C_Canada_2014.781"
"2013","KT873671","B/C","B","2014.8","Canada",2014.8,"North America","North America","KT873671_North-America_B/C_Canada_2014.8"
"2014","KT995619","B/C","B","2014.745","USA",2014.745,"North America","North America","KT995619_North-America_B/C_USA_2014.745"
"2015","KT220451","B/C","B","2014.945","France",2014.945,"Europe","Europe","KT220451_Europe_B/C_France_2014.945"
"2016","KP196372","B/C","B","2014.797","France",2014.797,"Europe","Europe","KP196372_Europe_B/C_France_2014.797"
"2017","KT995624","B/C","B","2014.748","USA",2014.748,"North America","North America","KT995624_North-America_B/C_USA_2014.748"
"2018","KP745761","B/C","B","2014.723","USA",2014.723,"North America","North America","KP745761_North-America_B/C_USA_2014.723"
"2019","KT873656","B/C","B","2014.825","Canada",2014.825,"North America","North America","KT873656_North-America_B/C_Canada_2014.825"
"2020","KT873663","B/C","B","2014.764","Canada",2014.764,"North America","North America","KT873663_North-America_B/C_Canada_2014.764"
"2021","MF160062","B/C","B","2014.701","USA",2014.701,"North America","North America","MF160062_North-America_B/C_USA_2014.701"
"2022","KT873658","B/C","B","2014.841","Canada",2014.841,"North America","North America","KT873658_North-America_B/C_Canada_2014.841"
"2023","KT873664","B/C","B","2014.915","Canada",2014.915,"North America","North America","KT873664_North-America_B/C_Canada_2014.915"
"2024","KX351822","B/C","B","2014.715","USA",2014.715,"North America","North America","KX351822_North-America_B/C_USA_2014.715"
"2025","KT995596","B/C","B","2014.707","USA",2014.707,"North America","North America","KT995596_North-America_B/C_USA_2014.707"
"2026","KT873710","B/C","B","2014.751","Canada",2014.751,"North America","North America","KT873710_North-America_B/C_Canada_2014.751"
"2027","KX351814","B/C","B","2014.696","USA",2014.696,"North America","North America","KX351814_North-America_B/C_USA_2014.696"
"2028","KT995585","B/C","B","2014.696","USA",2014.696,"North America","North America","KT995585_North-America_B/C_USA_2014.696"
"2029","KT873684","B/C","B","2014.764","Canada",2014.764,"North America","North America","KT873684_North-America_B/C_Canada_2014.764"
"2030","KP455178","B/C","B","[2014:2014.997]","Canada",2014.997,"North America","North America","KP455178_North-America_B/C_Canada_2014.997"
"2031","KX351816","B/C","B","2014.701","USA",2014.701,"North America","North America","KX351816_North-America_B/C_USA_2014.701"
"2032","KT873660","B/C","B","2014.742","Canada",2014.742,"North America","North America","KT873660_North-America_B/C_Canada_2014.742"
"2033","KT347242","B/C","B","[2014.663:2014.995]","USA",2014.663,"North America","North America","KT347242_North-America_B/C_USA_2014.663"
"2034","KT347255","B/C","B","[2014.663:2014.995]","USA",2014.79934,"North America","North America","KT347255_North-America_B/C_USA_2014.799"
"2035","KT347226","B/C","B","[2014.663:2014.995]","USA",2014.801402,"North America","North America","KT347226_North-America_B/C_USA_2014.801"
"2036","MK496913","B/C","B","[2013:2013.997]","Panama",2013.676032,"Central America","External","MK496913_External_B/C_Panama_2013.676"
"2037","MK496910","B/C","B","[2013.847:2013.997]","Panama",2013.860827,"Central America","External","MK496910_External_B/C_Panama_2013.861"
"2038","MK496912","B/C","B","[2013.896:2013.997]","Panama",2013.997,"Central America","External","MK496912_External_B/C_Panama_2013.997"
"2039","KT995629","B/C","B","2014.688","USA",2014.688,"North America","North America","KT995629_North-America_B/C_USA_2014.688"
"2040","KT347262","B/C","B","[2014.63:2014.989]","USA",2014.942554,"North America","North America","KT347262_North-America_B/C_USA_2014.943"
"2041","KX255382","B/C","B","2014.592","USA",2014.592,"North America","North America","KX255382_North-America_B/C_USA_2014.592"
"2042","KT995577","B/C","B","2014.688","USA",2014.688,"North America","North America","KT995577_North-America_B/C_USA_2014.688"
"2043","KT873607","B/C","B","2014.822","Canada",2014.822,"North America","North America","KT873607_North-America_B/C_Canada_2014.822"
"2044","KT873606","B/C","B","2014.742","Canada",2014.742,"North America","North America","KT873606_North-America_B/C_Canada_2014.742"
"2045","MK681498","B/C","B","[2014.666:2014.737]","USA",2014.666,"North America","North America","MK681498_North-America_B/C_USA_2014.666"
"2046","KX255413","B/C","B","2014.723","USA",2014.723,"North America","North America","KX255413_North-America_B/C_USA_2014.723"
"2047","KP455165","B/C","B","[2014:2014.595]","Canada",2014.595,"North America","North America","KP455165_North-America_B/C_Canada_2014.595"
"2048","KP100792","B/C","B","[2014.666:2014.745]","USA",2014.666,"North America","North America","KP100792_North-America_B/C_USA_2014.666"
"2049","KP322752","B/C","B","[2014.6:2014.663]","USA",2014.640695,"North America","North America","KP322752_North-America_B/C_USA_2014.641"
"2050","MN220717","B/C","B","2014.734","USA",2014.734,"North America","North America","MN220717_North-America_B/C_USA_2014.734"
"2051","KT873617","B/C","B","2014.822","Canada",2014.822,"North America","North America","KT873617_North-America_B/C_Canada_2014.822"
"2052","KT873616","B/C","B","2014.792","Canada",2014.792,"North America","North America","KT873616_North-America_B/C_Canada_2014.792"
"2053","KM892502","B/C","B","[2014.581:2014.663]","USA",2014.581,"North America","North America","KM892502_North-America_B/C_USA_2014.581"
"2054","KT347268","B/C","B","[2014.751:2014.997]","USA",2014.751,"North America","North America","KT347268_North-America_B/C_USA_2014.751"
"2055","KP100796","B/C","B","[2014.748:2014.83]","USA",2014.748,"North America","North America","KP100796_North-America_B/C_USA_2014.748"
"2056","KT455421","B/C","B","[2014.751:2014.997]","USA",2014.751,"North America","North America","KT455421_North-America_B/C_USA_2014.751"
"2057","KT347238","B/C","B","[2014.707:2014.997]","USA",2014.724525,"North America","North America","KT347238_North-America_B/C_USA_2014.725"
"2058","KX351806","B/C","B","2014.74","USA",2014.74,"North America","North America","KX351806_North-America_B/C_USA_2014.74"
"2059","MK681501","B/C","B","[2014.748:2014.819]","USA",2014.748,"North America","North America","MK681501_North-America_B/C_USA_2014.748"
"2060","KP455271","B/C","B","[2014.589:2014.953]","Canada",2014.589,"North America","North America","KP455271_North-America_B/C_Canada_2014.589"
"2061","KT873600","B/C","B","2014.797","Canada",2014.797,"North America","North America","KT873600_North-America_B/C_Canada_2014.797"
"2062","KT873601","B/C","B","2014.805","Canada",2014.805,"North America","North America","KT873601_North-America_B/C_Canada_2014.805"
"2063","KT873602","B/C","B","2014.852","Canada",2014.852,"North America","North America","KT873602_North-America_B/C_Canada_2014.852"
"2064","KT873620","B/C","B","2014.816","Canada",2014.816,"North America","North America","KT873620_North-America_B/C_Canada_2014.816"
"2065","KT995564","B/C","B","2014.685","USA",2014.685,"North America","North America","KT995564_North-America_B/C_USA_2014.685"
"2066","KT995543","B/C","B","2014.688","USA",2014.688,"North America","North America","KT995543_North-America_B/C_USA_2014.688"
"2067","KX351815","B/C","B","2014.723","USA",2014.723,"North America","North America","KX351815_North-America_B/C_USA_2014.723"
"2068","KT873612","B/C","B","2014.827","Canada",2014.827,"North America","North America","KT873612_North-America_B/C_Canada_2014.827"
"2069","KT873610","B/C","B","2014.847","Canada",2014.847,"North America","North America","KT873610_North-America_B/C_Canada_2014.847"
"2070","KT995590","B/C","B","2014.693","USA",2014.693,"North America","North America","KT995590_North-America_B/C_USA_2014.693"
"2071","KT347232","B/C","B","[2014.493:2014.8]","USA",2014.493,"North America","North America","KT347232_North-America_B/C_USA_2014.493"
"2072","KT347235","B/C","B","[2014.721:2014.997]","USA",2014.721,"North America","North America","KT347235_North-America_B/C_USA_2014.721"
"2073","KT873598","B/C","B","2014.841","Canada",2014.841,"North America","North America","KT873598_North-America_B/C_Canada_2014.841"
"2074","KT347266","B/C","B","[2014.493:2014.8]","USA",2014.494868,"North America","North America","KT347266_North-America_B/C_USA_2014.495"
"2075","KT455423","B/C","B","[2014.493:2014.8]","USA",2014.493,"North America","North America","KT455423_North-America_B/C_USA_2014.493"
"2076","KT455424","B/C","B","[2014.764:2014.997]","USA",2014.997,"North America","North America","KT455424_North-America_B/C_USA_2014.997"
"2077","KX789226","B/C","B","[2015.674:2015.745]","Japan",2015.745,"Eastern Asia","External","KX789226_External_B/C_Japan_2015.745"
"2078","KP100793","B/C","B","[2014.666:2014.745]","USA",2014.666,"North America","North America","KP100793_North-America_B/C_USA_2014.666"
"2079","KT873604","B/C","B","2014.882","Canada",2014.882,"North America","North America","KT873604_North-America_B/C_Canada_2014.882"
"2080","KT873603","B/C","B","2014.866","Canada",2014.866,"North America","North America","KT873603_North-America_B/C_Canada_2014.866"
"2081","LN874223","B/C","B","[2014.666:2014.745]","France",2014.691914,"Europe","Europe","LN874223_Europe_B/C_France_2014.692"
"2082","LN874228","B/C","B","[2014.748:2014.83]","France",2014.7899,"Europe","Europe","LN874228_Europe_B/C_France_2014.79"
"2083","LN874245","B/C","B","[2014.748:2014.83]","France",2014.7899,"Europe","Europe","LN874245_Europe_B/C_France_2014.79"
"2084","KT873609","B/C","B","2014.767","Canada",2014.767,"North America","North America","KT873609_North-America_B/C_Canada_2014.767"
"2085","KP126911","B/C","B","[2014.666:2014.745]","USA",2014.666,"North America","North America","KP126911_North-America_B/C_USA_2014.666"
"2086","LN874225","B/C","B","[2014.748:2014.83]","France",2014.772149,"Europe","Europe","LN874225_Europe_B/C_France_2014.772"
"2087","KT873615","B/C","B","2014.773","Canada",2014.773,"North America","North America","KT873615_North-America_B/C_Canada_2014.773"
"2088","KP455270","B/C","B","[2014.721:2014.997]","Canada",2014.721,"North America","North America","KP455270_North-America_B/C_Canada_2014.721"
"2089","KT995598","B/C","B","2014.704","USA",2014.704,"North America","North America","KT995598_North-America_B/C_USA_2014.704"
"2090","KT803589","B/C","B","[2012:2012.074]","China",2012,"Eastern Asia","External","KT803589_External_B/C_China_2012"
"2091","JQ924865","B/C","B","2011.718","China",2011.718,"Eastern Asia","External","JQ924865_External_B/C_China_2011.718"
"2092","JX898785","B/C","B","[2011.748:2011.822]","China",2011.748,"Eastern Asia","External","JX898785_External_B/C_China_2011.748"
"2093","JQ924866","B/C","B","2011.918","China",2011.918,"Eastern Asia","External","JQ924866_External_B/C_China_2011.918"
"2094","JQ411807","B/C","B","2011.649","Thailand",2011.649,"South-Eastern Asia","External","JQ411807_External_B/C_Thailand_2011.649"
"2095","JQ411804","B/C","B","2011.619","Thailand",2011.619,"South-Eastern Asia","External","JQ411804_External_B/C_Thailand_2011.619"
"2096","JQ411803","B/C","B","2011.663","Thailand",2011.663,"South-Eastern Asia","External","JQ411803_External_B/C_Thailand_2011.663"
"2097","JQ924867","B/C","B","2011.945","China",2011.945,"Eastern Asia","External","JQ924867_External_B/C_China_2011.945"
"2098","KT959188","B/C","B","[2012.505:2012.579]","Hong Kong",2012.561226,"Eastern Asia","External","KT959188_External_B/C_Hong-Kong_2012.561"
"2099","KT959187","B/C","B","[2012.415:2012.495]","Hong Kong",2012.474342,"Eastern Asia","External","KT959187_External_B/C_Hong-Kong_2012.474"
"2100","KT959184","B/C","B","[2012.339:2012.413]","Hong Kong",2012.413,"Eastern Asia","External","KT959184_External_B/C_Hong-Kong_2012.413"
"2101","KM975338","B/C","B","2012.749","Netherlands",2012.749,"Europe","Europe","KM975338_Europe_B/C_Netherlands_2012.749"
"2102","KT959175","B/C","B","[2010.507:2010.578]","Hong Kong",2010.578,"Eastern Asia","External","KT959175_External_B/C_Hong-Kong_2010.578"
"2103","KT959176","B/C","B","[2010.581:2010.655]","Hong Kong",2010.581,"Eastern Asia","External","KT959176_External_B/C_Hong-Kong_2010.581"
"2104","AB992437","B/C","B","[2014:2014.082]","Philippines",2014,"South-Eastern Asia","External","AB992437_External_B/C_Philippines_2014"
"2105","AB992430","B/C","B","[2013.923:2013.997]","Philippines",2013.94182,"South-Eastern Asia","External","AB992430_External_B/C_Philippines_2013.942"
"2106","AB992422","B/C","B","[2013.833:2013.912]","Philippines",2013.833,"South-Eastern Asia","External","AB992422_External_B/C_Philippines_2013.833"
"2107","AB992440","B/C","B","[2014:2014.074]","Philippines",2014,"South-Eastern Asia","External","AB992440_External_B/C_Philippines_2014"
"2108","AB992420","B/C","B","[2013.833:2013.912]","Philippines",2013.833,"South-Eastern Asia","External","AB992420_External_B/C_Philippines_2013.833"
"2109","AB992432","B/C","B","[2013.833:2013.912]","Philippines",2013.912,"South-Eastern Asia","External","AB992432_External_B/C_Philippines_2013.912"
"2110","AB992415","B/C","B","[2013.833:2013.912]","Philippines",2013.87909,"South-Eastern Asia","External","AB992415_External_B/C_Philippines_2013.879"
"2111","AB992439","B/C","B","[2014.085:2014.159]","Philippines",2014.159,"South-Eastern Asia","External","AB992439_External_B/C_Philippines_2014.159"
"2112","AB992416","B/C","B","[2013.833:2013.912]","Philippines",2013.857221,"South-Eastern Asia","External","AB992416_External_B/C_Philippines_2013.857"
"2113","AB992418","B/C","B","[2013.833:2013.912]","Philippines",2013.857221,"South-Eastern Asia","External","AB992418_External_B/C_Philippines_2013.857"
"2114","AB992419","B/C","B","[2013.833:2013.912]","Philippines",2013.833,"South-Eastern Asia","External","AB992419_External_B/C_Philippines_2013.833"
"2115","AB992438","B/C","B","[2014.085:2014.159]","Philippines",2014.159,"South-Eastern Asia","External","AB992438_External_B/C_Philippines_2014.159"
"2116","AB992423","B/C","B","[2014.085:2014.159]","Philippines",2014.159,"South-Eastern Asia","External","AB992423_External_B/C_Philippines_2014.159"
"2117","AB992443","B/C","B","[2014.085:2014.151]","Philippines",2014.085,"South-Eastern Asia","External","AB992443_External_B/C_Philippines_2014.085"
"2118","AB992414","B/C","B","[2013.833:2013.912]","Philippines",2013.833,"South-Eastern Asia","External","AB992414_External_B/C_Philippines_2013.833"
"2119","AB992421","B/C","B","[2013.833:2013.912]","Philippines",2013.898959,"South-Eastern Asia","External","AB992421_External_B/C_Philippines_2013.899"
"2120","AB992441","B/C","B","[2013.915:2013.997]","Philippines",2013.997,"South-Eastern Asia","External","AB992441_External_B/C_Philippines_2013.997"
"2121","LC481190","B/C","B","2015.71","Philippines",2015.71,"South-Eastern Asia","External","LC481190_External_B/C_Philippines_2015.71"
"2122","LC481194","B/C","B","2015.729","Philippines",2015.729,"South-Eastern Asia","External","LC481194_External_B/C_Philippines_2015.729"
"2123","LC481187","B/C","B","2015.688","Philippines",2015.688,"South-Eastern Asia","External","LC481187_External_B/C_Philippines_2015.688"
"2124","LC481196","B/C","B","2015.74","Philippines",2015.74,"South-Eastern Asia","External","LC481196_External_B/C_Philippines_2015.74"
"2125","LC481186","B/C","B","2015.688","Philippines",2015.688,"South-Eastern Asia","External","LC481186_External_B/C_Philippines_2015.688"
"2126","LC481139","B/C","B","2015.682","Philippines",2015.682,"South-Eastern Asia","External","LC481139_External_B/C_Philippines_2015.682"
"2127","LC481218","B/C","B","2015.614","Philippines",2015.614,"South-Eastern Asia","External","LC481218_External_B/C_Philippines_2015.614"
"2128","LC481219","B/C","B","2015.622","Philippines",2015.622,"South-Eastern Asia","External","LC481219_External_B/C_Philippines_2015.622"
"2129","LC481181","B/C","B","2015.715","Philippines",2015.715,"South-Eastern Asia","External","LC481181_External_B/C_Philippines_2015.715"
"2130","LC481168","B/C","B","2015.8","Philippines",2015.8,"South-Eastern Asia","External","LC481168_External_B/C_Philippines_2015.8"
"2131","LC481138","B/C","B","2015.762","Philippines",2015.762,"South-Eastern Asia","External","LC481138_External_B/C_Philippines_2015.762"
"2132","LC481165","B/C","B","2015.759","Philippines",2015.759,"South-Eastern Asia","External","LC481165_External_B/C_Philippines_2015.759"
"2133","LC481200","B/C","B","2015.712","Philippines",2015.712,"South-Eastern Asia","External","LC481200_External_B/C_Philippines_2015.712"
"2134","LC481206","B/C","B","2015.71","Philippines",2015.71,"South-Eastern Asia","External","LC481206_External_B/C_Philippines_2015.71"
"2135","LC481164","B/C","B","2015.751","Philippines",2015.751,"South-Eastern Asia","External","LC481164_External_B/C_Philippines_2015.751"
"2136","LC481197","B/C","B","2015.745","Philippines",2015.745,"South-Eastern Asia","External","LC481197_External_B/C_Philippines_2015.745"
"2137","LC481167","B/C","B","2015.781","Philippines",2015.781,"South-Eastern Asia","External","LC481167_External_B/C_Philippines_2015.781"
"2138","LC481157","B/C","B","2015.701","Philippines",2015.701,"South-Eastern Asia","External","LC481157_External_B/C_Philippines_2015.701"
"2139","LC481136","B/C","B","2015.647","Philippines",2015.647,"South-Eastern Asia","External","LC481136_External_B/C_Philippines_2015.647"
"2140","LC481137","B/C","B","2015.723","Philippines",2015.723,"South-Eastern Asia","External","LC481137_External_B/C_Philippines_2015.723"
"2141","LC481156","B/C","B","2015.69","Philippines",2015.69,"South-Eastern Asia","External","LC481156_External_B/C_Philippines_2015.69"
"2142","LC481166","B/C","B","2015.767","Philippines",2015.767,"South-Eastern Asia","External","LC481166_External_B/C_Philippines_2015.767"
"2143","LC481182","B/C","B","2015.726","Philippines",2015.726,"South-Eastern Asia","External","LC481182_External_B/C_Philippines_2015.726"
"2144","LC481158","B/C","B","2015.704","Philippines",2015.704,"South-Eastern Asia","External","LC481158_External_B/C_Philippines_2015.704"
"2145","LC481162","B/C","B","2015.74","Philippines",2015.74,"South-Eastern Asia","External","LC481162_External_B/C_Philippines_2015.74"
"2146","LC481192","B/C","B","2015.721","Philippines",2015.721,"South-Eastern Asia","External","LC481192_External_B/C_Philippines_2015.721"
"2147","LC481198","B/C","B","2015.751","Philippines",2015.751,"South-Eastern Asia","External","LC481198_External_B/C_Philippines_2015.751"
"2148","LC481183","B/C","B","2015.726","Philippines",2015.726,"South-Eastern Asia","External","LC481183_External_B/C_Philippines_2015.726"
"2149","LC481161","B/C","B","2015.71","Philippines",2015.71,"South-Eastern Asia","External","LC481161_External_B/C_Philippines_2015.71"
"2150","LC481184","B/C","B","2015.781","Philippines",2015.781,"South-Eastern Asia","External","LC481184_External_B/C_Philippines_2015.781"
"2151","MF045418","B/C","B","[2014.808:2014.997]","Vietnam",2014.997,"South-Eastern Asia","External","MF045418_External_B/C_Vietnam_2014.997"
"2152","MF045416","B/C","B","[2014:2014.997]","Vietnam",2014.885608,"South-Eastern Asia","External","MF045416_External_B/C_Vietnam_2014.886"
"2153","MF045414","B/C","B","[2014:2014.997]","Vietnam",2014.806793,"South-Eastern Asia","External","MF045414_External_B/C_Vietnam_2014.807"
"2154","KT220498","B/C","B","2014.781","France",2014.781,"Europe","Europe","KT220498_Europe_B/C_France_2014.781"
"2155","MF045413","B/C","B","[2014:2014.411]","Vietnam",2014,"South-Eastern Asia","External","MF045413_External_B/C_Vietnam_2014"
"2156","KT873547","B/C","B","2014.781","Canada",2014.781,"North America","North America","KT873547_North-America_B/C_Canada_2014.781"
"2157","KT873549","B/C","B","2014.83","Canada",2014.83,"North America","North America","KT873549_North-America_B/C_Canada_2014.83"
"2158","AB992431","B/C","B","[2013.915:2013.997]","Philippines",2013.915,"South-Eastern Asia","External","AB992431_External_B/C_Philippines_2013.915"
"2159","AB992442","B/C","B","[2014.085:2014.151]","Philippines",2014.085,"South-Eastern Asia","External","AB992442_External_B/C_Philippines_2014.085"
"2160","AB992433","B/C","B","[2013.915:2013.997]","Philippines",2013.997,"South-Eastern Asia","External","AB992433_External_B/C_Philippines_2013.997"
"2161","AB992417","B/C","B","[2013.841:2013.912]","Philippines",2013.841,"South-Eastern Asia","External","AB992417_External_B/C_Philippines_2013.841"
"2162","KP455126","B/C","B","[2014:2014.997]","Canada",2014,"North America","North America","KP455126_North-America_B/C_Canada_2014"
"2163","AB992435","B/C","B","[2013.915:2013.989]","Philippines",2013.915,"South-Eastern Asia","External","AB992435_External_B/C_Philippines_2013.915"
"2164","AB992434","B/C","B","[2013.915:2013.997]","Philippines",2013.997,"South-Eastern Asia","External","AB992434_External_B/C_Philippines_2013.997"
"2165","KT835403","B/C","B","2014.707","Canada",2014.707,"North America","North America","KT835403_North-America_B/C_Canada_2014.707"
"2166","KT803590","B/C","B","2013.789","China",2013.789,"Eastern Asia","External","KT803590_External_B/C_China_2013.789"
"2167","KT803591","B/C","B","2014.712","China",2014.712,"Eastern Asia","External","KT803591_External_B/C_China_2014.712"
"2168","KT280499","B/C","B","2014.786","China",2014.786,"Eastern Asia","External","KT280499_External_B/C_China_2014.786"
"2169","KT803606","B/C","B","2014.805","China",2014.805,"Eastern Asia","External","KT803606_External_B/C_China_2014.805"
"2170","KT803597","B/C","B","2014.745","China",2014.745,"Eastern Asia","External","KT803597_External_B/C_China_2014.745"
"2171","KT803593","B/C","B","2014.723","China",2014.723,"Eastern Asia","External","KT803593_External_B/C_China_2014.723"
"2172","KT803595","B/C","B","2014.781","China",2014.781,"Eastern Asia","External","KT803595_External_B/C_China_2014.781"
"2173","AB992436","B/C","B","[2013.915:2013.997]","Philippines",2013.915,"South-Eastern Asia","External","AB992436_External_B/C_Philippines_2013.915"
"2174","MH341106","B/C","B","[2015.414:2015.485]","Taiwan",2015.485,"Eastern Asia","External","MH341106_External_B/C_Taiwan_2015.485"
"2175","LC481155","B/C","B","2015.595","Philippines",2015.595,"South-Eastern Asia","External","LC481155_External_B/C_Philippines_2015.595"
"2176","LC481205","B/C","B","2015.742","Philippines",2015.742,"South-Eastern Asia","External","LC481205_External_B/C_Philippines_2015.742"
"2177","LC481193","B/C","B","2015.729","Philippines",2015.729,"South-Eastern Asia","External","LC481193_External_B/C_Philippines_2015.729"
"2178","LC481195","B/C","B","2015.729","Philippines",2015.729,"South-Eastern Asia","External","LC481195_External_B/C_Philippines_2015.729"
"2179","LC481188","B/C","B","2015.704","Philippines",2015.704,"South-Eastern Asia","External","LC481188_External_B/C_Philippines_2015.704"
"2180","LC481189","B/C","B","2015.704","Philippines",2015.704,"South-Eastern Asia","External","LC481189_External_B/C_Philippines_2015.704"
"2181","LC481204","B/C","B","2015.499","Philippines",2015.499,"South-Eastern Asia","External","LC481204_External_B/C_Philippines_2015.499"
"2182","LC481159","B/C","B","2015.707","Philippines",2015.707,"South-Eastern Asia","External","LC481159_External_B/C_Philippines_2015.707"
"2183","LC481141","B/C","B","2015.74","Philippines",2015.74,"South-Eastern Asia","External","LC481141_External_B/C_Philippines_2015.74"
"2184","LC481142","B/C","B","2015.742","Philippines",2015.742,"South-Eastern Asia","External","LC481142_External_B/C_Philippines_2015.742"
"2185","LC481191","B/C","B","2015.712","Philippines",2015.712,"South-Eastern Asia","External","LC481191_External_B/C_Philippines_2015.712"
"2186","LC481160","B/C","B","2015.707","Philippines",2015.707,"South-Eastern Asia","External","LC481160_External_B/C_Philippines_2015.707"
"2187","LC200949","B/C","B","[2013.748:2013.822]","Japan",2013.748,"Eastern Asia","External","LC200949_External_B/C_Japan_2013.748"
"2188","LC200950","B/C","B","[2013.759:2013.83]","Japan",2013.83,"Eastern Asia","External","LC200950_External_B/C_Japan_2013.83"
"2189","KP657729","B/C","B","[2014:2014.997]","Taiwan",2014.013702,"Eastern Asia","External","KP657729_External_B/C_Taiwan_2014.014"
"2190","KP657727","B/C","B","[2014:2014.997]","Taiwan",2014.013702,"Eastern Asia","External","KP657727_External_B/C_Taiwan_2014.014"
"2191","LC200944","B/C","B","[2013.674:2013.745]","Japan",2013.745,"Eastern Asia","External","LC200944_External_B/C_Japan_2013.745"
"2192","LC200946","B/C","B","[2013.666:2013.745]","Japan",2013.699537,"Eastern Asia","External","LC200946_External_B/C_Japan_2013.7"
"2193","LC200945","B/C","B","[2013.666:2013.745]","Japan",2013.699537,"Eastern Asia","External","LC200945_External_B/C_Japan_2013.7"
"2194","LC200947","B/C","B","[2013.748:2013.83]","Japan",2013.83,"Eastern Asia","External","LC200947_External_B/C_Japan_2013.83"
"2195","KT711080","B/C","B","2014.668","Taiwan",2014.668,"Eastern Asia","External","KT711080_External_B/C_Taiwan_2014.668"
"2196","KP657722","B/C","B","[2014:2014.997]","Taiwan",2014,"Eastern Asia","External","KP657722_External_B/C_Taiwan_2014"
"2197","KT711083","B/C","B","2014.54","Taiwan",2014.54,"Eastern Asia","External","KT711083_External_B/C_Taiwan_2014.54"
"2198","KT711078","B/C","B","2014.63","Taiwan",2014.63,"Eastern Asia","External","KT711078_External_B/C_Taiwan_2014.63"
"2199","KP657725","B/C","B","[2014:2014.997]","Taiwan",2014.629002,"Eastern Asia","External","KP657725_External_B/C_Taiwan_2014.629"
"2200","KT711079","B/C","B","2014.638","Taiwan",2014.638,"Eastern Asia","External","KT711079_External_B/C_Taiwan_2014.638"
"2201","KP657726","B/C","B","[2014:2014.997]","Taiwan",2014.637659,"Eastern Asia","External","KP657726_External_B/C_Taiwan_2014.638"
"2202","KT711082","B/C","B","2014.633","Taiwan",2014.633,"Eastern Asia","External","KT711082_External_B/C_Taiwan_2014.633"
"2203","KP657724","B/C","B","[2014:2014.997]","Taiwan",2014.321175,"Eastern Asia","External","KP657724_External_B/C_Taiwan_2014.321"
"2204","KP657728","B/C","B","[2014:2014.997]","Taiwan",2014.321175,"Eastern Asia","External","KP657728_External_B/C_Taiwan_2014.321"
"2205","KT711084","B/C","B","2014.581","Taiwan",2014.581,"Eastern Asia","External","KT711084_External_B/C_Taiwan_2014.581"
"2206","KP657723","B/C","B","[2014.521:2014.841]","Taiwan",2014.580851,"Eastern Asia","External","KP657723_External_B/C_Taiwan_2014.581"
"2207","KT711081","B/C","B","2014.693","Taiwan",2014.693,"Eastern Asia","External","KT711081_External_B/C_Taiwan_2014.693"
"2208","KT711085","B/C","B","2014.671","Taiwan",2014.671,"Eastern Asia","External","KT711085_External_B/C_Taiwan_2014.671"
"2209","KY767825","B/C","B","2014.389","Hong Kong",2014.389,"Eastern Asia","External","KY767825_External_B/C_Hong-Kong_2014.389"
"2210","KT762410","B/C","B","2014.411","Hong Kong",2014.411,"Eastern Asia","External","KT762410_External_B/C_Hong-Kong_2014.411"
"2211","KX789243","B/C","B","[2014.162:2014.236]","Philippines",2014.209536,"South-Eastern Asia","External","KX789243_External_B/C_Philippines_2014.21"
"2212","AB992429","B/C","B","[2013.748:2013.83]","Philippines",2013.748,"South-Eastern Asia","External","AB992429_External_B/C_Philippines_2013.748"
"2213","MF045417","B/C","B","[2014:2014.997]","Vietnam",2014.997,"South-Eastern Asia","External","MF045417_External_B/C_Vietnam_2014.997"
"2214","KP455183","B/C","B","[2014:2014.997]","Canada",2014.178013,"North America","North America","KP455183_North-America_B/C_Canada_2014.178"
"2215","KY767824","B/C","B","2014.375","Hong Kong",2014.375,"Eastern Asia","External","KY767824_External_B/C_Hong-Kong_2014.375"
"2216","KY767826","B/C","B","2014.468","Hong Kong",2014.468,"Eastern Asia","External","KY767826_External_B/C_Hong-Kong_2014.468"
"2217","KT959201","B/C","B","[2014.496:2014.567]","Hong Kong",2014.496,"Eastern Asia","External","KT959201_External_B/C_Hong-Kong_2014.496"
"2218","KT036448","B/C","B","[2014:2014.997]","Malaysia",2014,"South-Eastern Asia","External","KT036448_External_B/C_Malaysia_2014"
"2219","KP196362","B/C","B","2014.575","France",2014.575,"Europe","Europe","KP196362_Europe_B/C_France_2014.575"
"2220","KP455145","B/C","B","[2014:2014.997]","Canada",2014.173193,"North America","North America","KP455145_North-America_B/C_Canada_2014.173"
"2221","MF045415","B/C","B","[2014:2014.997]","Vietnam",2014.997,"South-Eastern Asia","External","MF045415_External_B/C_Vietnam_2014.997"
"2222","KT762424","B/C","B","2014.553","Hong Kong",2014.553,"Eastern Asia","External","KT762424_External_B/C_Hong-Kong_2014.553"
"2223","KT285483","B/C","B","2014.767","China",2014.767,"Eastern Asia","External","KT285483_External_B/C_China_2014.767"
"2224","MK241419","B/C","B","2014.501","China",2014.501,"Eastern Asia","External","MK241419_External_B/C_China_2014.501"
"2225","OQ933712","B/C","B","2015.019","Spain",2015.019,"Europe","Europe","OQ933712_Europe_B/C_Spain_2015.019"
"2226","KX830888","B/C","B","[2015.666:2015.745]","Germany",2015.694298,"Europe","Europe","KX830888_Europe_B/C_Germany_2015.694"
"2227","KX830889","B/C","B","[2015.674:2015.745]","Germany",2015.745,"Europe","Europe","KX830889_Europe_B/C_Germany_2015.745"
"2228","KT036449","B/C","B","[2013.849:2013.997]","Malaysia",2013.849,"South-Eastern Asia","External","KT036449_External_B/C_Malaysia_2013.849"
"2229","KT036450","B/C","B","[2014:2014.997]","Malaysia",2014.212367,"South-Eastern Asia","External","KT036450_External_B/C_Malaysia_2014.212"
"2230","KT711086","B/C","B","2014.611","Taiwan",2014.611,"Eastern Asia","External","KT711086_External_B/C_Taiwan_2014.611"
"2231","KY767827","B/C","B","2014.477","Hong Kong",2014.477,"Eastern Asia","External","KY767827_External_B/C_Hong-Kong_2014.477"
"2232","KT762419","B/C","B","2014.499","Hong Kong",2014.499,"Eastern Asia","External","KT762419_External_B/C_Hong-Kong_2014.499"
"2233","KU982561","B/C","B","[2015.915:2015.989]","China",2015.915,"Eastern Asia","External","KU982561_External_B/C_China_2015.915"
"2234","MK241424","B/C","B","2016.303","China",2016.303,"Eastern Asia","External","MK241424_External_B/C_China_2016.303"
"2235","KX890306","B/C","B","2016.342","China",2016.342,"Eastern Asia","External","KX890306_External_B/C_China_2016.342"
"2236","KX890305","B/C","B","2016.473","China",2016.473,"Eastern Asia","External","KX890305_External_B/C_China_2016.473"
"2237","KT280496","B/C","B","2014.882","China",2014.882,"Eastern Asia","External","KT280496_External_B/C_China_2014.882"
"2238","KT762407","B/C","B","2014.326","Hong Kong",2014.326,"Eastern Asia","External","KT762407_External_B/C_Hong-Kong_2014.326"
"2239","KT285485","B/C","B","2014.608","China",2014.608,"Eastern Asia","External","KT285485_External_B/C_China_2014.608"
"2240","KP240936","B/C","B","2014.608","China",2014.608,"Eastern Asia","External","KP240936_External_B/C_China_2014.608"
"2241","MK241420","B/C","B","2014.51","China",2014.51,"Eastern Asia","External","MK241420_External_B/C_China_2014.51"
"2242","KX789231","B/C","B","[2015.496:2015.578]","Philippines",2015.578,"South-Eastern Asia","External","KX789231_External_B/C_Philippines_2015.578"
"2243","KT762421","B/C","B","2014.501","Hong Kong",2014.501,"Eastern Asia","External","KT762421_External_B/C_Hong-Kong_2014.501"
"2244","KT762425","B/C","B","2014.671","Hong Kong",2014.671,"Eastern Asia","External","KT762425_External_B/C_Hong-Kong_2014.671"
"2245","LC107897","B/C","B","2015.567","Japan",2015.567,"Eastern Asia","External","LC107897_External_B/C_Japan_2015.567"
"2246","LC413955","B/C","B","[2015:2015.997]","Japan",2015,"Eastern Asia","External","LC413955_External_B/C_Japan_2015"
"2247","KX789221","B/C","B","[2015.674:2015.745]","Japan",2015.745,"Eastern Asia","External","KX789221_External_B/C_Japan_2015.745"
"2248","KX789266","B/C","B","[2015.666:2015.737]","Japan",2015.737,"Eastern Asia","External","KX789266_External_B/C_Japan_2015.737"
"2249","KY618804","B/C","B","2015.715","Japan",2015.715,"Eastern Asia","External","KY618804_External_B/C_Japan_2015.715"
"2250","MH341108","B/C","B","[2015.496:2015.57]","Taiwan",2015.496,"Eastern Asia","External","MH341108_External_B/C_Taiwan_2015.496"
"2251","MH341109","B/C","B","[2015.581:2015.655]","Taiwan",2015.649772,"Eastern Asia","External","MH341109_External_B/C_Taiwan_2015.65"
"2252","MH341110","B/C","B","[2015.581:2015.655]","Taiwan",2015.648536,"Eastern Asia","External","MH341110_External_B/C_Taiwan_2015.649"
"2253","LC200967","B/C","B","[2015.666:2015.737]","Japan",2015.707267,"Eastern Asia","External","LC200967_External_B/C_Japan_2015.707"
"2254","LC200968","B/C","B","[2015.666:2015.737]","Japan",2015.707941,"Eastern Asia","External","LC200968_External_B/C_Japan_2015.708"
"2255","LC413954","B/C","B","[2015:2015.997]","Japan",2015.77669,"Eastern Asia","External","LC413954_External_B/C_Japan_2015.777"
"2256","MH341107","B/C","B","[2015.496:2015.578]","Taiwan",2015.496,"Eastern Asia","External","MH341107_External_B/C_Taiwan_2015.496"
"2257","LC107893","B/C","B","2015.627","Japan",2015.627,"Eastern Asia","External","LC107893_External_B/C_Japan_2015.627"
"2258","LC107895","B/C","B","2015.619","Japan",2015.619,"Eastern Asia","External","LC107895_External_B/C_Japan_2015.619"
"2259","MK241422","B/C","B","2014.701","China",2014.701,"Eastern Asia","External","MK241422_External_B/C_China_2014.701"
"2260","KT803604","B/C","B","2014.745","China",2014.745,"Eastern Asia","External","KT803604_External_B/C_China_2014.745"
"2261","MK241421","B/C","B","2014.564","China",2014.564,"Eastern Asia","External","MK241421_External_B/C_China_2014.564"
"2262","MK241418","B/C","B","2014.504","China",2014.504,"Eastern Asia","External","MK241418_External_B/C_China_2014.504"
"2263","KT711087","B/C","B","2014.693","Taiwan",2014.693,"Eastern Asia","External","KT711087_External_B/C_Taiwan_2014.693"
"2264","KT803600","B/C","B","2014.814","China",2014.814,"Eastern Asia","External","KT803600_External_B/C_China_2014.814"
"2265","KT803605","B/C","B","2014.764","China",2014.764,"Eastern Asia","External","KT803605_External_B/C_China_2014.764"
"2266","KT711088","B/C","B","2014.69","Taiwan",2014.69,"Eastern Asia","External","KT711088_External_B/C_Taiwan_2014.69"
"2267","KT280500","B/C","B","2014.718","China",2014.718,"Eastern Asia","External","KT280500_External_B/C_China_2014.718"
"2268","KT803592","B/C","B","2014.693","China",2014.693,"Eastern Asia","External","KT803592_External_B/C_China_2014.693"
"2269","MW697454","B/C","B","[2014.507:2014.578]","China",2014.578,"Eastern Asia","External","MW697454_External_B/C_China_2014.578"
"2270","KT762426","B/C","B","2014.677","Hong Kong",2014.677,"Eastern Asia","External","KT762426_External_B/C_Hong-Kong_2014.677"
"2271","KT803598","B/C","B","2014.712","China",2014.712,"Eastern Asia","External","KT803598_External_B/C_China_2014.712"
"2272","KT762411","B/C","B","2014.433","Hong Kong",2014.433,"Eastern Asia","External","KT762411_External_B/C_Hong-Kong_2014.433"
"2273","KT762413","B/C","B","2014.436","Hong Kong",2014.436,"Eastern Asia","External","KT762413_External_B/C_Hong-Kong_2014.436"
"2274","KT959197","B/C","B","[2014.414:2014.493]","Hong Kong",2014.414,"Eastern Asia","External","KT959197_External_B/C_Hong-Kong_2014.414"
"2275","KT285481","B/C","B","2014.69","China",2014.69,"Eastern Asia","External","KT285481_External_B/C_China_2014.69"
"2276","KT280498","B/C","B","2014.8","China",2014.8,"Eastern Asia","External","KT280498_External_B/C_China_2014.8"
"2277","KT959202","B/C","B","[2014.581:2014.655]","Hong Kong",2014.610416,"Eastern Asia","External","KT959202_External_B/C_Hong-Kong_2014.61"
"2278","KT285482","B/C","B","2014.712","China",2014.712,"Eastern Asia","External","KT285482_External_B/C_China_2014.712"
"2279","KY767828","B/C","B","2014.556","Hong Kong",2014.556,"Eastern Asia","External","KY767828_External_B/C_Hong-Kong_2014.556"
"2280","KT762415","B/C","B","2014.444","Hong Kong",2014.444,"Eastern Asia","External","KT762415_External_B/C_Hong-Kong_2014.444"
"2281","KT873563","B/C","B","2014.74","Canada",2014.74,"North America","North America","KT873563_North-America_B/C_Canada_2014.74"
"2282","KT873558","B/C","B","2014.759","Canada",2014.759,"North America","North America","KT873558_North-America_B/C_Canada_2014.759"
"2283","KT873559","B/C","B","2014.852","Canada",2014.852,"North America","North America","KT873559_North-America_B/C_Canada_2014.852"
"2284","KT762420","B/C","B","2014.501","Hong Kong",2014.501,"Eastern Asia","External","KT762420_External_B/C_Hong-Kong_2014.501"
"2285","KT762417","B/C","B","2014.468","Hong Kong",2014.468,"Eastern Asia","External","KT762417_External_B/C_Hong-Kong_2014.468"
"2286","KT762427","B/C","B","2014.745","Hong Kong",2014.745,"Eastern Asia","External","KT762427_External_B/C_Hong-Kong_2014.745"
"2287","KT762406","B/C","B","2014.29","Hong Kong",2014.29,"Eastern Asia","External","KT762406_External_B/C_Hong-Kong_2014.29"
"2288","KP114664","B/C","B","2014.668","Canada",2014.668,"North America","North America","KP114664_North-America_B/C_Canada_2014.668"
"2289","KT803596","B/C","B","2014.734","China",2014.734,"Eastern Asia","External","KT803596_External_B/C_China_2014.734"
"2290","KT803594","B/C","B","2014.726","China",2014.726,"Eastern Asia","External","KT803594_External_B/C_China_2014.726"
"2291","KT873557","B/C","B","2014.816","Canada",2014.816,"North America","North America","KT873557_North-America_B/C_Canada_2014.816"
"2292","KT762423","B/C","B","2014.551","Hong Kong",2014.551,"Eastern Asia","External","KT762423_External_B/C_Hong-Kong_2014.551"
"2293","KT873561","B/C","B","2014.819","Canada",2014.819,"North America","North America","KT873561_North-America_B/C_Canada_2014.819"
"2294","KT873560","B/C","B","2014.874","Canada",2014.874,"North America","North America","KT873560_North-America_B/C_Canada_2014.874"
"2295","KP455157","B/C","B","[2014:2014.997]","Canada",2014.292264,"North America","North America","KP455157_North-America_B/C_Canada_2014.292"
"2296","KT762412","B/C","B","2014.433","Hong Kong",2014.433,"Eastern Asia","External","KT762412_External_B/C_Hong-Kong_2014.433"
"2297","KT280497","B/C","B","2014.8","China",2014.8,"Eastern Asia","External","KT280497_External_B/C_China_2014.8"
"2298","KT959199","B/C","B","[2014.496:2014.578]","Hong Kong",2014.53701,"Eastern Asia","External","KT959199_External_B/C_Hong-Kong_2014.537"
"2299","KT959200","B/C","B","[2014.496:2014.578]","Hong Kong",2014.53701,"Eastern Asia","External","KT959200_External_B/C_Hong-Kong_2014.537"
"2300","KT762408","B/C","B","2014.384","Hong Kong",2014.384,"Eastern Asia","External","KT762408_External_B/C_Hong-Kong_2014.384"
"2301","KT762409","B/C","B","2014.408","Hong Kong",2014.408,"Eastern Asia","External","KT762409_External_B/C_Hong-Kong_2014.408"
"2302","KT762416","B/C","B","2014.468","Hong Kong",2014.468,"Eastern Asia","External","KT762416_External_B/C_Hong-Kong_2014.468"
"2303","KT762414","B/C","B","2014.441","Hong Kong",2014.441,"Eastern Asia","External","KT762414_External_B/C_Hong-Kong_2014.441"
"2304","KT803599","B/C","B","2014.737","China",2014.737,"Eastern Asia","External","KT803599_External_B/C_China_2014.737"
"2305","KY767822","B/C","B","2014.556","Hong Kong",2014.556,"Eastern Asia","External","KY767822_External_B/C_Hong-Kong_2014.556"
"2306","KT762418","B/C","B","2014.468","Hong Kong",2014.468,"Eastern Asia","External","KT762418_External_B/C_Hong-Kong_2014.468"
"2307","KT762422","B/C","B","2014.51","Hong Kong",2014.51,"Eastern Asia","External","KT762422_External_B/C_Hong-Kong_2014.51"
"2308","LC203577","B/C","B","[2015:2015.997]","Japan",2015.453443,"Eastern Asia","External","LC203577_External_B/C_Japan_2015.453"
"2309","LC203553","B/C","B","[2015:2015.578]","Japan",2015,"Eastern Asia","External","LC203553_External_B/C_Japan_2015"
"2310","LC203563","B/C","B","[2015:2015.997]","Japan",2015.649724,"Eastern Asia","External","LC203563_External_B/C_Japan_2015.65"
"2311","LC203559","B/C","B","[2015:2015.997]","Japan",2015.364339,"Eastern Asia","External","LC203559_External_B/C_Japan_2015.364"
"2312","LC203551","B/C","B","[2015:2015.997]","Japan",2015.364339,"Eastern Asia","External","LC203551_External_B/C_Japan_2015.364"
"2313","LC203541","B/C","B","[2015:2015.997]","Japan",2015.391025,"Eastern Asia","External","LC203541_External_B/C_Japan_2015.391"
"2314","LC203540","B/C","B","[2015:2015.997]","Japan",2015.390399,"Eastern Asia","External","LC203540_External_B/C_Japan_2015.39"
"2315","LC203546","B/C","B","[2015:2015.997]","Japan",2015.390399,"Eastern Asia","External","LC203546_External_B/C_Japan_2015.39"
"2316","LC203548","B/C","B","[2015:2015.997]","Japan",2015.390399,"Eastern Asia","External","LC203548_External_B/C_Japan_2015.39"
"2317","LC203573","B/C","B","[2015:2015.997]","Japan",2015.507286,"Eastern Asia","External","LC203573_External_B/C_Japan_2015.507"
"2318","LC203566","B/C","B","[2015:2015.997]","Japan",2015.798745,"Eastern Asia","External","LC203566_External_B/C_Japan_2015.799"
"2319","LC203576","B/C","B","[2015:2015.997]","Japan",2015.446141,"Eastern Asia","External","LC203576_External_B/C_Japan_2015.446"
"2320","LC203543","B/C","B","[2015:2015.997]","Japan",2015.445532,"Eastern Asia","External","LC203543_External_B/C_Japan_2015.446"
"2321","LC203549","B/C","B","[2015:2015.997]","Japan",2015.445532,"Eastern Asia","External","LC203549_External_B/C_Japan_2015.446"
"2322","LC203558","B/C","B","[2015:2015.997]","Japan",2015.445532,"Eastern Asia","External","LC203558_External_B/C_Japan_2015.446"
"2323","LC203569","B/C","B","[2015:2015.997]","Japan",2015.445532,"Eastern Asia","External","LC203569_External_B/C_Japan_2015.446"
"2324","LC203574","B/C","B","[2015:2015.997]","Japan",2015.445532,"Eastern Asia","External","LC203574_External_B/C_Japan_2015.446"
"2325","LC203557","B/C","B","[2015:2015.997]","Japan",2015.445532,"Eastern Asia","External","LC203557_External_B/C_Japan_2015.446"
"2326","KT762404","B/C","B","2014.208","Hong Kong",2014.208,"Eastern Asia","External","KT762404_External_B/C_Hong-Kong_2014.208"
"2327","KT762405","B/C","B","2014.211","Hong Kong",2014.211,"Eastern Asia","External","KT762405_External_B/C_Hong-Kong_2014.211"
"2328","MF045422","B/C","B","[2013:2013.997]","Vietnam",2013.125331,"South-Eastern Asia","External","MF045422_External_B/C_Vietnam_2013.125"
"2329","KT873556","B/C","B","2014.797","Canada",2014.797,"North America","North America","KT873556_North-America_B/C_Canada_2014.797"
"2330","LC200958","B/C","B","[2015.666:2015.745]","Japan",2015.722061,"Eastern Asia","External","LC200958_External_B/C_Japan_2015.722"
"2331","LC200965","B/C","B","[2015.666:2015.745]","Japan",2015.722061,"Eastern Asia","External","LC200965_External_B/C_Japan_2015.722"
"2332","KX789225","B/C","B","[2015.666:2015.737]","Japan",2015.737,"Eastern Asia","External","KX789225_External_B/C_Japan_2015.737"
"2333","LC481220","B/C","B","2015.764","Philippines",2015.764,"South-Eastern Asia","External","LC481220_External_B/C_Philippines_2015.764"
"2334","LC481221","B/C","B","2015.778","Philippines",2015.778,"South-Eastern Asia","External","LC481221_External_B/C_Philippines_2015.778"
"2335","KU886247","B/C","B","[2014.77:2014.83]","France",2014.83,"Europe","Europe","KU886247_Europe_B/C_France_2014.83"
"2336","MW731826","B/C","B","[2015.666:2015.745]","Germany",2015.666,"Europe","Europe","MW731826_Europe_B/C_Germany_2015.666"
"2337","MW731825","B/C","B","[2015.666:2015.745]","Germany",2015.666,"Europe","Europe","MW731825_Europe_B/C_Germany_2015.666"
"2338","KT873553","B/C","B","2014.762","Canada",2014.762,"North America","North America","KT873553_North-America_B/C_Canada_2014.762"
"2339","KT873552","B/C","B","2014.745","Canada",2014.745,"North America","North America","KT873552_North-America_B/C_Canada_2014.745"
"2340","KT873554","B/C","B","2014.819","Canada",2014.819,"North America","North America","KT873554_North-America_B/C_Canada_2014.819"
"2341","LC481144","B/C","B","2017.732","Philippines",2017.732,"South-Eastern Asia","External","LC481144_External_B/C_Philippines_2017.732"
"2342","LC481150","B/C","B","2018.008","Philippines",2018.008,"South-Eastern Asia","External","LC481150_External_B/C_Philippines_2018.008"
"2343","LC481174","B/C","B","2017.858","Philippines",2017.858,"South-Eastern Asia","External","LC481174_External_B/C_Philippines_2017.858"
"2344","LC481213","B/C","B","2018.162","Philippines",2018.162,"South-Eastern Asia","External","LC481213_External_B/C_Philippines_2018.162"
"2345","LC481212","B/C","B","2017.992","Philippines",2017.992,"South-Eastern Asia","External","LC481212_External_B/C_Philippines_2017.992"
"2346","LC481176","B/C","B","2017.923","Philippines",2017.923,"South-Eastern Asia","External","LC481176_External_B/C_Philippines_2017.923"
"2347","LC481145","B/C","B","2017.732","Philippines",2017.732,"South-Eastern Asia","External","LC481145_External_B/C_Philippines_2017.732"
"2348","LC481211","B/C","B","2017.97","Philippines",2017.97,"South-Eastern Asia","External","LC481211_External_B/C_Philippines_2017.97"
"2349","LC481210","B/C","B","2017.896","Philippines",2017.896,"South-Eastern Asia","External","LC481210_External_B/C_Philippines_2017.896"
"2350","LC481148","B/C","B","2017.896","Philippines",2017.896,"South-Eastern Asia","External","LC481148_External_B/C_Philippines_2017.896"
"2351","LC481175","B/C","B","2017.877","Philippines",2017.877,"South-Eastern Asia","External","LC481175_External_B/C_Philippines_2017.877"
"2352","LC481177","B/C","B","2017.992","Philippines",2017.992,"South-Eastern Asia","External","LC481177_External_B/C_Philippines_2017.992"
"2353","LC481208","B/C","B","2017.879","Philippines",2017.879,"South-Eastern Asia","External","LC481208_External_B/C_Philippines_2017.879"
"2354","LC481173","B/C","B","2017.838","Philippines",2017.838,"South-Eastern Asia","External","LC481173_External_B/C_Philippines_2017.838"
"2355","LC481147","B/C","B","2017.896","Philippines",2017.896,"South-Eastern Asia","External","LC481147_External_B/C_Philippines_2017.896"
"2356","LC481149","B/C","B","2018.005","Philippines",2018.005,"South-Eastern Asia","External","LC481149_External_B/C_Philippines_2018.005"
"2357","LC481146","B/C","B","2017.849","Philippines",2017.849,"South-Eastern Asia","External","LC481146_External_B/C_Philippines_2017.849"
"2358","LC481209","B/C","B","2017.893","Philippines",2017.893,"South-Eastern Asia","External","LC481209_External_B/C_Philippines_2017.893"
"2359","LC481172","B/C","B","2017.838","Philippines",2017.838,"South-Eastern Asia","External","LC481172_External_B/C_Philippines_2017.838"
"2360","KP657745","B/C","B","2014.8","Germany",2014.8,"Europe","Europe","KP657745_Europe_B/C_Germany_2014.8"
"2361","PQ766586","B/C","B","[2023.748:2023.83]","China",2023.748,"Eastern Asia","External","PQ766586_External_B/C_China_2023.748"
"2362","PV776127","B/C","B","2022.836","Malaysia",2022.836,"South-Eastern Asia","External","PV776127_External_B/C_Malaysia_2022.836"
"2363","PV776121","B/C","B","2022.567","Malaysia",2022.567,"South-Eastern Asia","External","PV776121_External_B/C_Malaysia_2022.567"
"2364","PV776119","B/C","B","2022.762","Malaysia",2022.762,"South-Eastern Asia","External","PV776119_External_B/C_Malaysia_2022.762"
"2365","PV776118","B/C","B","2022.638","Malaysia",2022.638,"South-Eastern Asia","External","PV776118_External_B/C_Malaysia_2022.638"
"2366","PV776122","B/C","B","2022.581","Malaysia",2022.581,"South-Eastern Asia","External","PV776122_External_B/C_Malaysia_2022.581"
"2367","PV776124","B/C","B","2022.655","Malaysia",2022.655,"South-Eastern Asia","External","PV776124_External_B/C_Malaysia_2022.655"
"2368","KY042031","B/C","B","[2016:2016.997]","Canada",2016.856572,"North America","North America","KY042031_North-America_B/C_Canada_2016.857"
"2369","KY042028","B/C","B","[2016:2016.997]","Canada",2016.855806,"North America","North America","KY042028_North-America_B/C_Canada_2016.856"
"2370","KY042030","B/C","B","[2016:2016.997]","Canada",2016.855806,"North America","North America","KY042030_North-America_B/C_Canada_2016.856"
"2371","KY042032","B/C","B","[2016:2016.997]","Canada",2016.855806,"North America","North America","KY042032_North-America_B/C_Canada_2016.856"
"2372","PV776123","B/C","B","2022.616","Malaysia",2022.616,"South-Eastern Asia","External","PV776123_External_B/C_Malaysia_2022.616"
"2373","PV776117","B/C","B","2022.627","Malaysia",2022.627,"South-Eastern Asia","External","PV776117_External_B/C_Malaysia_2022.627"
"2374","PV776120","B/C","B","2022.504","Malaysia",2022.504,"South-Eastern Asia","External","PV776120_External_B/C_Malaysia_2022.504"
"2375","PV776125","B/C","B","2022.66","Malaysia",2022.66,"South-Eastern Asia","External","PV776125_External_B/C_Malaysia_2022.66"
"2376","MN403145","B/C","B","2016.016","Spain",2016.016,"Europe","Europe","MN403145_Europe_B/C_Spain_2016.016"
"2377","MN403144","B/C","B","2016.066","Spain",2016.066,"Europe","Europe","MN403144_Europe_B/C_Spain_2016.066"
"2378","MH250147","B/C","B","2017.666","Iran",2017.666,"Southern Asia","External","MH250147_External_B/C_Iran_2017.666"
"2379","MH250146","B/C","B","2017.666","Iran",2017.666,"Southern Asia","External","MH250146_External_B/C_Iran_2017.666"
"2380","MH250148","B/C","B","2017.666","Iran",2017.666,"Southern Asia","External","MH250148_External_B/C_Iran_2017.666"
"2381","MN403141","B/C","B","2016.008","Spain",2016.008,"Europe","Europe","MN403141_Europe_B/C_Spain_2016.008"
"2382","MN403142","B/C","B","2016.044","Spain",2016.044,"Europe","Europe","MN403142_Europe_B/C_Spain_2016.044"
"2383","MN403267","B/C","B","2017.759","Spain",2017.759,"Europe","Europe","MN403267_Europe_B/C_Spain_2017.759"
"2384","MN403229","B/C","B","2016.18","Spain",2016.18,"Europe","Europe","MN403229_Europe_B/C_Spain_2016.18"
"2385","MT791928","B/C","B","2016.732","France",2016.732,"Europe","Europe","MT791928_Europe_B/C_France_2016.732"
"2386","MH307403","B/C","B","2016.694","Spain",2016.694,"Europe","Europe","MH307403_Europe_B/C_Spain_2016.694"
"2387","MW731830","B/C","B","[2016.582:2016.664]","Germany",2016.582,"Europe","Europe","MW731830_Europe_B/C_Germany_2016.582"
"2388","MW731845","B/C","B","[2016.582:2016.664]","Germany",2016.582,"Europe","Europe","MW731845_Europe_B/C_Germany_2016.582"
"2389","MN699281","B/C","B","2017.822","Thailand",2017.822,"South-Eastern Asia","External","MN699281_External_B/C_Thailand_2017.822"
"2390","LC515239","B/C","B","2018.759","Japan",2018.759,"Eastern Asia","External","LC515239_External_B/C_Japan_2018.759"
"2391","MH138302","B/C","B","2016.743","France",2016.743,"Europe","Europe","MH138302_Europe_B/C_France_2016.743"
"2392","LC746323","B/C","B","2018.962","Myanmar",2018.962,"South-Eastern Asia","External","LC746323_External_B/C_Myanmar_2018.962"
"2393","LC746310","B/C","B","2018.663","Myanmar",2018.663,"South-Eastern Asia","External","LC746310_External_B/C_Myanmar_2018.663"
"2394","LC746319","B/C","B","2018.825","Myanmar",2018.825,"South-Eastern Asia","External","LC746319_External_B/C_Myanmar_2018.825"
"2395","LC746311","B/C","B","2018.666","Myanmar",2018.666,"South-Eastern Asia","External","LC746311_External_B/C_Myanmar_2018.666"
"2396","LC515238","B/C","B","2018.759","Japan",2018.759,"Eastern Asia","External","LC515238_External_B/C_Japan_2018.759"
"2397","LC627043","B/C","B","2018.759","Japan",2018.759,"Eastern Asia","External","LC627043_External_B/C_Japan_2018.759"
"2398","LC746315","B/C","B","2018.71","Myanmar",2018.71,"South-Eastern Asia","External","LC746315_External_B/C_Myanmar_2018.71"
"2399","LC746314","B/C","B","2018.704","Myanmar",2018.704,"South-Eastern Asia","External","LC746314_External_B/C_Myanmar_2018.704"
"2400","LC627050","B/C","B","2018.773","Japan",2018.773,"Eastern Asia","External","LC627050_External_B/C_Japan_2018.773"
"2401","LC515240","B/C","B","2018.803","Japan",2018.803,"Eastern Asia","External","LC515240_External_B/C_Japan_2018.803"
"2402","LC515245","B/C","B","2018.838","Japan",2018.838,"Eastern Asia","External","LC515245_External_B/C_Japan_2018.838"
"2403","LC627045","B/C","B","2018.775","Japan",2018.775,"Eastern Asia","External","LC627045_External_B/C_Japan_2018.775"
"2404","LC627047","B/C","B","2018.789","Japan",2018.789,"Eastern Asia","External","LC627047_External_B/C_Japan_2018.789"
"2405","LC627046","B/C","B","2018.805","Japan",2018.805,"Eastern Asia","External","LC627046_External_B/C_Japan_2018.805"
"2406","MW731828","B/C","B","[2016.423:2016.495]","Germany",2016.423,"Europe","Europe","MW731828_Europe_B/C_Germany_2016.423"
"2407","MK521595","B/C","B","2016.486","Senegal",2016.486,"Western Africa","External","MK521595_External_B/C_Senegal_2016.486"
"2408","MW006088","B/C","B","2016.557","Guinea",2016.557,"Western Africa","External","MW006088_External_B/C_Guinea_2016.557"
"2409","MZ062096","B/C","B","2018.748","Senegal",2018.748,"Western Africa","External","MZ062096_External_B/C_Senegal_2018.748"
"2410","MW006090","B/C","B","2016.511","Guinea",2016.511,"Western Africa","External","MW006090_External_B/C_Guinea_2016.511"
"2411","MW006091","B/C","B","2016.497","Guinea",2016.497,"Western Africa","External","MW006091_External_B/C_Guinea_2016.497"
"2412","MW006087","B/C","B","2016.593","Niger",2016.593,"Western Africa","External","MW006087_External_B/C_Niger_2016.593"
"2413","MW006092","B/C","B","2016.538","Guinea",2016.538,"Western Africa","External","MW006092_External_B/C_Guinea_2016.538"
"2414","MW006089","B/C","B","2016.541","Guinea",2016.541,"Western Africa","External","MW006089_External_B/C_Guinea_2016.541"
"2415","MT791933","B/C","B","2016.497","France",2016.497,"Europe","Europe","MT791933_Europe_B/C_France_2016.497"
"2416","MT795865","B/C","B","2016.478","France",2016.478,"Europe","Europe","MT795865_Europe_B/C_France_2016.478"
"2417","MT795866","B/C","B","2016.495","France",2016.495,"Europe","Europe","MT795866_Europe_B/C_France_2016.495"
"2418","MH674138","B/C","B","2016.639","Sweden",2016.639,"Europe","Europe","MH674138_Europe_B/C_Sweden_2016.639"
"2419","MN403239","B/C","B","2016.355","Spain",2016.355,"Europe","Europe","MN403239_Europe_B/C_Spain_2016.355"
"2420","OR365019","B/C","B","[2016.667:2016.746]","Slovenia",2016.667,"Europe","Europe","OR365019_Europe_B/C_Slovenia_2016.667"
"2421","MK521620","B/C","B","2016.667","Senegal",2016.667,"Western Africa","External","MK521620_External_B/C_Senegal_2016.667"
"2422","MK521597","B/C","B","2016.505","Senegal",2016.505,"Western Africa","External","MK521597_External_B/C_Senegal_2016.505"
"2423","MK521621","B/C","B","2016.511","Senegal",2016.511,"Western Africa","External","MK521621_External_B/C_Senegal_2016.511"
"2424","MK521607","B/C","B","2016.571","Senegal",2016.571,"Western Africa","External","MK521607_External_B/C_Senegal_2016.571"
"2425","MK521599","B/C","B","2016.536","Senegal",2016.536,"Western Africa","External","MK521599_External_B/C_Senegal_2016.536"
"2426","MK521614","B/C","B","2016.626","Senegal",2016.626,"Western Africa","External","MK521614_External_B/C_Senegal_2016.626"
"2427","MK521616","B/C","B","2016.648","Senegal",2016.648,"Western Africa","External","MK521616_External_B/C_Senegal_2016.648"
"2428","MK521619","B/C","B","2016.645","Senegal",2016.645,"Western Africa","External","MK521619_External_B/C_Senegal_2016.645"
"2429","MK521623","B/C","B","2016.546","Senegal",2016.546,"Western Africa","External","MK521623_External_B/C_Senegal_2016.546"
"2430","MK521604","B/C","B","2016.563","Senegal",2016.563,"Western Africa","External","MK521604_External_B/C_Senegal_2016.563"
"2431","MK521610","B/C","B","2016.604","Senegal",2016.604,"Western Africa","External","MK521610_External_B/C_Senegal_2016.604"
"2432","MK521613","B/C","B","2016.62","Senegal",2016.62,"Western Africa","External","MK521613_External_B/C_Senegal_2016.62"
"2433","MK521625","B/C","B","2016.56","Senegal",2016.56,"Western Africa","External","MK521625_External_B/C_Senegal_2016.56"
"2434","MK521601","B/C","B","2016.552","Senegal",2016.552,"Western Africa","External","MK521601_External_B/C_Senegal_2016.552"
"2435","MK521618","B/C","B","2016.658","Senegal",2016.658,"Western Africa","External","MK521618_External_B/C_Senegal_2016.658"
"2436","MK521598","B/C","B","2016.53","Senegal",2016.53,"Western Africa","External","MK521598_External_B/C_Senegal_2016.53"
"2437","MK521600","B/C","B","2016.544","Senegal",2016.544,"Western Africa","External","MK521600_External_B/C_Senegal_2016.544"
"2438","MK521609","B/C","B","2016.582","Senegal",2016.582,"Western Africa","External","MK521609_External_B/C_Senegal_2016.582"
"2439","MK521617","B/C","B","2016.642","Senegal",2016.642,"Western Africa","External","MK521617_External_B/C_Senegal_2016.642"
"2440","MK521615","B/C","B","2016.634","Senegal",2016.634,"Western Africa","External","MK521615_External_B/C_Senegal_2016.634"
"2441","MK521603","B/C","B","2016.563","Senegal",2016.563,"Western Africa","External","MK521603_External_B/C_Senegal_2016.563"
"2442","MK521608","B/C","B","2016.582","Senegal",2016.582,"Western Africa","External","MK521608_External_B/C_Senegal_2016.582"
"2443","MK521605","B/C","B","2016.555","Senegal",2016.555,"Western Africa","External","MK521605_External_B/C_Senegal_2016.555"
"2444","MK521612","B/C","B","2016.628","Senegal",2016.628,"Western Africa","External","MK521612_External_B/C_Senegal_2016.628"
"2445","MK521626","B/C","B","2016.563","Senegal",2016.563,"Western Africa","External","MK521626_External_B/C_Senegal_2016.563"
"2446","MK521622","B/C","B","2016.544","Senegal",2016.544,"Western Africa","External","MK521622_External_B/C_Senegal_2016.544"
"2447","MK521596","B/C","B","2016.451","Senegal",2016.451,"Western Africa","External","MK521596_External_B/C_Senegal_2016.451"
"2448","MK521594","B/C","B","2016.473","Senegal",2016.473,"Western Africa","External","MK521594_External_B/C_Senegal_2016.473"
"2449","MK521593","B/C","B","2016.47","Senegal",2016.47,"Western Africa","External","MK521593_External_B/C_Senegal_2016.47"
"2450","MK521592","B/C","B","2016.467","Senegal",2016.467,"Western Africa","External","MK521592_External_B/C_Senegal_2016.467"
"2451","MK521602","B/C","B","2016.571","Senegal",2016.571,"Western Africa","External","MK521602_External_B/C_Senegal_2016.571"
"2452","MK521627","B/C","B","2016.566","Senegal",2016.566,"Western Africa","External","MK521627_External_B/C_Senegal_2016.566"
"2453","MK521606","B/C","B","2016.544","Senegal",2016.544,"Western Africa","External","MK521606_External_B/C_Senegal_2016.544"
"2454","MK521611","B/C","B","2016.612","Senegal",2016.612,"Western Africa","External","MK521611_External_B/C_Senegal_2016.612"
"2455","MK521624","B/C","B","2016.557","Senegal",2016.557,"Western Africa","External","MK521624_External_B/C_Senegal_2016.557"
"2456","LC413952","B/C","B","[2015:2015.773]","Japan",2015,"Eastern Asia","External","LC413952_External_B/C_Japan_2015"
"2457","LC203578","B/C","B","[2015:2015.997]","Japan",2015,"Eastern Asia","External","LC203578_External_B/C_Japan_2015"
"2458","LC413953","B/C","B","[2015:2015.666]","Japan",2015,"Eastern Asia","External","LC413953_External_B/C_Japan_2015"
"2459","KX685071","B/C","B","2016.525","Netherlands",2016.525,"Europe","Europe","KX685071_Europe_B/C_Netherlands_2016.525"
"2460","MW731839","B/C","B","[2016.59:2016.664]","Germany",2016.664,"Europe","Europe","MW731839_Europe_B/C_Germany_2016.664"
"2461","MK216565","B/C","B","[2016.667:2016.746]","Finland",2016.667,"Europe","Europe","MK216565_Europe_B/C_Finland_2016.667"
"2462","MH733832","B/C","B","2017.573","India",2017.573,"Southern Asia","External","MH733832_External_B/C_India_2017.573"
"2463","MN018253","B/C","B","2018.77","United Kingdom",2018.77,"Europe","Europe","MN018253_Europe_B/C_United-Kingdom_2018.77"
"2464","MK377392","B/C","B","2018.77","United Kingdom",2018.77,"Europe","Europe","MK377392_Europe_B/C_United-Kingdom_2018.77"
"2465","MN764887","B/C","B","2019.268","Netherlands",2019.268,"Europe","Europe","MN764887_Europe_B/C_Netherlands_2019.268"
"2466","OR179065","B/C","B","2019.268","Netherlands",2019.268,"Europe","Europe","OR179065_Europe_B/C_Netherlands_2019.268"
"2467","LC746321","B/C","B","2018.849","Myanmar",2018.849,"South-Eastern Asia","External","LC746321_External_B/C_Myanmar_2018.849"
"2468","LC746322","B/C","B","2018.888","Myanmar",2018.888,"South-Eastern Asia","External","LC746322_External_B/C_Myanmar_2018.888"
"2469","LC746317","B/C","B","2018.742","Myanmar",2018.742,"South-Eastern Asia","External","LC746317_External_B/C_Myanmar_2018.742"
"2470","LC746318","B/C","B","2018.795","Myanmar",2018.795,"South-Eastern Asia","External","LC746318_External_B/C_Myanmar_2018.795"
"2471","LC746316","B/C","B","2018.718","Myanmar",2018.718,"South-Eastern Asia","External","LC746316_External_B/C_Myanmar_2018.718"
"2472","LC746313","B/C","B","2018.677","Myanmar",2018.677,"South-Eastern Asia","External","LC746313_External_B/C_Myanmar_2018.677"
"2473","LC746312","B/C","B","2018.658","Myanmar",2018.658,"South-Eastern Asia","External","LC746312_External_B/C_Myanmar_2018.658"
"2474","MH330334","B/C","B","2017.701","India",2017.701,"Southern Asia","External","MH330334_External_B/C_India_2017.701"
"2475","MN726799","B/C","B","2019.858","Netherlands",2019.858,"Europe","Europe","MN726799_Europe_B/C_Netherlands_2019.858"
"2476","MN935870","B/C","B","2019.718","Sweden",2019.718,"Europe","Europe","MN935870_Europe_B/C_Sweden_2019.718"
"2477","MN896984","B/C","B","2019.877","Denmark",2019.877,"Europe","Europe","MN896984_Europe_B/C_Denmark_2019.877"
"2478","MN832496","B/C","B","2019.827","Germany",2019.827,"Europe","Europe","MN832496_Europe_B/C_Germany_2019.827"
"2479","MN726800","B/C","B","2019.655","Netherlands",2019.655,"Europe","Europe","MN726800_Europe_B/C_Netherlands_2019.655"
"2480","MN894271","B/C","B","[2019.833:2019.904]","Germany",2019.833,"Europe","Europe","MN894271_Europe_B/C_Germany_2019.833"
"2481","LR743440","B/C","B","[2019.833:2019.904]","France",2019.833,"Europe","Europe","LR743440_Europe_B/C_France_2019.833"
"2482","MN832497","B/C","B","2019.882","Germany",2019.882,"Europe","Europe","MN832497_Europe_B/C_Germany_2019.882"
"2483","MN896977","B/C","B","2019.742","Denmark",2019.742,"Europe","Europe","MN896977_Europe_B/C_Denmark_2019.742"
"2484","MN896976","B/C","B","2019.723","Denmark",2019.723,"Europe","Europe","MN896976_Europe_B/C_Denmark_2019.723"
"2485","MN814244","B/C","B","2019.805","Germany",2019.805,"Europe","Europe","MN814244_Europe_B/C_Germany_2019.805"
"2486","MN896975","B/C","B","2019.66","Denmark",2019.66,"Europe","Europe","MN896975_Europe_B/C_Denmark_2019.66"
"2487","LR743439","B/C","B","[2019.748:2019.822]","France",2019.748,"Europe","Europe","LR743439_Europe_B/C_France_2019.748"
"2488","OQ259308","B/C","B","2019.893","Netherlands",2019.893,"Europe","Europe","OQ259308_Europe_B/C_Netherlands_2019.893"
"2489","OR179067","B/C","B","2019.847","Netherlands",2019.847,"Europe","Europe","OR179067_Europe_B/C_Netherlands_2019.847"
"2490","MN896974","B/C","B","2019.627","Denmark",2019.627,"Europe","Europe","MN896974_Europe_B/C_Denmark_2019.627"
"2491","OR365032","B/C","B","[2019.915:2019.997]","Slovenia",2019.997,"Europe","Europe","OR365032_Europe_B/C_Slovenia_2019.997"
"2492","MN764888","B/C","B","2019.638","Netherlands",2019.638,"Europe","Europe","MN764888_Europe_B/C_Netherlands_2019.638"
"2493","OR179066","B/C","B","2019.638","Netherlands",2019.638,"Europe","Europe","OR179066_Europe_B/C_Netherlands_2019.638"
"2494","MN814242","B/C","B","2019.718","Germany",2019.718,"Europe","Europe","MN814242_Europe_B/C_Germany_2019.718"
"2495","OR365030","B/C","B","[2019.748:2019.83]","Slovenia",2019.748,"Europe","Europe","OR365030_Europe_B/C_Slovenia_2019.748"
"2496","OR365031","B/C","B","[2019.915:2019.997]","Slovenia",2019.915,"Europe","Europe","OR365031_Europe_B/C_Slovenia_2019.915"
"2497","MN894268","B/C","B","[2019.748:2019.83]","Germany",2019.83,"Europe","Europe","MN894268_Europe_B/C_Germany_2019.83"
"2498","MN896981","B/C","B","2019.808","Denmark",2019.808,"Europe","Europe","MN896981_Europe_B/C_Denmark_2019.808"
"2499","MN403195","B/C","B","2016.451","Spain",2016.451,"Europe","Europe","MN403195_Europe_B/C_Spain_2016.451"
"2500","MN403262","B/C","B","2016.784","Spain",2016.784,"Europe","Europe","MN403262_Europe_B/C_Spain_2016.784"
"2501","MN403280","B/C","B","2016.686","Spain",2016.686,"Europe","Europe","MN403280_Europe_B/C_Spain_2016.686"
"2502","MN403238","B/C","B","2016.352","Spain",2016.352,"Europe","Europe","MN403238_Europe_B/C_Spain_2016.352"
"2503","MN403248","B/C","B","2016.399","Spain",2016.399,"Europe","Europe","MN403248_Europe_B/C_Spain_2016.399"
"2504","MN403210","B/C","B","2016.486","Spain",2016.486,"Europe","Europe","MN403210_Europe_B/C_Spain_2016.486"
"2505","MN403207","B/C","B","2016.473","Spain",2016.473,"Europe","Europe","MN403207_Europe_B/C_Spain_2016.473"
"2506","MN403181","B/C","B","2016.432","Spain",2016.432,"Europe","Europe","MN403181_Europe_B/C_Spain_2016.432"
"2507","MN403202","B/C","B","2016.467","Spain",2016.467,"Europe","Europe","MN403202_Europe_B/C_Spain_2016.467"
"2508","MN403200","B/C","B","2016.459","Spain",2016.459,"Europe","Europe","MN403200_Europe_B/C_Spain_2016.459"
"2509","KX830927","B/C","B","[2016.505:2016.579]","Germany",2016.579,"Europe","Europe","KX830927_Europe_B/C_Germany_2016.579"
"2510","MT795863","B/C","B","2016.533","France",2016.533,"Europe","Europe","MT795863_Europe_B/C_France_2016.533"
"2511","KX949563","B/C","B","[2016.164:2016.246]","Spain",2016.213914,"Europe","Europe","KX949563_Europe_B/C_Spain_2016.214"
"2512","KX949564","B/C","B","[2016.164:2016.246]","Spain",2016.213914,"Europe","Europe","KX949564_Europe_B/C_Spain_2016.214"
"2513","MN403231","B/C","B","2016.221","Spain",2016.221,"Europe","Europe","MN403231_Europe_B/C_Spain_2016.221"
"2514","MN403215","B/C","B","2016.489","Spain",2016.489,"Europe","Europe","MN403215_Europe_B/C_Spain_2016.489"
"2515","MN403217","B/C","B","2016.492","Spain",2016.492,"Europe","Europe","MN403217_Europe_B/C_Spain_2016.492"
"2516","MN403264","B/C","B","2016.787","Spain",2016.787,"Europe","Europe","MN403264_Europe_B/C_Spain_2016.787"
"2517","MN403157","B/C","B","2016.536","Spain",2016.536,"Europe","Europe","MN403157_Europe_B/C_Spain_2016.536"
"2518","MN403216","B/C","B","2016.492","Spain",2016.492,"Europe","Europe","MN403216_Europe_B/C_Spain_2016.492"
"2519","MN403161","B/C","B","2016.56","Spain",2016.56,"Europe","Europe","MN403161_Europe_B/C_Spain_2016.56"
"2520","MN403230","B/C","B","2016.191","Spain",2016.191,"Europe","Europe","MN403230_Europe_B/C_Spain_2016.191"
"2521","MN403162","B/C","B","2016.568","Spain",2016.568,"Europe","Europe","MN403162_Europe_B/C_Spain_2016.568"
"2522","MN403116","B/C","B","2016.306","Spain",2016.306,"Europe","Europe","MN403116_Europe_B/C_Spain_2016.306"
"2523","MN403170","B/C","B","2016.415","Spain",2016.415,"Europe","Europe","MN403170_Europe_B/C_Spain_2016.415"
"2524","MN403282","B/C","B","2016.705","Spain",2016.705,"Europe","Europe","MN403282_Europe_B/C_Spain_2016.705"
"2525","MN403184","B/C","B","2016.44","Spain",2016.44,"Europe","Europe","MN403184_Europe_B/C_Spain_2016.44"
"2526","MN403187","B/C","B","2016.432","Spain",2016.432,"Europe","Europe","MN403187_Europe_B/C_Spain_2016.432"
"2527","MN403252","B/C","B","2016.396","Spain",2016.396,"Europe","Europe","MN403252_Europe_B/C_Spain_2016.396"
"2528","MN403226","B/C","B","2018.468","Spain",2018.468,"Europe","Europe","MN403226_Europe_B/C_Spain_2018.468"
"2529","MN403106","B/C","B","2016.612","Spain",2016.612,"Europe","Europe","MN403106_Europe_B/C_Spain_2016.612"
"2530","MN403180","B/C","B","2016.429","Spain",2016.429,"Europe","Europe","MN403180_Europe_B/C_Spain_2016.429"
"2531","MN403196","B/C","B","2016.454","Spain",2016.454,"Europe","Europe","MN403196_Europe_B/C_Spain_2016.454"
"2532","MN403115","B/C","B","2016.303","Spain",2016.303,"Europe","Europe","MN403115_Europe_B/C_Spain_2016.303"
"2533","MN403119","B/C","B","2016.328","Spain",2016.328,"Europe","Europe","MN403119_Europe_B/C_Spain_2016.328"
"2534","MN403198","B/C","B","2016.454","Spain",2016.454,"Europe","Europe","MN403198_Europe_B/C_Spain_2016.454"
"2535","MN403152","B/C","B","2016.508","Spain",2016.508,"Europe","Europe","MN403152_Europe_B/C_Spain_2016.508"
"2536","MN403174","B/C","B","2016.421","Spain",2016.421,"Europe","Europe","MN403174_Europe_B/C_Spain_2016.421"
"2537","MN403175","B/C","B","2016.418","Spain",2016.418,"Europe","Europe","MN403175_Europe_B/C_Spain_2016.418"
"2538","MN403172","B/C","B","2016.415","Spain",2016.415,"Europe","Europe","MN403172_Europe_B/C_Spain_2016.415"
"2539","MN403253","B/C","B","2016.393","Spain",2016.393,"Europe","Europe","MN403253_Europe_B/C_Spain_2016.393"
"2540","MN403254","B/C","B","2016.413","Spain",2016.413,"Europe","Europe","MN403254_Europe_B/C_Spain_2016.413"
"2541","MN403189","B/C","B","2016.434","Spain",2016.434,"Europe","Europe","MN403189_Europe_B/C_Spain_2016.434"
"2542","MN403171","B/C","B","2016.418","Spain",2016.418,"Europe","Europe","MN403171_Europe_B/C_Spain_2016.418"
"2543","MN403185","B/C","B","2016.445","Spain",2016.445,"Europe","Europe","MN403185_Europe_B/C_Spain_2016.445"
"2544","MN403266","B/C","B","2016.776","Spain",2016.776,"Europe","Europe","MN403266_Europe_B/C_Spain_2016.776"
"2545","MN403287","B/C","B","2016.724","Spain",2016.724,"Europe","Europe","MN403287_Europe_B/C_Spain_2016.724"
"2546","MN403219","B/C","B","2016.492","Spain",2016.492,"Europe","Europe","MN403219_Europe_B/C_Spain_2016.492"
"2547","MN403288","B/C","B","2016.724","Spain",2016.724,"Europe","Europe","MN403288_Europe_B/C_Spain_2016.724"
"2548","MN403111","B/C","B","2016.281","Spain",2016.281,"Europe","Europe","MN403111_Europe_B/C_Spain_2016.281"
"2549","MN403235","B/C","B","2016.358","Spain",2016.358,"Europe","Europe","MN403235_Europe_B/C_Spain_2016.358"
"2550","MN403118","B/C","B","2016.317","Spain",2016.317,"Europe","Europe","MN403118_Europe_B/C_Spain_2016.317"
"2551","MN403211","B/C","B","2016.481","Spain",2016.481,"Europe","Europe","MN403211_Europe_B/C_Spain_2016.481"
"2552","MN403247","B/C","B","2016.396","Spain",2016.396,"Europe","Europe","MN403247_Europe_B/C_Spain_2016.396"
"2553","MN403244","B/C","B","2016.388","Spain",2016.388,"Europe","Europe","MN403244_Europe_B/C_Spain_2016.388"
"2554","MN403191","B/C","B","2016.443","Spain",2016.443,"Europe","Europe","MN403191_Europe_B/C_Spain_2016.443"
"2555","MN403212","B/C","B","2016.478","Spain",2016.478,"Europe","Europe","MN403212_Europe_B/C_Spain_2016.478"
"2556","MN403113","B/C","B","2016.27","Spain",2016.27,"Europe","Europe","MN403113_Europe_B/C_Spain_2016.27"
"2557","MN403209","B/C","B","2016.478","Spain",2016.478,"Europe","Europe","MN403209_Europe_B/C_Spain_2016.478"
"2558","MN403206","B/C","B","2016.475","Spain",2016.475,"Europe","Europe","MN403206_Europe_B/C_Spain_2016.475"
"2559","MN403194","B/C","B","2016.451","Spain",2016.451,"Europe","Europe","MN403194_Europe_B/C_Spain_2016.451"
"2560","MN403205","B/C","B","2016.473","Spain",2016.473,"Europe","Europe","MN403205_Europe_B/C_Spain_2016.473"
"2561","MN403182","B/C","B","2016.434","Spain",2016.434,"Europe","Europe","MN403182_Europe_B/C_Spain_2016.434"
"2562","MN403176","B/C","B","2016.421","Spain",2016.421,"Europe","Europe","MN403176_Europe_B/C_Spain_2016.421"
"2563","MN403251","B/C","B","2016.393","Spain",2016.393,"Europe","Europe","MN403251_Europe_B/C_Spain_2016.393"
"2564","MN403117","B/C","B","2016.314","Spain",2016.314,"Europe","Europe","MN403117_Europe_B/C_Spain_2016.314"
"2565","MN403203","B/C","B","2016.445","Spain",2016.445,"Europe","Europe","MN403203_Europe_B/C_Spain_2016.445"
"2566","MN403279","B/C","B","2016.678","Spain",2016.678,"Europe","Europe","MN403279_Europe_B/C_Spain_2016.678"
"2567","MN403285","B/C","B","2016.713","Spain",2016.713,"Europe","Europe","MN403285_Europe_B/C_Spain_2016.713"
"2568","MN403261","B/C","B","2016.749","Spain",2016.749,"Europe","Europe","MN403261_Europe_B/C_Spain_2016.749"
"2569","MN403164","B/C","B","2016.546","Spain",2016.546,"Europe","Europe","MN403164_Europe_B/C_Spain_2016.546"
"2570","MN403154","B/C","B","2016.508","Spain",2016.508,"Europe","Europe","MN403154_Europe_B/C_Spain_2016.508"
"2571","MN403158","B/C","B","2016.508","Spain",2016.508,"Europe","Europe","MN403158_Europe_B/C_Spain_2016.508"
"2572","MN403199","B/C","B","2016.191","Spain",2016.191,"Europe","Europe","MN403199_Europe_B/C_Spain_2016.191"
"2573","MN403243","B/C","B","2016.374","Spain",2016.374,"Europe","Europe","MN403243_Europe_B/C_Spain_2016.374"
"2574","MN403153","B/C","B","2016.508","Spain",2016.508,"Europe","Europe","MN403153_Europe_B/C_Spain_2016.508"
"2575","MN403201","B/C","B","2016.467","Spain",2016.467,"Europe","Europe","MN403201_Europe_B/C_Spain_2016.467"
"2576","MN403213","B/C","B","2016.475","Spain",2016.475,"Europe","Europe","MN403213_Europe_B/C_Spain_2016.475"
"2577","MN403204","B/C","B","2016.467","Spain",2016.467,"Europe","Europe","MN403204_Europe_B/C_Spain_2016.467"
"2578","MN403240","B/C","B","2016.363","Spain",2016.363,"Europe","Europe","MN403240_Europe_B/C_Spain_2016.363"
"2579","MN403246","B/C","B","2016.393","Spain",2016.393,"Europe","Europe","MN403246_Europe_B/C_Spain_2016.393"
"2580","MN403197","B/C","B","2016.454","Spain",2016.454,"Europe","Europe","MN403197_Europe_B/C_Spain_2016.454"
"2581","MN403192","B/C","B","2016.434","Spain",2016.434,"Europe","Europe","MN403192_Europe_B/C_Spain_2016.434"
"2582","MN403208","B/C","B","2016.473","Spain",2016.473,"Europe","Europe","MN403208_Europe_B/C_Spain_2016.473"
"2583","MN403250","B/C","B","2016.391","Spain",2016.391,"Europe","Europe","MN403250_Europe_B/C_Spain_2016.391"
"2584","MN403286","B/C","B","2016.732","Spain",2016.732,"Europe","Europe","MN403286_Europe_B/C_Spain_2016.732"
"2585","MN403245","B/C","B","2016.393","Spain",2016.393,"Europe","Europe","MN403245_Europe_B/C_Spain_2016.393"
"2586","MN403221","B/C","B","2016.454","Spain",2016.454,"Europe","Europe","MN403221_Europe_B/C_Spain_2016.454"
"2587","MN403112","B/C","B","2016.287","Spain",2016.287,"Europe","Europe","MN403112_Europe_B/C_Spain_2016.287"
"2588","LC200952","B/C","B","[2015.581:2015.655]","Japan",2015.581,"Eastern Asia","External","LC200952_External_B/C_Japan_2015.581"
"2589","KX349962","B/C","B","2015.556","Thailand",2015.556,"South-Eastern Asia","External","KX349962_External_B/C_Thailand_2015.556"
"2590","MH361028","B/C","B","[2015.841:2015.912]","United Kingdom",2015.912,"Europe","Europe","MH361028_Europe_B/C_United-Kingdom_2015.912"
"2591","KX675262","B/C","B","2016.478","USA",2016.478,"North America","North America","KX675262_North-America_B/C_USA_2016.478"
"2592","KX949562","B/C","B","[2016.085:2016.161]","Spain",2016.136689,"Europe","Europe","KX949562_Europe_B/C_Spain_2016.137"
"2593","MN403138","B/C","B","2016.137","Spain",2016.137,"Europe","Europe","MN403138_Europe_B/C_Spain_2016.137"
"2594","LC515246","B/C","B","2018.838","Japan",2018.838,"Eastern Asia","External","LC515246_External_B/C_Japan_2018.838"
"2595","KX949561","B/C","B","[2016.085:2016.161]","Spain",2016.094279,"Europe","Europe","KX949561_Europe_B/C_Spain_2016.094"
"2596","KX949560","B/C","B","[2016.085:2016.161]","Spain",2016.094279,"Europe","Europe","KX949560_Europe_B/C_Spain_2016.094"
"2597","MN245445","B/C","B","2018.748","Sweden",2018.748,"Europe","Europe","MN245445_Europe_B/C_Sweden_2018.748"
"2598","MN245446","B/C","B","2018.756","Sweden",2018.756,"Europe","Europe","MN245446_Europe_B/C_Sweden_2018.756"
"2599","MZ824224","B/C","B","2018.715","China",2018.715,"Eastern Asia","External","MZ824224_External_B/C_China_2018.715"
"2600","MG547188","B/C","B","[2017.496:2017.57]","China",2017.57,"Eastern Asia","External","MG547188_External_B/C_China_2017.57"
"2601","MN403237","B/C","B","2016.342","Spain",2016.342,"Europe","Europe","MN403237_Europe_B/C_Spain_2016.342"
"2602","MN403236","B/C","B","2016.339","Spain",2016.339,"Europe","Europe","MN403236_Europe_B/C_Spain_2016.339"
"2603","MH341724","B/C","B","[2016.749:2016.822]","China",2016.749,"Eastern Asia","External","MH341724_External_B/C_China_2016.749"
"2604","MG547193","B/C","B","[2016.497:2016.579]","China",2016.562122,"Eastern Asia","External","MG547193_External_B/C_China_2016.562"
"2605","MH341711","B/C","B","[2016.511:2016.579]","China",2016.559318,"Eastern Asia","External","MH341711_External_B/C_China_2016.559"
"2606","MN403242","B/C","B","2016.388","Spain",2016.388,"Europe","Europe","MN403242_Europe_B/C_Spain_2016.388"
"2607","MN403241","B/C","B","2016.383","Spain",2016.383,"Europe","Europe","MN403241_Europe_B/C_Spain_2016.383"
"2608","MN403284","B/C","B","2016.697","Spain",2016.697,"Europe","Europe","MN403284_Europe_B/C_Spain_2016.697"
"2609","MN403188","B/C","B","2016.434","Spain",2016.434,"Europe","Europe","MN403188_Europe_B/C_Spain_2016.434"
"2610","MN403190","B/C","B","2016.44","Spain",2016.44,"Europe","Europe","MN403190_Europe_B/C_Spain_2016.44"
"2611","KX830892","B/C","B","[2016.415:2016.486]","Germany",2016.415,"Europe","Europe","KX830892_Europe_B/C_Germany_2016.415"
"2612","MN365195","B/C","B","[2016.497:2016.571]","USA",2016.497,"North America","North America","MN365195_North-America_B/C_USA_2016.497"
"2613","MN403223","B/C","B","2016.47","Spain",2016.47,"Europe","Europe","MN403223_Europe_B/C_Spain_2016.47"
"2614","MN403151","B/C","B","2016.536","Spain",2016.536,"Europe","Europe","MN403151_Europe_B/C_Spain_2016.536"
"2615","MN403150","B/C","B","2016.53","Spain",2016.53,"Europe","Europe","MN403150_Europe_B/C_Spain_2016.53"
"2616","MN403222","B/C","B","2016.527","Spain",2016.527,"Europe","Europe","MN403222_Europe_B/C_Spain_2016.527"
"2617","LC203539","B/C","B","[2015:2015.997]","Japan",2015.371956,"Eastern Asia","External","LC203539_External_B/C_Japan_2015.372"
"2618","LC107896","B/C","B","2015.655","Japan",2015.655,"Eastern Asia","External","LC107896_External_B/C_Japan_2015.655"
"2619","MN403224","B/C","B","2016.495","Spain",2016.495,"Europe","Europe","MN403224_Europe_B/C_Spain_2016.495"
"2620","MN403156","B/C","B","2016.552","Spain",2016.552,"Europe","Europe","MN403156_Europe_B/C_Spain_2016.552"
"2621","KX530786","B/C","B","2016.23","Spain",2016.23,"Europe","Europe","KX530786_Europe_B/C_Spain_2016.23"
"2622","MH307378","B/C","B","2016.134","Spain",2016.134,"Europe","Europe","MH307378_Europe_B/C_Spain_2016.134"
"2623","MH307406","B/C","B","2016.197","Spain",2016.197,"Europe","Europe","MH307406_Europe_B/C_Spain_2016.197"
"2624","MN403114","B/C","B","2016.284","Spain",2016.284,"Europe","Europe","MN403114_Europe_B/C_Spain_2016.284"
"2625","MH307366","B/C","B","2016.224","Spain",2016.224,"Europe","Europe","MH307366_Europe_B/C_Spain_2016.224"
"2626","MH307373","B/C","B","2016.175","Spain",2016.175,"Europe","Europe","MH307373_Europe_B/C_Spain_2016.175"
"2627","MH307370","B/C","B","2016.178","Spain",2016.178,"Europe","Europe","MH307370_Europe_B/C_Spain_2016.178"
"2628","MH307400","B/C","B","2016.369","Spain",2016.369,"Europe","Europe","MH307400_Europe_B/C_Spain_2016.369"
"2629","OR365015","B/C","B","[2016.667:2016.746]","Slovenia",2016.667,"Europe","Europe","OR365015_Europe_B/C_Slovenia_2016.667"
"2630","OR365025","B/C","B","[2016.667:2016.746]","Slovenia",2016.667,"Europe","Europe","OR365025_Europe_B/C_Slovenia_2016.667"
"2631","MW731859","B/C","B","[2016.667:2016.738]","Germany",2016.667,"Europe","Europe","MW731859_Europe_B/C_Germany_2016.667"
"2632","MG547195","B/C","B","[2016.582:2016.664]","China",2016.635439,"Eastern Asia","External","MG547195_External_B/C_China_2016.635"
"2633","MH341714","B/C","B","[2016.582:2016.664]","China",2016.635439,"Eastern Asia","External","MH341714_External_B/C_China_2016.635"
"2634","MN403107","B/C","B","2016.626","Spain",2016.626,"Europe","Europe","MN403107_Europe_B/C_Spain_2016.626"
"2635","MH674161","B/C","B","2016.689","Sweden",2016.689,"Europe","Europe","MH674161_Europe_B/C_Sweden_2016.689"
"2636","MN726761","B/C","B","2016.53","Netherlands",2016.53,"Europe","Europe","MN726761_Europe_B/C_Netherlands_2016.53"
"2637","LC746308","B/C","B","2017.586","Myanmar",2017.586,"South-Eastern Asia","External","LC746308_External_B/C_Myanmar_2017.586"
"2638","LC746309","B/C","B","2017.658","Myanmar",2017.658,"South-Eastern Asia","External","LC746309_External_B/C_Myanmar_2017.658"
"2639","LC746320","B/C","B","2018.849","Myanmar",2018.849,"South-Eastern Asia","External","LC746320_External_B/C_Myanmar_2018.849"
"2640","MH341113","B/C","B","[2015.923:2015.997]","Taiwan",2015.923,"Eastern Asia","External","MH341113_External_B/C_Taiwan_2015.923"
"2641","KY358056","B/C","B","2016.448","Taiwan",2016.448,"Eastern Asia","External","KY358056_External_B/C_Taiwan_2016.448"
"2642","MH341112","B/C","B","[2015.841:2015.912]","Taiwan",2015.912,"Eastern Asia","External","MH341112_External_B/C_Taiwan_2015.912"
"2643","MH341111","B/C","B","[2015.841:2015.912]","Taiwan",2015.912,"Eastern Asia","External","MH341111_External_B/C_Taiwan_2015.912"
"2644","MN403160","B/C","B","2016.546","Spain",2016.546,"Europe","Europe","MN403160_Europe_B/C_Spain_2016.546"
"2645","MK419053","B/C","B","2018.734","USA",2018.734,"North America","North America","MK419053_North-America_B/C_USA_2018.734"
"2646","MK419064","B/C","B","2018.753","USA",2018.753,"North America","North America","MK419064_North-America_B/C_USA_2018.753"
"2647","MK301353","B/C","B","2018.767","Italy",2018.767,"Europe","Europe","MK301353_Europe_B/C_Italy_2018.767"
"2648","MK301351","B/C","B","2018.742","Italy",2018.742,"Europe","Europe","MK301351_Europe_B/C_Italy_2018.742"
"2649","OR179125","B/C","B","2021.822","Netherlands",2021.822,"Europe","Europe","OR179125_Europe_B/C_Netherlands_2021.822"
"2650","OQ126959","B/C","B","2021.756","Netherlands",2021.756,"Europe","Europe","OQ126959_Europe_B/C_Netherlands_2021.756"
"2651","OQ148348","B/C","B","2021.921","Belgium",2021.921,"Europe","Europe","OQ148348_Europe_B/C_Belgium_2021.921"
"2652","OQ126958","B/C","B","2021.575","Netherlands",2021.575,"Europe","Europe","OQ126958_Europe_B/C_Netherlands_2021.575"
"2653","LC744415","B/C","B","[2022.748:2022.83]","Japan",2022.748,"Eastern Asia","External","LC744415_External_B/C_Japan_2022.748"
"2654","LC744413","B/C","B","[2022.748:2022.83]","Japan",2022.748,"Eastern Asia","External","LC744413_External_B/C_Japan_2022.748"
"2655","OL829844","B/C","B","[2021.748:2021.83]","United Kingdom",2021.777354,"Europe","Europe","OL829844_Europe_B/C_United-Kingdom_2021.777"
"2656","OL687539","B/C","B","2021.778","United Kingdom",2021.778,"Europe","Europe","OL687539_Europe_B/C_United-Kingdom_2021.778"
"2657","OQ586762","B/C","B","2021.679","France",2021.679,"Europe","Europe","OQ586762_Europe_B/C_France_2021.679"
"2658","OR179124","B/C","B","2021.899","Netherlands",2021.899,"Europe","Europe","OR179124_Europe_B/C_Netherlands_2021.899"
"2659","OP267498","B/C","B","[2021.666:2021.745]","France",2021.745,"Europe","Europe","OP267498_Europe_B/C_France_2021.745"
"2660","OQ139583","B/C","B","2021.433","France",2021.433,"Europe","Europe","OQ139583_Europe_B/C_France_2021.433"
"2661","OP267528","B/C","B","[2021.666:2021.745]","France",2021.666,"Europe","Europe","OP267528_Europe_B/C_France_2021.666"
"2662","OP267499","B/C","B","[2021.666:2021.745]","France",2021.666,"Europe","Europe","OP267499_Europe_B/C_France_2021.666"
"2663","OL829841","B/C","B","[2021.666:2021.745]","United Kingdom",2021.739524,"Europe","Europe","OL829841_Europe_B/C_United-Kingdom_2021.74"
"2664","OL687538","B/C","B","2021.74","United Kingdom",2021.74,"Europe","Europe","OL687538_Europe_B/C_United-Kingdom_2021.74"
"2665","PQ612508","B/C","B","2022.688","France",2022.688,"Europe","Europe","PQ612508_Europe_B/C_France_2022.688"
"2666","OQ127009","B/C","B","2021.893","Spain",2021.893,"Europe","Europe","OQ127009_Europe_B/C_Spain_2021.893"
"2667","OP267520","B/C","B","[2021.748:2021.83]","France",2021.748,"Europe","Europe","OP267520_Europe_B/C_France_2021.748"
"2668","OQ148319","B/C","B","2021.811","Spain",2021.811,"Europe","Europe","OQ148319_Europe_B/C_Spain_2021.811"
"2669","OQ148299","B/C","B","2021.814","Spain",2021.814,"Europe","Europe","OQ148299_Europe_B/C_Spain_2021.814"
"2670","ON006422","B/C","B","2021.726","France",2021.726,"Europe","Europe","ON006422_Europe_B/C_France_2021.726"
"2671","OQ139587","B/C","B","2021.778","France",2021.778,"Europe","Europe","OQ139587_Europe_B/C_France_2021.778"
"2672","OQ148273","B/C","B","2021.759","Spain",2021.759,"Europe","Europe","OQ148273_Europe_B/C_Spain_2021.759"
"2673","OQ148345","B/C","B","2021.841","Spain",2021.841,"Europe","Europe","OQ148345_Europe_B/C_Spain_2021.841"
"2674","OQ139586","B/C","B","2021.778","France",2021.778,"Europe","Europe","OQ139586_Europe_B/C_France_2021.778"
"2675","OQ148217","B/C","B","2021.844","Spain",2021.844,"Europe","Europe","OQ148217_Europe_B/C_Spain_2021.844"
"2676","OM831199","B/C","B","2021.874","France",2021.874,"Europe","Europe","OM831199_Europe_B/C_France_2021.874"
"2677","OM831180","B/C","B","2021.808","France",2021.808,"Europe","Europe","OM831180_Europe_B/C_France_2021.808"
"2678","OP267495","B/C","B","[2021.666:2021.745]","France",2021.666,"Europe","Europe","OP267495_Europe_B/C_France_2021.666"
"2679","OP267496","B/C","B","[2021.666:2021.745]","France",2021.745,"Europe","Europe","OP267496_Europe_B/C_France_2021.745"
"2680","OM831184","B/C","B","2021.811","France",2021.811,"Europe","Europe","OM831184_Europe_B/C_France_2021.811"
"2681","OM831200","B/C","B","2021.882","France",2021.882,"Europe","Europe","OM831200_Europe_B/C_France_2021.882"
"2682","OP267526","B/C","B","[2021.666:2021.745]","France",2021.666,"Europe","Europe","OP267526_Europe_B/C_France_2021.666"
"2683","OP267527","B/C","B","[2021.666:2021.745]","France",2021.745,"Europe","Europe","OP267527_Europe_B/C_France_2021.745"
"2684","OM831168","B/C","B","2021.778","France",2021.778,"Europe","Europe","OM831168_Europe_B/C_France_2021.778"
"2685","PQ612544","B/C","B","2021.778","France",2021.778,"Europe","Europe","PQ612544_Europe_B/C_France_2021.778"
"2686","OM831206","B/C","B","2021.915","France",2021.915,"Europe","Europe","OM831206_Europe_B/C_France_2021.915"
"2687","OP267521","B/C","B","[2021.833:2021.912]","France",2021.912,"Europe","Europe","OP267521_Europe_B/C_France_2021.912"
"2688","OM831207","B/C","B","2021.923","France",2021.923,"Europe","Europe","OM831207_Europe_B/C_France_2021.923"
"2689","OM831190","B/C","B","2021.819","France",2021.819,"Europe","Europe","OM831190_Europe_B/C_France_2021.819"
"2690","OM831182","B/C","B","2021.808","France",2021.808,"Europe","Europe","OM831182_Europe_B/C_France_2021.808"
"2691","OM831202","B/C","B","2021.89","France",2021.89,"Europe","Europe","OM831202_Europe_B/C_France_2021.89"
"2692","OM831156","B/C","B","2021.737","France",2021.737,"Europe","Europe","OM831156_Europe_B/C_France_2021.737"
"2693","PQ612538","B/C","B","2021.737","France",2021.737,"Europe","Europe","PQ612538_Europe_B/C_France_2021.737"
"2694","OQ139613","B/C","B","2021.847","Spain",2021.847,"Europe","Europe","OQ139613_Europe_B/C_Spain_2021.847"
"2695","OQ139610","B/C","B","2021.742","Spain",2021.742,"Europe","Europe","OQ139610_Europe_B/C_Spain_2021.742"
"2696","OQ139604","B/C","B","2021.682","Spain",2021.682,"Europe","Europe","OQ139604_Europe_B/C_Spain_2021.682"
"2697","OP267515","B/C","B","[2021.748:2021.83]","France",2021.83,"Europe","Europe","OP267515_Europe_B/C_France_2021.83"
"2698","OQ148229","B/C","B","2021.896","Spain",2021.896,"Europe","Europe","OQ148229_Europe_B/C_Spain_2021.896"
"2699","OP267511","B/C","B","[2021.748:2021.83]","France",2021.83,"Europe","Europe","OP267511_Europe_B/C_France_2021.83"
"2700","OP267497","B/C","B","[2021.666:2021.745]","France",2021.666,"Europe","Europe","OP267497_Europe_B/C_France_2021.666"
"2701","OQ586763","B/C","B","2021.756","France",2021.756,"Europe","Europe","OQ586763_Europe_B/C_France_2021.756"
"2702","OM831177","B/C","B","2021.803","France",2021.803,"Europe","Europe","OM831177_Europe_B/C_France_2021.803"
"2703","OQ148277","B/C","B","2021.759","Spain",2021.759,"Europe","Europe","OQ148277_Europe_B/C_Spain_2021.759"
"2704","OQ148176","B/C","B","2021.682","Spain",2021.682,"Europe","Europe","OQ148176_Europe_B/C_Spain_2021.682"
"2705","OQ148300","B/C","B","2021.805","Spain",2021.805,"Europe","Europe","OQ148300_Europe_B/C_Spain_2021.805"
"2706","OM831164","B/C","B","2021.773","France",2021.773,"Europe","Europe","OM831164_Europe_B/C_France_2021.773"
"2707","OQ148180","B/C","B","2021.734","Spain",2021.734,"Europe","Europe","OQ148180_Europe_B/C_Spain_2021.734"
"2708","OQ139584","B/C","B","2021.693","France",2021.693,"Europe","Europe","OQ139584_Europe_B/C_France_2021.693"
"2709","OQ139609","B/C","B","2021.682","Spain",2021.682,"Europe","Europe","OQ139609_Europe_B/C_Spain_2021.682"
"2710","OQ127004","B/C","B","2021.822","Spain",2021.822,"Europe","Europe","OQ127004_Europe_B/C_Spain_2021.822"
"2711","OQ127005","B/C","B","2021.825","Spain",2021.825,"Europe","Europe","OQ127005_Europe_B/C_Spain_2021.825"
"2712","OQ127006","B/C","B","2021.844","Spain",2021.844,"Europe","Europe","OQ127006_Europe_B/C_Spain_2021.844"
"2713","OQ127012","B/C","B","2021.953","Spain",2021.953,"Europe","Europe","OQ127012_Europe_B/C_Spain_2021.953"
"2714","OQ127010","B/C","B","2021.921","Spain",2021.921,"Europe","Europe","OQ127010_Europe_B/C_Spain_2021.921"
"2715","OQ148316","B/C","B","2021.8","Spain",2021.8,"Europe","Europe","OQ148316_Europe_B/C_Spain_2021.8"
"2716","OQ127008","B/C","B","2021.888","Spain",2021.888,"Europe","Europe","OQ127008_Europe_B/C_Spain_2021.888"
"2717","OQ127011","B/C","B","2021.929","Spain",2021.929,"Europe","Europe","OQ127011_Europe_B/C_Spain_2021.929"
"2718","OQ148309","B/C","B","2021.795","Spain",2021.795,"Europe","Europe","OQ148309_Europe_B/C_Spain_2021.795"
"2719","OQ139617","B/C","B","2021.849","Spain",2021.849,"Europe","Europe","OQ139617_Europe_B/C_Spain_2021.849"
"2720","OQ139614","B/C","B","2021.849","Spain",2021.849,"Europe","Europe","OQ139614_Europe_B/C_Spain_2021.849"
"2721","OQ148232","B/C","B","2021.901","Spain",2021.901,"Europe","Europe","OQ148232_Europe_B/C_Spain_2021.901"
"2722","OQ148346","B/C","B","2021.819","Spain",2021.819,"Europe","Europe","OQ148346_Europe_B/C_Spain_2021.819"
"2723","OQ148177","B/C","B","2021.682","Spain",2021.682,"Europe","Europe","OQ148177_Europe_B/C_Spain_2021.682"
"2724","OQ139621","B/C","B","2021.77","Spain",2021.77,"Europe","Europe","OQ139621_Europe_B/C_Spain_2021.77"
"2725","OQ148252","B/C","B","2021.923","Spain",2021.923,"Europe","Europe","OQ148252_Europe_B/C_Spain_2021.923"
"2726","OQ148264","B/C","B","2021.964","Spain",2021.964,"Europe","Europe","OQ148264_Europe_B/C_Spain_2021.964"
"2727","OQ148192","B/C","B","2021.838","Spain",2021.838,"Europe","Europe","OQ148192_Europe_B/C_Spain_2021.838"
"2728","OQ148333","B/C","B","2021.795","Spain",2021.795,"Europe","Europe","OQ148333_Europe_B/C_Spain_2021.795"
"2729","OQ148262","B/C","B","2021.962","Spain",2021.962,"Europe","Europe","OQ148262_Europe_B/C_Spain_2021.962"
"2730","OQ148259","B/C","B","2021.753","Spain",2021.753,"Europe","Europe","OQ148259_Europe_B/C_Spain_2021.753"
"2731","OQ148270","B/C","B","2021.753","Spain",2021.753,"Europe","Europe","OQ148270_Europe_B/C_Spain_2021.753"
"2732","ON006421","B/C","B","2021.8","France",2021.8,"Europe","Europe","ON006421_Europe_B/C_France_2021.8"
"2733","OM831197","B/C","B","2021.863","France",2021.863,"Europe","Europe","OM831197_Europe_B/C_France_2021.863"
"2734","OQ139597","B/C","B","2021.912","France",2021.912,"Europe","Europe","OQ139597_Europe_B/C_France_2021.912"
"2735","OQ139602","B/C","B","2021.682","Spain",2021.682,"Europe","Europe","OQ139602_Europe_B/C_Spain_2021.682"
"2736","OQ589870","B/C","B","2021.836","France",2021.836,"Europe","Europe","OQ589870_Europe_B/C_France_2021.836"
"2737","OQ148285","B/C","B","2021.773","Spain",2021.773,"Europe","Europe","OQ148285_Europe_B/C_Spain_2021.773"
"2738","OQ148339","B/C","B","2021.781","Spain",2021.781,"Europe","Europe","OQ148339_Europe_B/C_Spain_2021.781"
"2739","OQ148275","B/C","B","2021.751","Spain",2021.751,"Europe","Europe","OQ148275_Europe_B/C_Spain_2021.751"
"2740","OQ148183","B/C","B","2021.742","Spain",2021.742,"Europe","Europe","OQ148183_Europe_B/C_Spain_2021.742"
"2741","OQ139605","B/C","B","2021.723","Spain",2021.723,"Europe","Europe","OQ139605_Europe_B/C_Spain_2021.723"
"2742","OQ139585","B/C","B","2021.737","France",2021.737,"Europe","Europe","OQ139585_Europe_B/C_France_2021.737"
"2743","OM831167","B/C","B","2021.778","France",2021.778,"Europe","Europe","OM831167_Europe_B/C_France_2021.778"
"2744","OQ148323","B/C","B","2021.833","Spain",2021.833,"Europe","Europe","OQ148323_Europe_B/C_Spain_2021.833"
"2745","OQ148324","B/C","B","2021.795","Spain",2021.795,"Europe","Europe","OQ148324_Europe_B/C_Spain_2021.795"
"2746","OM831160","B/C","B","2021.764","France",2021.764,"Europe","Europe","OM831160_Europe_B/C_France_2021.764"
"2747","OQ139588","B/C","B","2021.795","France",2021.795,"Europe","Europe","OQ139588_Europe_B/C_France_2021.795"
"2748","OQ148313","B/C","B","2021.797","Spain",2021.797,"Europe","Europe","OQ148313_Europe_B/C_Spain_2021.797"
"2749","OQ148312","B/C","B","2021.797","Spain",2021.797,"Europe","Europe","OQ148312_Europe_B/C_Spain_2021.797"
"2750","OM831155","B/C","B","2021.688","France",2021.688,"Europe","Europe","OM831155_Europe_B/C_France_2021.688"
"2751","OQ127003","B/C","B","2021.912","Netherlands",2021.912,"Europe","Europe","OQ127003_Europe_B/C_Netherlands_2021.912"
"2752","OQ148290","B/C","B","2021.778","Spain",2021.778,"Europe","Europe","OQ148290_Europe_B/C_Spain_2021.778"
"2753","OQ139590","B/C","B","2021.8","France",2021.8,"Europe","Europe","OQ139590_Europe_B/C_France_2021.8"
"2754","OM831161","B/C","B","2021.764","France",2021.764,"Europe","Europe","OM831161_Europe_B/C_France_2021.764"
"2755","OQ148187","B/C","B","2021.849","Spain",2021.849,"Europe","Europe","OQ148187_Europe_B/C_Spain_2021.849"
"2756","OQ148239","B/C","B","2021.91","Spain",2021.91,"Europe","Europe","OQ148239_Europe_B/C_Spain_2021.91"
"2757","OM831198","B/C","B","2021.866","France",2021.866,"Europe","Europe","OM831198_Europe_B/C_France_2021.866"
"2758","OM831196","B/C","B","2021.852","France",2021.852,"Europe","Europe","OM831196_Europe_B/C_France_2021.852"
"2759","OQ148293","B/C","B","2021.781","Spain",2021.781,"Europe","Europe","OQ148293_Europe_B/C_Spain_2021.781"
"2760","OM831185","B/C","B","2021.814","France",2021.814,"Europe","Europe","OM831185_Europe_B/C_France_2021.814"
"2761","OQ139589","B/C","B","2021.8","France",2021.8,"Europe","Europe","OQ139589_Europe_B/C_France_2021.8"
"2762","OM831187","B/C","B","2021.816","France",2021.816,"Europe","Europe","OM831187_Europe_B/C_France_2021.816"
"2763","OQ139591","B/C","B","2021.814","France",2021.814,"Europe","Europe","OQ139591_Europe_B/C_France_2021.814"
"2764","OQ586775","B/C","B","2021.814","France",2021.814,"Europe","Europe","OQ586775_Europe_B/C_France_2021.814"
"2765","OQ148200","B/C","B","2021.855","Spain",2021.855,"Europe","Europe","OQ148200_Europe_B/C_Spain_2021.855"
"2766","OQ139618","B/C","B","2021.849","Spain",2021.849,"Europe","Europe","OQ139618_Europe_B/C_Spain_2021.849"
"2767","OP267522","B/C","B","[2021.833:2021.912]","France",2021.84797,"Europe","Europe","OP267522_Europe_B/C_France_2021.848"
"2768","OQ148243","B/C","B","2021.904","Spain",2021.904,"Europe","Europe","OQ148243_Europe_B/C_Spain_2021.904"
"2769","OQ148242","B/C","B","2021.904","Spain",2021.904,"Europe","Europe","OQ148242_Europe_B/C_Spain_2021.904"
"2770","OM831176","B/C","B","2021.8","France",2021.8,"Europe","Europe","OM831176_Europe_B/C_France_2021.8"
"2771","OQ148274","B/C","B","2021.759","Spain",2021.759,"Europe","Europe","OQ148274_Europe_B/C_Spain_2021.759"
"2772","OQ148223","B/C","B","2021.888","Spain",2021.888,"Europe","Europe","OQ148223_Europe_B/C_Spain_2021.888"
"2773","OQ139603","B/C","B","2021.682","Spain",2021.682,"Europe","Europe","OQ139603_Europe_B/C_Spain_2021.682"
"2774","OQ139601","B/C","B","2021.682","Spain",2021.682,"Europe","Europe","OQ139601_Europe_B/C_Spain_2021.682"
"2775","OQ126960","B/C","B","2021.778","Netherlands",2021.778,"Europe","Europe","OQ126960_Europe_B/C_Netherlands_2021.778"
"2776","OQ139606","B/C","B","2021.732","Spain",2021.732,"Europe","Europe","OQ139606_Europe_B/C_Spain_2021.732"
"2777","OQ586767","B/C","B","2021.764","France",2021.764,"Europe","Europe","OQ586767_Europe_B/C_France_2021.764"
"2778","OM831173","B/C","B","2021.789","France",2021.789,"Europe","Europe","OM831173_Europe_B/C_France_2021.789"
"2779","OQ148174","B/C","B","2021.682","Spain",2021.682,"Europe","Europe","OQ148174_Europe_B/C_Spain_2021.682"
"2780","OQ148288","B/C","B","2021.775","Spain",2021.775,"Europe","Europe","OQ148288_Europe_B/C_Spain_2021.775"
"2781","OM831157","B/C","B","2021.74","France",2021.74,"Europe","Europe","OM831157_Europe_B/C_France_2021.74"
"2782","OQ148179","B/C","B","2021.732","Spain",2021.732,"Europe","Europe","OQ148179_Europe_B/C_Spain_2021.732"
"2783","OQ148297","B/C","B","2021.786","Spain",2021.786,"Europe","Europe","OQ148297_Europe_B/C_Spain_2021.786"
"2784","OQ148302","B/C","B","2021.805","Spain",2021.805,"Europe","Europe","OQ148302_Europe_B/C_Spain_2021.805"
"2785","OP267530","B/C","B","[2021.833:2021.912]","France",2021.833,"Europe","Europe","OP267530_Europe_B/C_France_2021.833"
"2786","OP267516","B/C","B","[2021.748:2021.83]","France",2021.764224,"Europe","Europe","OP267516_Europe_B/C_France_2021.764"
"2787","OQ148267","B/C","B","2022.008","Spain",2022.008,"Europe","Europe","OQ148267_Europe_B/C_Spain_2022.008"
"2788","PQ612518","B/C","B","2022.775","France",2022.775,"Europe","Europe","PQ612518_Europe_B/C_France_2022.775"
"2789","PQ612517","B/C","B","2022.753","France",2022.753,"Europe","Europe","PQ612517_Europe_B/C_France_2022.753"
"2790","OQ127141","B/C","B","2021.808","United Kingdom",2021.808,"Europe","Europe","OQ127141_Europe_B/C_United-Kingdom_2021.808"
"2791","OQ148206","B/C","B","2021.868","Spain",2021.868,"Europe","Europe","OQ148206_Europe_B/C_Spain_2021.868"
"2792","OQ139593","B/C","B","2021.877","France",2021.877,"Europe","Europe","OQ139593_Europe_B/C_France_2021.877"
"2793","OM831179","B/C","B","2021.808","France",2021.808,"Europe","Europe","OM831179_Europe_B/C_France_2021.808"
"2794","OQ139611","B/C","B","2021.844","Spain",2021.844,"Europe","Europe","OQ139611_Europe_B/C_Spain_2021.844"
"2795","OQ148219","B/C","B","2021.879","Spain",2021.879,"Europe","Europe","OQ148219_Europe_B/C_Spain_2021.879"
"2796","OQ148198","B/C","B","2021.855","Spain",2021.855,"Europe","Europe","OQ148198_Europe_B/C_Spain_2021.855"
"2797","OQ139596","B/C","B","2021.882","France",2021.882,"Europe","Europe","OQ139596_Europe_B/C_France_2021.882"
"2798","OQ148207","B/C","B","2021.874","Spain",2021.874,"Europe","Europe","OQ148207_Europe_B/C_Spain_2021.874"
"2799","OQ148344","B/C","B","2021.841","Spain",2021.841,"Europe","Europe","OQ148344_Europe_B/C_Spain_2021.841"
"2800","OQ139594","B/C","B","2021.877","France",2021.877,"Europe","Europe","OQ139594_Europe_B/C_France_2021.877"
"2801","OQ139619","B/C","B","2021.838","Spain",2021.838,"Europe","Europe","OQ139619_Europe_B/C_Spain_2021.838"
"2802","OQ148301","B/C","B","2021.805","Spain",2021.805,"Europe","Europe","OQ148301_Europe_B/C_Spain_2021.805"
"2803","OQ148220","B/C","B","2021.888","Spain",2021.888,"Europe","Europe","OQ148220_Europe_B/C_Spain_2021.888"
"2804","OQ148337","B/C","B","2021.833","Spain",2021.833,"Europe","Europe","OQ148337_Europe_B/C_Spain_2021.833"
"2805","OQ148212","B/C","B","2021.879","Spain",2021.879,"Europe","Europe","OQ148212_Europe_B/C_Spain_2021.879"
"2806","OQ148222","B/C","B","2021.89","Spain",2021.89,"Europe","Europe","OQ148222_Europe_B/C_Spain_2021.89"
"2807","OQ586771","B/C","B","2021.784","France",2021.784,"Europe","Europe","OQ586771_Europe_B/C_France_2021.784"
"2808","PQ612542","B/C","B","2021.756","France",2021.756,"Europe","Europe","PQ612542_Europe_B/C_France_2021.756"
"2809","OM831159","B/C","B","2021.756","France",2021.756,"Europe","Europe","OM831159_Europe_B/C_France_2021.756"
"2810","PQ612540","B/C","B","2021.764","France",2021.764,"Europe","Europe","PQ612540_Europe_B/C_France_2021.764"
"2811","OQ148210","B/C","B","2021.874","Spain",2021.874,"Europe","Europe","OQ148210_Europe_B/C_Spain_2021.874"
"2812","OM831165","B/C","B","2021.775","France",2021.775,"Europe","Europe","OM831165_Europe_B/C_France_2021.775"
"2813","PQ612543","B/C","B","2021.775","France",2021.775,"Europe","Europe","PQ612543_Europe_B/C_France_2021.775"
"2814","OQ139608","B/C","B","2021.734","Spain",2021.734,"Europe","Europe","OQ139608_Europe_B/C_Spain_2021.734"
"2815","OQ139607","B/C","B","2021.734","Spain",2021.734,"Europe","Europe","OQ139607_Europe_B/C_Spain_2021.734"
"2816","PQ612541","B/C","B","2021.764","France",2021.764,"Europe","Europe","PQ612541_Europe_B/C_France_2021.764"
"2817","OQ148328","B/C","B","2021.822","Spain",2021.822,"Europe","Europe","OQ148328_Europe_B/C_Spain_2021.822"
"2818","OQ148298","B/C","B","2021.789","Spain",2021.789,"Europe","Europe","OQ148298_Europe_B/C_Spain_2021.789"
"2819","OQ148245","B/C","B","2021.915","Spain",2021.915,"Europe","Europe","OQ148245_Europe_B/C_Spain_2021.915"
"2820","OM831186","B/C","B","2021.814","France",2021.814,"Europe","Europe","OM831186_Europe_B/C_France_2021.814"
"2821","OQ148190","B/C","B","2021.849","Spain",2021.849,"Europe","Europe","OQ148190_Europe_B/C_Spain_2021.849"
"2822","OM831193","B/C","B","2021.836","France",2021.836,"Europe","Europe","OM831193_Europe_B/C_France_2021.836"
"2823","OQ148272","B/C","B","2021.756","Spain",2021.756,"Europe","Europe","OQ148272_Europe_B/C_Spain_2021.756"
"2824","OQ148178","B/C","B","2021.723","Spain",2021.723,"Europe","Europe","OQ148178_Europe_B/C_Spain_2021.723"
"2825","OQ148255","B/C","B","2021.929","Spain",2021.929,"Europe","Europe","OQ148255_Europe_B/C_Spain_2021.929"
"2826","OQ148246","B/C","B","2021.915","Spain",2021.915,"Europe","Europe","OQ148246_Europe_B/C_Spain_2021.915"
"2827","OQ148287","B/C","B","2021.773","Spain",2021.773,"Europe","Europe","OQ148287_Europe_B/C_Spain_2021.773"
"2828","OM831170","B/C","B","2021.781","France",2021.781,"Europe","Europe","OM831170_Europe_B/C_France_2021.781"
"2829","OM831166","B/C","B","2021.778","France",2021.778,"Europe","Europe","OM831166_Europe_B/C_France_2021.778"
"2830","OP267529","B/C","B","[2021.748:2021.83]","France",2021.779967,"Europe","Europe","OP267529_Europe_B/C_France_2021.78"
"2831","OQ148184","B/C","B","2021.844","Spain",2021.844,"Europe","Europe","OQ148184_Europe_B/C_Spain_2021.844"
"2832","OQ139622","B/C","B","2021.83","Spain",2021.83,"Europe","Europe","OQ139622_Europe_B/C_Spain_2021.83"
"2833","OQ148340","B/C","B","2021.836","Spain",2021.836,"Europe","Europe","OQ148340_Europe_B/C_Spain_2021.836"
"2834","OQ139616","B/C","B","2021.849","Spain",2021.849,"Europe","Europe","OQ139616_Europe_B/C_Spain_2021.849"
"2835","OQ139592","B/C","B","2021.855","France",2021.855,"Europe","Europe","OQ139592_Europe_B/C_France_2021.855"
"2836","OQ148268","B/C","B","2022.014","Spain",2022.014,"Europe","Europe","OQ148268_Europe_B/C_Spain_2022.014"
"2837","OQ148196","B/C","B","2021.852","Spain",2021.852,"Europe","Europe","OQ148196_Europe_B/C_Spain_2021.852"
"2838","OQ139612","B/C","B","2021.847","Spain",2021.847,"Europe","Europe","OQ139612_Europe_B/C_Spain_2021.847"
"2839","OQ148236","B/C","B","2021.904","Spain",2021.904,"Europe","Europe","OQ148236_Europe_B/C_Spain_2021.904"
"2840","OQ148231","B/C","B","2021.899","Spain",2021.899,"Europe","Europe","OQ148231_Europe_B/C_Spain_2021.899"
"2841","OQ148240","B/C","B","2021.912","Spain",2021.912,"Europe","Europe","OQ148240_Europe_B/C_Spain_2021.912"
"2842","OQ586788","B/C","B","2021.915","Ireland",2021.915,"Europe","Europe","OQ586788_Europe_B/C_Ireland_2021.915"
"2843","OQ148241","B/C","B","2021.912","Spain",2021.912,"Europe","Europe","OQ148241_Europe_B/C_Spain_2021.912"
"2844","OQ148225","B/C","B","2021.893","Spain",2021.893,"Europe","Europe","OQ148225_Europe_B/C_Spain_2021.893"
"2845","LC200953","B/C","B","[2015.581:2015.663]","Japan",2015.581,"Eastern Asia","External","LC200953_External_B/C_Japan_2015.581"
"2846","LC107890","B/C","B","2015.759","Japan",2015.759,"Eastern Asia","External","LC107890_External_B/C_Japan_2015.759"
"2847","KY292525","B/C","B","[2016:2016.997]","USA",2016.15054,"North America","North America","KY292525_North-America_B/C_USA_2016.151"
"2848","KY385884","B/C","B","2016.634","USA",2016.634,"North America","North America","KY385884_North-America_B/C_USA_2016.634"
"2849","MN173592","B/C","B","2016.902","USA",2016.902,"North America","North America","MN173592_North-America_B/C_USA_2016.902"
"2850","MH780675","B/C","B","[2015:2015.997]","Hong Kong",2015.877369,"Eastern Asia","External","MH780675_External_B/C_Hong-Kong_2015.877"
"2851","MH780674","B/C","B","[2015:2015.997]","Hong Kong",2015.74517,"Eastern Asia","External","MH780674_External_B/C_Hong-Kong_2015.745"
"2852","KU982559","B/C","B","[2015.833:2015.912]","China",2015.882811,"Eastern Asia","External","KU982559_External_B/C_China_2015.883"
"2853","KU982560","B/C","B","[2015.833:2015.912]","China",2015.882811,"Eastern Asia","External","KU982560_External_B/C_China_2015.883"
"2854","MG739639","B/C","B","2015.948","Hong Kong",2015.948,"Eastern Asia","External","MG739639_External_B/C_Hong-Kong_2015.948"
"2855","MH780673","B/C","B","[2015.581:2015.997]","Hong Kong",2015.997,"Eastern Asia","External","MH780673_External_B/C_Hong-Kong_2015.997"
"2856","MH780677","B/C","B","[2016:2016.385]","Hong Kong",2016,"Eastern Asia","External","MH780677_External_B/C_Hong-Kong_2016"
"2857","KX830923","B/C","B","[2016.497:2016.579]","Germany",2016.579,"Europe","Europe","KX830923_Europe_B/C_Germany_2016.579"
"2858","MN726776","B/C","B","2016.631","Netherlands",2016.631,"Europe","Europe","MN726776_Europe_B/C_Netherlands_2016.631"
"2859","MN403281","B/C","B","2016.678","Spain",2016.678,"Europe","Europe","MN403281_Europe_B/C_Spain_2016.678"
"2860","KY385891","B/C","B","2016.434","USA",2016.434,"North America","North America","KY385891_North-America_B/C_USA_2016.434"
"2861","KY272957","B/C","B","2016.713","France",2016.713,"Europe","Europe","KY272957_Europe_B/C_France_2016.713"
"2862","MN403177","B/C","B","2016.429","Spain",2016.429,"Europe","Europe","MN403177_Europe_B/C_Spain_2016.429"
"2863","MH674159","B/C","B","2016.686","Sweden",2016.686,"Europe","Europe","MH674159_Europe_B/C_Sweden_2016.686"
"2864","MH307375","B/C","B","2016.366","Spain",2016.366,"Europe","Europe","MH307375_Europe_B/C_Spain_2016.366"
"2865","MH307394","B/C","B","2016.464","Spain",2016.464,"Europe","Europe","MH307394_Europe_B/C_Spain_2016.464"
"2866","MN403233","B/C","B","2016.374","Spain",2016.374,"Europe","Europe","MN403233_Europe_B/C_Spain_2016.374"
"2867","MF073342","B/C","B","2016.754","Italy",2016.754,"Europe","Europe","MF073342_Europe_B/C_Italy_2016.754"
"2868","MW731849","B/C","B","[2016.582:2016.664]","Germany",2016.664,"Europe","Europe","MW731849_Europe_B/C_Germany_2016.664"
"2869","MN403289","B/C","B","2016.727","Spain",2016.727,"Europe","Europe","MN403289_Europe_B/C_Spain_2016.727"
"2870","MN403232","B/C","B","2016.342","Spain",2016.342,"Europe","Europe","MN403232_Europe_B/C_Spain_2016.342"
"2871","KX830921","B/C","B","[2016.497:2016.571]","Germany",2016.497,"Europe","Europe","KX830921_Europe_B/C_Germany_2016.497"
"2872","KX830910","B/C","B","[2016.505:2016.579]","Germany",2016.579,"Europe","Europe","KX830910_Europe_B/C_Germany_2016.579"
"2873","MG547196","B/C","B","[2016.582:2016.664]","China",2016.582,"Eastern Asia","External","MG547196_External_B/C_China_2016.582"
"2874","MH341717","B/C","B","[2016.582:2016.664]","China",2016.582,"Eastern Asia","External","MH341717_External_B/C_China_2016.582"
"2875","MF073350","B/C","B","2016.497","Italy",2016.497,"Europe","Europe","MF073350_Europe_B/C_Italy_2016.497"
"2876","MF073346","B/C","B","2016.415","Italy",2016.415,"Europe","Europe","MF073346_Europe_B/C_Italy_2016.415"
"2877","MF073349","B/C","B","2016.489","Italy",2016.489,"Europe","Europe","MF073349_Europe_B/C_Italy_2016.489"
"2878","LC107892","B/C","B","2015.589","Japan",2015.589,"Eastern Asia","External","LC107892_External_B/C_Japan_2015.589"
"2879","KY457569","B/C","B","[2016.675:2016.746]","Denmark",2016.675,"Europe","Europe","KY457569_Europe_B/C_Denmark_2016.675"
"2880","MN403105","B/C","B","2016.582","Spain",2016.582,"Europe","Europe","MN403105_Europe_B/C_Spain_2016.582"
"2881","MN403159","B/C","B","2016.555","Spain",2016.555,"Europe","Europe","MN403159_Europe_B/C_Spain_2016.555"
"2882","MN403155","B/C","B","2016.552","Spain",2016.552,"Europe","Europe","MN403155_Europe_B/C_Spain_2016.552"
"2883","KX830904","B/C","B","[2016.505:2016.579]","Germany",2016.579,"Europe","Europe","KX830904_Europe_B/C_Germany_2016.579"
"2884","KX830902","B/C","B","[2016.497:2016.571]","Germany",2016.497,"Europe","Europe","KX830902_Europe_B/C_Germany_2016.497"
"2885","KX830898","B/C","B","[2016.429:2016.495]","Germany",2016.429,"Europe","Europe","KX830898_Europe_B/C_Germany_2016.429"
"2886","MH470372","B/C","B","[2016.582:2016.653]","Germany",2016.582,"Europe","Europe","MH470372_Europe_B/C_Germany_2016.582"
"2887","KX830914","B/C","B","[2016.511:2016.579]","Germany",2016.579,"Europe","Europe","KX830914_Europe_B/C_Germany_2016.579"
"2888","KX830901","B/C","B","[2016.497:2016.579]","Germany",2016.534188,"Europe","Europe","KX830901_Europe_B/C_Germany_2016.534"
"2889","KX830903","B/C","B","[2016.497:2016.579]","Germany",2016.534188,"Europe","Europe","KX830903_Europe_B/C_Germany_2016.534"
"2890","KX830899","B/C","B","[2016.423:2016.495]","Germany",2016.423,"Europe","Europe","KX830899_Europe_B/C_Germany_2016.423"
"2891","MH674133","B/C","B","2016.683","Sweden",2016.683,"Europe","Europe","MH674133_Europe_B/C_Sweden_2016.683"
"2892","KY272952","B/C","B","2016.413","France",2016.413,"Europe","Europe","KY272952_Europe_B/C_France_2016.413"
"2893","MH674137","B/C","B","2016.694","Sweden",2016.694,"Europe","Europe","MH674137_Europe_B/C_Sweden_2016.694"
"2894","MF073341","B/C","B","2016.555","Italy",2016.555,"Europe","Europe","MF073341_Europe_B/C_Italy_2016.555"
"2895","MH674125","B/C","B","2016.661","Sweden",2016.661,"Europe","Europe","MH674125_Europe_B/C_Sweden_2016.661"
"2896","MF073352","B/C","B","2016.727","Italy",2016.727,"Europe","Europe","MF073352_Europe_B/C_Italy_2016.727"
"2897","MF073337","B/C","B","2016.486","Italy",2016.486,"Europe","Europe","MF073337_Europe_B/C_Italy_2016.486"
"2898","MH674132","B/C","B","2016.678","Sweden",2016.678,"Europe","Europe","MH674132_Europe_B/C_Sweden_2016.678"
"2899","KX830900","B/C","B","[2016.497:2016.568]","Germany",2016.568,"Europe","Europe","KX830900_Europe_B/C_Germany_2016.568"
"2900","OR365021","B/C","B","[2016.667:2016.746]","Slovenia",2016.746,"Europe","Europe","OR365021_Europe_B/C_Slovenia_2016.746"
"2901","MW731850","B/C","B","[2016.582:2016.664]","Germany",2016.647809,"Europe","Europe","MW731850_Europe_B/C_Germany_2016.648"
"2902","MW731851","B/C","B","[2016.582:2016.664]","Germany",2016.647809,"Europe","Europe","MW731851_Europe_B/C_Germany_2016.648"
"2903","MF073339","B/C","B","2016.53","Italy",2016.53,"Europe","Europe","MF073339_Europe_B/C_Italy_2016.53"
"2904","MT789736","B/C","B","2016.724","France",2016.724,"Europe","Europe","MT789736_Europe_B/C_France_2016.724"
"2905","MT791931","B/C","B","2016.779","France",2016.779,"Europe","Europe","MT791931_Europe_B/C_France_2016.779"
"2906","OR365014","B/C","B","[2016.582:2016.664]","Slovenia",2016.664,"Europe","Europe","OR365014_Europe_B/C_Slovenia_2016.664"
"2907","OR365020","B/C","B","[2016.667:2016.746]","Slovenia",2016.667,"Europe","Europe","OR365020_Europe_B/C_Slovenia_2016.667"
"2908","OR365022","B/C","B","[2016.667:2016.746]","Slovenia",2016.667,"Europe","Europe","OR365022_Europe_B/C_Slovenia_2016.667"
"2909","OR365024","B/C","B","[2016.667:2016.746]","Slovenia",2016.667,"Europe","Europe","OR365024_Europe_B/C_Slovenia_2016.667"
"2910","OR365018","B/C","B","[2016.667:2016.746]","Slovenia",2016.667,"Europe","Europe","OR365018_Europe_B/C_Slovenia_2016.667"
"2911","MW731837","B/C","B","[2016.582:2016.656]","Germany",2016.656,"Europe","Europe","MW731837_Europe_B/C_Germany_2016.656"
"2912","MW731842","B/C","B","[2016.582:2016.656]","Germany",2016.582,"Europe","Europe","MW731842_Europe_B/C_Germany_2016.582"
"2913","MW731852","B/C","B","[2016.59:2016.664]","Germany",2016.664,"Europe","Europe","MW731852_Europe_B/C_Germany_2016.664"
"2914","MW731843","B/C","B","[2016.59:2016.664]","Germany",2016.664,"Europe","Europe","MW731843_Europe_B/C_Germany_2016.664"
"2915","MN726775","B/C","B","2016.546","Netherlands",2016.546,"Europe","Europe","MN726775_Europe_B/C_Netherlands_2016.546"
"2916","MN726770","B/C","B","2016.546","Netherlands",2016.546,"Europe","Europe","MN726770_Europe_B/C_Netherlands_2016.546"
"2917","MH674140","B/C","B","2016.631","Sweden",2016.631,"Europe","Europe","MH674140_Europe_B/C_Sweden_2016.631"
"2918","MN726771","B/C","B","2016.574","Netherlands",2016.574,"Europe","Europe","MN726771_Europe_B/C_Netherlands_2016.574"
"2919","KX830913","B/C","B","[2016.497:2016.571]","Germany",2016.497,"Europe","Europe","KX830913_Europe_B/C_Germany_2016.497"
"2920","MT791930","B/C","B","2016.525","France",2016.525,"Europe","Europe","MT791930_Europe_B/C_France_2016.525"
"2921","MT795864","B/C","B","2016.511","France",2016.511,"Europe","Europe","MT795864_Europe_B/C_France_2016.511"
"2922","MT795862","B/C","B","2016.478","France",2016.478,"Europe","Europe","MT795862_Europe_B/C_France_2016.478"
"2923","MT789737","B/C","B","2016.527","France",2016.527,"Europe","Europe","MT789737_Europe_B/C_France_2016.527"
"2924","MT789734","B/C","B","2016.519","France",2016.519,"Europe","Europe","MT789734_Europe_B/C_France_2016.519"
"2925","MN018245","B/C","B","2016.604","United Kingdom",2016.604,"Europe","Europe","MN018245_Europe_B/C_United-Kingdom_2016.604"
"2926","MK377391","B/C","B","2016.604","United Kingdom",2016.604,"Europe","Europe","MK377391_Europe_B/C_United-Kingdom_2016.604"
"2927","MN726781","B/C","B","2016.686","Netherlands",2016.686,"Europe","Europe","MN726781_Europe_B/C_Netherlands_2016.686"
"2928","KY042033","B/C","B","[2016:2016.997]","Canada",2016,"North America","North America","KY042033_North-America_B/C_Canada_2016"
"2929","KX685072","B/C","B","2016.533","Netherlands",2016.533,"Europe","Europe","KX685072_Europe_B/C_Netherlands_2016.533"
"2930","KX830911","B/C","B","[2016.511:2016.579]","Germany",2016.579,"Europe","Europe","KX830911_Europe_B/C_Germany_2016.579"
"2931","KX830912","B/C","B","[2016.497:2016.579]","Germany",2016.497,"Europe","Europe","KX830912_Europe_B/C_Germany_2016.497"
"2932","MH674149","B/C","B","2016.658","Sweden",2016.658,"Europe","Europe","MH674149_Europe_B/C_Sweden_2016.658"
"2933","MH674150","B/C","B","2016.661","Sweden",2016.661,"Europe","Europe","MH674150_Europe_B/C_Sweden_2016.661"
"2934","OR365016","B/C","B","[2016.667:2016.746]","Slovenia",2016.746,"Europe","Europe","OR365016_Europe_B/C_Slovenia_2016.746"
"2935","KX830894","B/C","B","[2016.415:2016.495]","Germany",2016.426634,"Europe","Europe","KX830894_Europe_B/C_Germany_2016.427"
"2936","KX830893","B/C","B","[2016.415:2016.495]","Germany",2016.427353,"Europe","Europe","KX830893_Europe_B/C_Germany_2016.427"
"2937","KX830896","B/C","B","[2016.497:2016.579]","Germany",2016.579,"Europe","Europe","KX830896_Europe_B/C_Germany_2016.579"
"2938","KX830895","B/C","B","[2016.497:2016.568]","Germany",2016.497,"Europe","Europe","KX830895_Europe_B/C_Germany_2016.497"
"2939","MH674143","B/C","B","2016.65","Sweden",2016.65,"Europe","Europe","MH674143_Europe_B/C_Sweden_2016.65"
"2940","KY272956","B/C","B","2016.713","France",2016.713,"Europe","Europe","KY272956_Europe_B/C_France_2016.713"
"2941","KX830917","B/C","B","[2016.508:2016.579]","Germany",2016.508,"Europe","Europe","KX830917_Europe_B/C_Germany_2016.508"
"2942","KX830920","B/C","B","[2016.497:2016.579]","Germany",2016.497,"Europe","Europe","KX830920_Europe_B/C_Germany_2016.497"
"2943","KX830918","B/C","B","[2016.497:2016.579]","Germany",2016.497,"Europe","Europe","KX830918_Europe_B/C_Germany_2016.497"
"2944","KX830916","B/C","B","[2016.497:2016.579]","Germany",2016.497,"Europe","Europe","KX830916_Europe_B/C_Germany_2016.497"
"2945","KX830919","B/C","B","[2016.497:2016.579]","Germany",2016.497,"Europe","Europe","KX830919_Europe_B/C_Germany_2016.497"
"2946","KX830922","B/C","B","[2016.415:2016.495]","Germany",2016.494347,"Europe","Europe","KX830922_Europe_B/C_Germany_2016.494"
"2947","KX830915","B/C","B","[2016.497:2016.579]","Germany",2016.579,"Europe","Europe","KX830915_Europe_B/C_Germany_2016.579"
"2948","OR365023","B/C","B","[2016.667:2016.746]","Slovenia",2016.746,"Europe","Europe","OR365023_Europe_B/C_Slovenia_2016.746"
"2949","KY358057","B/C","B","2015.978","Taiwan",2015.978,"Eastern Asia","External","KY358057_External_B/C_Taiwan_2015.978"
"2950","KY042029","B/C","B","[2016:2016.626]","Canada",2016,"North America","North America","KY042029_North-America_B/C_Canada_2016"
"2951","MH307380","B/C","B","2016.544","Spain",2016.544,"Europe","Europe","MH307380_Europe_B/C_Spain_2016.544"
"2952","MN403183","B/C","B","2016.437","Spain",2016.437,"Europe","Europe","MN403183_Europe_B/C_Spain_2016.437"
"2953","MH341713","B/C","B","[2016.582:2016.656]","China",2016.582,"Eastern Asia","External","MH341713_External_B/C_China_2016.582"
"2954","MH674139","B/C","B","2016.699","Sweden",2016.699,"Europe","Europe","MH674139_Europe_B/C_Sweden_2016.699"
"2955","KY272922","B/C","B","2016.475","France",2016.475,"Europe","Europe","KY272922_Europe_B/C_France_2016.475"
"2956","KX685066","B/C","B","2016.443","Netherlands",2016.443,"Europe","Europe","KX685066_Europe_B/C_Netherlands_2016.443"
"2957","MN726779","B/C","B","[2016.582:2016.664]","Netherlands",2016.610147,"Europe","Europe","MN726779_Europe_B/C_Netherlands_2016.61"
"2958","MW731841","B/C","B","[2016.582:2016.664]","Germany",2016.610147,"Europe","Europe","MW731841_Europe_B/C_Germany_2016.61"
"2959","KX957755","B/C","B","2016.527","USA",2016.527,"North America","North America","KX957755_North-America_B/C_USA_2016.527"
"2960","KY457570","B/C","B","[2016.675:2016.746]","Denmark",2016.675,"Europe","Europe","KY457570_Europe_B/C_Denmark_2016.675"
"2961","KX957761","B/C","B","2016.574","USA",2016.574,"North America","North America","KX957761_North-America_B/C_USA_2016.574"
"2962","KY385892","B/C","B","2016.44","USA",2016.44,"North America","North America","KY385892_North-America_B/C_USA_2016.44"
"2963","KY385883","B/C","B","2016.634","USA",2016.634,"North America","North America","KY385883_North-America_B/C_USA_2016.634"
"2964","KY042027","B/C","B","[2016:2016.997]","Canada",2016.997,"North America","North America","KY042027_North-America_B/C_Canada_2016.997"
"2965","MW731838","B/C","B","[2016.582:2016.656]","Germany",2016.656,"Europe","Europe","MW731838_Europe_B/C_Germany_2016.656"
"2966","MH341718","B/C","B","[2016.59:2016.664]","China",2016.664,"Eastern Asia","External","MH341718_External_B/C_China_2016.664"
"2967","MH341719","B/C","B","[2016.582:2016.664]","China",2016.604142,"Eastern Asia","External","MH341719_External_B/C_China_2016.604"
"2968","MG547198","B/C","B","[2016.582:2016.664]","China",2016.604142,"Eastern Asia","External","MG547198_External_B/C_China_2016.604"
"2969","OQ737941","B/C","B","2016.536","USA",2016.536,"North America","North America","OQ737941_North-America_B/C_USA_2016.536"
"2970","MH674117","B/C","B","2016.642","Sweden",2016.642,"Europe","Europe","MH674117_Europe_B/C_Sweden_2016.642"
"2971","MN365197","B/C","B","[2017.162:2017.236]","USA",2017.162,"North America","North America","MN365197_North-America_B/C_USA_2017.162"
"2972","MN259109","B/C","B","[2016:2016.997]","USA",2016.997,"North America","North America","MN259109_North-America_B/C_USA_2016.997"
"2973","MN365198","B/C","B","[2017.162:2017.236]","USA",2017.236,"North America","North America","MN365198_North-America_B/C_USA_2017.236"
"2974","MH780686","B/C","B","[2017:2017.805]","Hong Kong",2017.751638,"Eastern Asia","External","MH780686_External_B/C_Hong-Kong_2017.752"
"2975","MT543146","B/C","B","2018.726","China",2018.726,"Eastern Asia","External","MT543146_External_B/C_China_2018.726"
"2976","MZ824217","B/C","B","2018.707","China",2018.707,"Eastern Asia","External","MZ824217_External_B/C_China_2018.707"
"2977","MK713961","B/C","B","2018.732","China",2018.732,"Eastern Asia","External","MK713961_External_B/C_China_2018.732"
"2978","MN163000","B/C","B","2016.694","USA",2016.694,"North America","North America","MN163000_North-America_B/C_USA_2016.694"
"2979","MZ824222","B/C","B","2017.816","China",2017.816,"Eastern Asia","External","MZ824222_External_B/C_China_2017.816"
"2980","LC627048","B/C","B","2018.833","Japan",2018.833,"Eastern Asia","External","LC627048_External_B/C_Japan_2018.833"
"2981","MK241429","B/C","B","2017.737","China",2017.737,"Eastern Asia","External","MK241429_External_B/C_China_2017.737"
"2982","MK713960","B/C","B","2018.605","China",2018.605,"Eastern Asia","External","MK713960_External_B/C_China_2018.605"
"2983","MK241428","B/C","B","2017.737","China",2017.737,"Eastern Asia","External","MK241428_External_B/C_China_2017.737"
"2984","MZ824216","B/C","B","2018.77","China",2018.77,"Eastern Asia","External","MZ824216_External_B/C_China_2018.77"
"2985","MT543139","B/C","B","2018.567","China",2018.567,"Eastern Asia","External","MT543139_External_B/C_China_2018.567"
"2986","MZ824221","B/C","B","2018.778","China",2018.778,"Eastern Asia","External","MZ824221_External_B/C_China_2018.778"
"2987","MZ824223","B/C","B","2018.674","China",2018.674,"Eastern Asia","External","MZ824223_External_B/C_China_2018.674"
"2988","MZ824220","B/C","B","2018.775","China",2018.775,"Eastern Asia","External","MZ824220_External_B/C_China_2018.775"
"2989","MK713958","B/C","B","2018.559","China",2018.559,"Eastern Asia","External","MK713958_External_B/C_China_2018.559"
"2990","OR500210","B/C","B","2019.225","Thailand",2019.225,"South-Eastern Asia","External","OR500210_External_B/C_Thailand_2019.225"
"2991","LC627042","B/C","B","2018.762","Japan",2018.762,"Eastern Asia","External","LC627042_External_B/C_Japan_2018.762"
"2992","MK713959","B/C","B","2018.562","China",2018.562,"Eastern Asia","External","MK713959_External_B/C_China_2018.562"
"2993","MK713957","B/C","B","2018.559","China",2018.559,"Eastern Asia","External","MK713957_External_B/C_China_2018.559"
"2994","MK713956","B/C","B","2018.556","China",2018.556,"Eastern Asia","External","MK713956_External_B/C_China_2018.556"
"2995","MK241431","B/C","B","2018.482","China",2018.482,"Eastern Asia","External","MK241431_External_B/C_China_2018.482"
"2996","MK614087","B/C","B","2018.879","China",2018.879,"Eastern Asia","External","MK614087_External_B/C_China_2018.879"
"2997","LC744412","B/C","B","[2018.666:2018.745]","Japan",2018.745,"Eastern Asia","External","LC744412_External_B/C_Japan_2018.745"
"2998","MK713962","B/C","B","2018.778","China",2018.778,"Eastern Asia","External","MK713962_External_B/C_China_2018.778"
"2999","LC495299","B/C","B","2018.795","Japan",2018.795,"Eastern Asia","External","LC495299_External_B/C_Japan_2018.795"
"3000","MZ824218","B/C","B","2018.729","China",2018.729,"Eastern Asia","External","MZ824218_External_B/C_China_2018.729"
"3001","MT543138","B/C","B","2018.712","China",2018.712,"Eastern Asia","External","MT543138_External_B/C_China_2018.712"
"3002","MK713953","B/C","B","2018.792","China",2018.792,"Eastern Asia","External","MK713953_External_B/C_China_2018.792"
"3003","MK713952","B/C","B","2018.789","China",2018.789,"Eastern Asia","External","MK713952_External_B/C_China_2018.789"
"3004","MK713951","B/C","B","2018.786","China",2018.786,"Eastern Asia","External","MK713951_External_B/C_China_2018.786"
"3005","LC495298","B/C","B","2018.666","Japan",2018.666,"Eastern Asia","External","LC495298_External_B/C_Japan_2018.666"
"3006","MT543141","B/C","B","2018.652","China",2018.652,"Eastern Asia","External","MT543141_External_B/C_China_2018.652"
"3007","MT543140","B/C","B","2018.638","China",2018.638,"Eastern Asia","External","MT543140_External_B/C_China_2018.638"
"3008","PQ807712","B/C","B","2018.627","China",2018.627,"Eastern Asia","External","PQ807712_External_B/C_China_2018.627"
"3009","MK241432","B/C","B","2018.507","China",2018.507,"Eastern Asia","External","MK241432_External_B/C_China_2018.507"
"3010","MW697453","B/C","B","[2018.496:2018.57]","China",2018.496,"Eastern Asia","External","MW697453_External_B/C_China_2018.496"
"3011","LC515244","B/C","B","2018.814","Japan",2018.814,"Eastern Asia","External","LC515244_External_B/C_Japan_2018.814"
"3012","LC515248","B/C","B","2018.836","Japan",2018.836,"Eastern Asia","External","LC515248_External_B/C_Japan_2018.836"
"3013","LC515243","B/C","B","2018.811","Japan",2018.811,"Eastern Asia","External","LC515243_External_B/C_Japan_2018.811"
"3014","MT543144","B/C","B","2018.737","China",2018.737,"Eastern Asia","External","MT543144_External_B/C_China_2018.737"
"3015","MK713954","B/C","B","2018.964","China",2018.964,"Eastern Asia","External","MK713954_External_B/C_China_2018.964"
"3016","MK713955","B/C","B","2018.967","China",2018.967,"Eastern Asia","External","MK713955_External_B/C_China_2018.967"
"3017","MT543142","B/C","B","2018.636","China",2018.636,"Eastern Asia","External","MT543142_External_B/C_China_2018.636"
"3018","MT543143","B/C","B","2018.633","China",2018.633,"Eastern Asia","External","MT543143_External_B/C_China_2018.633"
"3019","OQ451882","B/C","B","2022.436","China",2022.436,"Eastern Asia","External","OQ451882_External_B/C_China_2022.436"
"3020","PQ766585","B/C","B","[2022.666:2022.745]","China",2022.666,"Eastern Asia","External","PQ766585_External_B/C_China_2022.666"
"3021","PQ766587","B/C","B","[2022.581:2022.663]","China",2022.581,"Eastern Asia","External","PQ766587_External_B/C_China_2022.581"
"3022","PQ766591","B/C","B","[2022.833:2022.912]","China",2022.833,"Eastern Asia","External","PQ766591_External_B/C_China_2022.833"
"3023","PQ766589","B/C","B","[2022.748:2022.83]","China",2022.83,"Eastern Asia","External","PQ766589_External_B/C_China_2022.83"
"3024","PQ766590","B/C","B","[2022.833:2022.912]","China",2022.912,"Eastern Asia","External","PQ766590_External_B/C_China_2022.912"
"3025","PQ766588","B/C","B","[2022.581:2022.663]","China",2022.581,"Eastern Asia","External","PQ766588_External_B/C_China_2022.581"
"3026","MW731836","B/C","B","[2016.582:2016.656]","Germany",2016.582,"Europe","Europe","MW731836_Europe_B/C_Germany_2016.582"
"3027","MN403143","B/C","B","2016.071","Spain",2016.071,"Europe","Europe","MN403143_Europe_B/C_Spain_2016.071"
"3028","MN173593","B/C","B","2017.222","USA",2017.222,"North America","North America","MN173593_North-America_B/C_USA_2017.222"
"3029","MN403283","B/C","B","2016.44","Spain",2016.44,"Europe","Europe","MN403283_Europe_B/C_Spain_2016.44"
"3030","KX685082","B/C","B","2016.574","Netherlands",2016.574,"Europe","Europe","KX685082_Europe_B/C_Netherlands_2016.574"
"3031","KY042038","B/C","B","[2016.563:2016.997]","Canada",2016.997,"North America","North America","KY042038_North-America_B/C_Canada_2016.997"
"3032","MH084328","B/C","B","2016.686","United Kingdom",2016.686,"Europe","Europe","MH084328_Europe_B/C_United-Kingdom_2016.686"
"3033","KY042035","B/C","B","[2016:2016.997]","Canada",2016,"North America","North America","KY042035_North-America_B/C_Canada_2016"
"3034","KX957762","B/C","B","2016.574","USA",2016.574,"North America","North America","KX957762_North-America_B/C_USA_2016.574"
"3035","MN726778","B/C","B","2016.656","Netherlands",2016.656,"Europe","Europe","MN726778_Europe_B/C_Netherlands_2016.656"
"3036","KY042037","B/C","B","[2016:2016.997]","Canada",2016,"North America","North America","KY042037_North-America_B/C_Canada_2016"
"3037","MN726760","B/C","B","2016.525","Netherlands",2016.525,"Europe","Europe","MN726760_Europe_B/C_Netherlands_2016.525"
"3038","MN726774","B/C","B","2016.585","Netherlands",2016.585,"Europe","Europe","MN726774_Europe_B/C_Netherlands_2016.585"
"3039","MN726764","B/C","B","2016.538","Netherlands",2016.538,"Europe","Europe","MN726764_Europe_B/C_Netherlands_2016.538"
"3040","KY042034","B/C","B","[2016:2016.997]","Canada",2016,"North America","North America","KY042034_North-America_B/C_Canada_2016"
"3041","MN259120","B/C","B","[2016:2016.997]","USA",2016.328077,"North America","North America","MN259120_North-America_B/C_USA_2016.328"
"3042","MN259111","B/C","B","[2016:2016.997]","USA",2016.483949,"North America","North America","MN259111_North-America_B/C_USA_2016.484"
"3043","MN403278","B/C","B","2016.669","Spain",2016.669,"Europe","Europe","MN403278_Europe_B/C_Spain_2016.669"
"3044","MN403110","B/C","B","2016.664","Spain",2016.664,"Europe","Europe","MN403110_Europe_B/C_Spain_2016.664"
"3045","KX685077","B/C","B","2016.557","Netherlands",2016.557,"Europe","Europe","KX685077_Europe_B/C_Netherlands_2016.557"
"3046","MH674155","B/C","B","2016.667","Sweden",2016.667,"Europe","Europe","MH674155_Europe_B/C_Sweden_2016.667"
"3047","MN726762","B/C","B","2016.516","Netherlands",2016.516,"Europe","Europe","MN726762_Europe_B/C_Netherlands_2016.516"
"3048","KX685069","B/C","B","2016.508","Netherlands",2016.508,"Europe","Europe","KX685069_Europe_B/C_Netherlands_2016.508"
"3049","MN259112","B/C","B","[2016:2016.997]","USA",2016.586764,"North America","North America","MN259112_North-America_B/C_USA_2016.587"
"3050","MW731861","B/C","B","[2016.749:2016.822]","Germany",2016.749,"Europe","Europe","MW731861_Europe_B/C_Germany_2016.749"
"3051","MH307381","B/C","B","2016.669","Spain",2016.669,"Europe","Europe","MH307381_Europe_B/C_Spain_2016.669"
"3052","MW731835","B/C","B","[2016.582:2016.664]","Germany",2016.631904,"Europe","Europe","MW731835_Europe_B/C_Germany_2016.632"
"3053","MW731833","B/C","B","[2016.59:2016.664]","Germany",2016.664,"Europe","Europe","MW731833_Europe_B/C_Germany_2016.664"
"3054","KX685078","B/C","B","2016.56","Netherlands",2016.56,"Europe","Europe","KX685078_Europe_B/C_Netherlands_2016.56"
"3055","MN726759","B/C","B","2016.47","Netherlands",2016.47,"Europe","Europe","MN726759_Europe_B/C_Netherlands_2016.47"
"3056","KX685074","B/C","B","2016.538","Netherlands",2016.538,"Europe","Europe","KX685074_Europe_B/C_Netherlands_2016.538"
"3057","MN726768","B/C","B","2016.527","Netherlands",2016.527,"Europe","Europe","MN726768_Europe_B/C_Netherlands_2016.527"
"3058","KX685070","B/C","B","2016.514","Netherlands",2016.514,"Europe","Europe","KX685070_Europe_B/C_Netherlands_2016.514"
"3059","MN726769","B/C","B","2016.486","Netherlands",2016.486,"Europe","Europe","MN726769_Europe_B/C_Netherlands_2016.486"
"3060","MW731855","B/C","B","[2016.667:2016.738]","Germany",2016.667,"Europe","Europe","MW731855_Europe_B/C_Germany_2016.667"
"3061","MN726780","B/C","B","2016.68","Netherlands",2016.68,"Europe","Europe","MN726780_Europe_B/C_Netherlands_2016.68"
"3062","MN726782","B/C","B","2016.71","Netherlands",2016.71,"Europe","Europe","MN726782_Europe_B/C_Netherlands_2016.71"
"3063","MN726773","B/C","B","2016.708","Netherlands",2016.708,"Europe","Europe","MN726773_Europe_B/C_Netherlands_2016.708"
"3064","MN726786","B/C","B","2016.781","Netherlands",2016.781,"Europe","Europe","MN726786_Europe_B/C_Netherlands_2016.781"
"3065","KY042036","B/C","B","[2016:2016.997]","Canada",2016,"North America","North America","KY042036_North-America_B/C_Canada_2016"
"3066","MH674146","B/C","B","2016.658","Sweden",2016.658,"Europe","Europe","MH674146_Europe_B/C_Sweden_2016.658"
"3067","MN403104","B/C","B","2016.281","Spain",2016.281,"Europe","Europe","MN403104_Europe_B/C_Spain_2016.281"
"3068","MH674119","B/C","B","2016.645","Sweden",2016.645,"Europe","Europe","MH674119_Europe_B/C_Sweden_2016.645"
"3069","MN365194","B/C","B","[2016.429:2016.495]","USA",2016.495,"North America","North America","MN365194_North-America_B/C_USA_2016.495"
"3070","MN365196","B/C","B","[2016.497:2016.568]","USA",2016.497,"North America","North America","MN365196_North-America_B/C_USA_2016.497"
"3071","MN259113","B/C","B","[2016.374:2016.997]","USA",2016.997,"North America","North America","MN259113_North-America_B/C_USA_2016.997"
"3072","MN403179","B/C","B","2016.429","Spain",2016.429,"Europe","Europe","MN403179_Europe_B/C_Spain_2016.429"
"3073","MH674134","B/C","B","2016.683","Sweden",2016.683,"Europe","Europe","MH674134_Europe_B/C_Sweden_2016.683"
"3074","KX685068","B/C","B","2016.505","Netherlands",2016.505,"Europe","Europe","KX685068_Europe_B/C_Netherlands_2016.505"
"3075","MN259108","B/C","B","[2016:2016.997]","USA",2016,"North America","North America","MN259108_North-America_B/C_USA_2016"
"3076","KX675261","B/C","B","2016.246","USA",2016.246,"North America","North America","KX675261_North-America_B/C_USA_2016.246"
"3077","MN259107","B/C","B","[2016:2016.997]","USA",2016.329835,"North America","North America","MN259107_North-America_B/C_USA_2016.33"
"3078","KY385881","B/C","B","2016.615","USA",2016.615,"North America","North America","KY385881_North-America_B/C_USA_2016.615"
"3079","KY385887","B/C","B","2016.689","USA",2016.689,"North America","North America","KY385887_North-America_B/C_USA_2016.689"
"3080","MN259115","B/C","B","[2016:2016.997]","USA",2016.522554,"North America","North America","MN259115_North-America_B/C_USA_2016.523"
"3081","KY385890","B/C","B","2016.432","USA",2016.432,"North America","North America","KY385890_North-America_B/C_USA_2016.432"
"3082","MN726767","B/C","B","2016.544","Netherlands",2016.544,"Europe","Europe","MN726767_Europe_B/C_Netherlands_2016.544"
"3083","KX685080","B/C","B","2016.563","Netherlands",2016.563,"Europe","Europe","KX685080_Europe_B/C_Netherlands_2016.563"
"3084","KX685083","B/C","B","2016.577","Netherlands",2016.577,"Europe","Europe","KX685083_Europe_B/C_Netherlands_2016.577"
"3085","KX957758","B/C","B","2016.541","USA",2016.541,"North America","North America","KX957758_North-America_B/C_USA_2016.541"
"3086","MN403163","B/C","B","2016.579","Spain",2016.579,"Europe","Europe","MN403163_Europe_B/C_Spain_2016.579"
"3087","MH674147","B/C","B","2016.658","Sweden",2016.658,"Europe","Europe","MH674147_Europe_B/C_Sweden_2016.658"
"3088","MH674145","B/C","B","2016.658","Sweden",2016.658,"Europe","Europe","MH674145_Europe_B/C_Sweden_2016.658"
"3089","MH674160","B/C","B","2016.689","Sweden",2016.689,"Europe","Europe","MH674160_Europe_B/C_Sweden_2016.689"
"3090","MN403265","B/C","B","2016.773","Spain",2016.773,"Europe","Europe","MN403265_Europe_B/C_Spain_2016.773"
"3091","MH674165","B/C","B","2016.702","Sweden",2016.702,"Europe","Europe","MH674165_Europe_B/C_Sweden_2016.702"
"3092","MN259119","B/C","B","[2016:2016.997]","USA",2016.080251,"North America","North America","MN259119_North-America_B/C_USA_2016.08"
"3093","MN259116","B/C","B","[2016:2016.997]","USA",2016.50863,"North America","North America","MN259116_North-America_B/C_USA_2016.509"
"3094","KX675263","B/C","B","2016.478","USA",2016.478,"North America","North America","KX675263_North-America_B/C_USA_2016.478"
"3095","MN726765","B/C","B","2016.536","Netherlands",2016.536,"Europe","Europe","MN726765_Europe_B/C_Netherlands_2016.536"
"3096","MN259118","B/C","B","[2016:2016.997]","USA",2016.791325,"North America","North America","MN259118_North-America_B/C_USA_2016.791"
"3097","MN162999","B/C","B","2016.571","USA",2016.571,"North America","North America","MN162999_North-America_B/C_USA_2016.571"
"3098","KY385888","B/C","B","2016.691","USA",2016.691,"North America","North America","KY385888_North-America_B/C_USA_2016.691"
"3099","KX685067","B/C","B","2016.495","Netherlands",2016.495,"Europe","Europe","KX685067_Europe_B/C_Netherlands_2016.495"
"3100","KY385886","B/C","B","2016.669","USA",2016.669,"North America","North America","KY385886_North-America_B/C_USA_2016.669"
"3101","KX685084","B/C","B","2016.577","Netherlands",2016.577,"Europe","Europe","KX685084_Europe_B/C_Netherlands_2016.577"
"3102","KX710328","B/C","B","2016.538","Netherlands",2016.538,"Europe","Europe","KX710328_Europe_B/C_Netherlands_2016.538"
"3103","KX685073","B/C","B","2016.538","Netherlands",2016.538,"Europe","Europe","KX685073_Europe_B/C_Netherlands_2016.538"
"3104","MN403108","B/C","B","2016.604","Spain",2016.604,"Europe","Europe","MN403108_Europe_B/C_Spain_2016.604"
"3105","KY385882","B/C","B","2016.623","USA",2016.623,"North America","North America","KY385882_North-America_B/C_USA_2016.623"
"3106","MN726783","B/C","B","2016.708","Netherlands",2016.708,"Europe","Europe","MN726783_Europe_B/C_Netherlands_2016.708"
"3107","KY042026","B/C","B","[2016:2016.997]","Canada",2016.557131,"North America","North America","KY042026_North-America_B/C_Canada_2016.557"
"3108","KX685075","B/C","B","2016.555","Netherlands",2016.555,"Europe","Europe","KX685075_Europe_B/C_Netherlands_2016.555"
"3109","KX685079","B/C","B","2016.563","Netherlands",2016.563,"Europe","Europe","KX685079_Europe_B/C_Netherlands_2016.563"
"3110","KX685081","B/C","B","2016.571","Netherlands",2016.571,"Europe","Europe","KX685081_Europe_B/C_Netherlands_2016.571"
"3111","MF045423","B/C","B","[2015:2015.997]","Vietnam",2015.997,"South-Eastern Asia","External","MF045423_External_B/C_Vietnam_2015.997"
"3112","KY272943","B/C","B","2016.566","France",2016.566,"Europe","Europe","KY272943_Europe_B/C_France_2016.566"
"3113","MG547223","B/C","B","[2016.757:2016.831]","China",2016.831,"Eastern Asia","External","MG547223_External_B/C_China_2016.831"
"3114","MH341716","B/C","B","[2016.582:2016.656]","China",2016.582,"Eastern Asia","External","MH341716_External_B/C_China_2016.582"
"3115","MN726766","B/C","B","2016.546","Netherlands",2016.546,"Europe","Europe","MN726766_Europe_B/C_Netherlands_2016.546"
"3116","MG547189","B/C","B","[2016.59:2016.664]","China",2016.664,"Eastern Asia","External","MG547189_External_B/C_China_2016.664"
"3117","MG547203","B/C","B","[2016.833:2016.904]","China",2016.833,"Eastern Asia","External","MG547203_External_B/C_China_2016.833"
"3118","MK241427","B/C","B","2017.701","China",2017.701,"Eastern Asia","External","MK241427_External_B/C_China_2017.701"
"3119","MK241426","B/C","B","2016.697","China",2016.697,"Eastern Asia","External","MK241426_External_B/C_China_2016.697"
"3120","MK419051","B/C","B","2018.729","USA",2018.729,"North America","North America","MK419051_North-America_B/C_USA_2018.729"
"3121","MZ576302","B/C","B","2018.732","United Kingdom",2018.732,"Europe","Europe","MZ576302_Europe_B/C_United-Kingdom_2018.732"
"3122","MG547202","B/C","B","[2016.749:2016.822]","China",2016.771146,"Eastern Asia","External","MG547202_External_B/C_China_2016.771"
"3123","MG547201","B/C","B","[2016.749:2016.822]","China",2016.771146,"Eastern Asia","External","MG547201_External_B/C_China_2016.771"
"3124","MH341723","B/C","B","[2016.749:2016.822]","China",2016.771146,"Eastern Asia","External","MH341723_External_B/C_China_2016.771"
"3125","MH041323","B/C","B","[2016.749:2016.822]","China",2016.770703,"Eastern Asia","External","MH041323_External_B/C_China_2016.771"
"3126","MH341722","B/C","B","[2016.749:2016.822]","China",2016.770703,"Eastern Asia","External","MH341722_External_B/C_China_2016.771"
"3127","MH041324","B/C","B","[2016.749:2016.822]","China",2016.770703,"Eastern Asia","External","MH041324_External_B/C_China_2016.771"
"3128","KX957754","B/C","B","2016.522","USA",2016.522,"North America","North America","KX957754_North-America_B/C_USA_2016.522"
"3129","MN403178","B/C","B","2016.429","Spain",2016.429,"Europe","Europe","MN403178_Europe_B/C_Spain_2016.429"
"3130","KY272947","B/C","B","2016.623","France",2016.623,"Europe","Europe","KY272947_Europe_B/C_France_2016.623"
"3131","MH674118","B/C","B","2016.642","Sweden",2016.642,"Europe","Europe","MH674118_Europe_B/C_Sweden_2016.642"
"3132","MH307389","B/C","B","2016.587","Spain",2016.587,"Europe","Europe","MH307389_Europe_B/C_Spain_2016.587"
"3133","MH674157","B/C","B","2016.669","Sweden",2016.669,"Europe","Europe","MH674157_Europe_B/C_Sweden_2016.669"
"3134","MH307393","B/C","B","2016.541","Spain",2016.541,"Europe","Europe","MH307393_Europe_B/C_Spain_2016.541"
"3135","MW731857","B/C","B","[2016.667:2016.738]","Germany",2016.667,"Europe","Europe","MW731857_Europe_B/C_Germany_2016.667"
"3136","MW731831","B/C","B","[2016.582:2016.664]","Germany",2016.653876,"Europe","Europe","MW731831_Europe_B/C_Germany_2016.654"
"3137","MW731847","B/C","B","[2016.582:2016.664]","Germany",2016.654753,"Europe","Europe","MW731847_Europe_B/C_Germany_2016.655"
"3138","MF073335","B/C","B","2016.429","Italy",2016.429,"Europe","Europe","MF073335_Europe_B/C_Italy_2016.429"
"3139","MF073336","B/C","B","2016.467","Italy",2016.467,"Europe","Europe","MF073336_Europe_B/C_Italy_2016.467"
"3140","MH307371","B/C","B","2016.347","Spain",2016.347,"Europe","Europe","MH307371_Europe_B/C_Spain_2016.347"
"3141","MH307372","B/C","B","2016.322","Spain",2016.322,"Europe","Europe","MH307372_Europe_B/C_Spain_2016.322"
"3142","MH307390","B/C","B","2016.596","Spain",2016.596,"Europe","Europe","MH307390_Europe_B/C_Spain_2016.596"
"3143","MH307391","B/C","B","2016.454","Spain",2016.454,"Europe","Europe","MH307391_Europe_B/C_Spain_2016.454"
"3144","KX830905","B/C","B","[2016.415:2016.495]","Germany",2016.444783,"Europe","Europe","KX830905_Europe_B/C_Germany_2016.445"
"3145","MH307388","B/C","B","2016.464","Spain",2016.464,"Europe","Europe","MH307388_Europe_B/C_Spain_2016.464"
"3146","MH307376","B/C","B","2016.314","Spain",2016.314,"Europe","Europe","MH307376_Europe_B/C_Spain_2016.314"
"3147","MH307383","B/C","B","2016.563","Spain",2016.563,"Europe","Europe","MH307383_Europe_B/C_Spain_2016.563"
"3148","KX830907","B/C","B","[2016.497:2016.579]","Germany",2016.579,"Europe","Europe","KX830907_Europe_B/C_Germany_2016.579"
"3149","MH674127","B/C","B","2016.664","Sweden",2016.664,"Europe","Europe","MH674127_Europe_B/C_Sweden_2016.664"
"3150","MH674153","B/C","B","2016.664","Sweden",2016.664,"Europe","Europe","MH674153_Europe_B/C_Sweden_2016.664"
"3151","MH674130","B/C","B","2016.675","Sweden",2016.675,"Europe","Europe","MH674130_Europe_B/C_Sweden_2016.675"
"3152","MH674120","B/C","B","2016.648","Sweden",2016.648,"Europe","Europe","MH674120_Europe_B/C_Sweden_2016.648"
"3153","MH674156","B/C","B","2016.667","Sweden",2016.667,"Europe","Europe","MH674156_Europe_B/C_Sweden_2016.667"
"3154","MH307407","B/C","B","2016.448","Spain",2016.448,"Europe","Europe","MH307407_Europe_B/C_Spain_2016.448"
"3155","MH674144","B/C","B","2016.658","Sweden",2016.658,"Europe","Europe","MH674144_Europe_B/C_Sweden_2016.658"
"3156","KY272950","B/C","B","2016.675","France",2016.675,"Europe","Europe","KY272950_Europe_B/C_France_2016.675"
"3157","KX830906","B/C","B","[2016.497:2016.579]","Germany",2016.579,"Europe","Europe","KX830906_Europe_B/C_Germany_2016.579"
"3158","KY272932","B/C","B","2016.497","France",2016.497,"Europe","Europe","KY272932_Europe_B/C_France_2016.497"
"3159","MH674136","B/C","B","2016.689","Sweden",2016.689,"Europe","Europe","MH674136_Europe_B/C_Sweden_2016.689"
"3160","MN726772","B/C","B","2016.661","Netherlands",2016.661,"Europe","Europe","MN726772_Europe_B/C_Netherlands_2016.661"
"3161","MH307384","B/C","B","2016.451","Spain",2016.451,"Europe","Europe","MH307384_Europe_B/C_Spain_2016.451"
"3162","MH307368","B/C","B","2016.404","Spain",2016.404,"Europe","Europe","MH307368_Europe_B/C_Spain_2016.404"
"3163","MH307367","B/C","B","2016.369","Spain",2016.369,"Europe","Europe","MH307367_Europe_B/C_Spain_2016.369"
"3164","MH307395","B/C","B","2016.415","Spain",2016.415,"Europe","Europe","MH307395_Europe_B/C_Spain_2016.415"
"3165","MH307404","B/C","B","2016.298","Spain",2016.298,"Europe","Europe","MH307404_Europe_B/C_Spain_2016.298"
"3166","MH307369","B/C","B","2016.199","Spain",2016.199,"Europe","Europe","MH307369_Europe_B/C_Spain_2016.199"
"3167","MH307365","B/C","B","2016.396","Spain",2016.396,"Europe","Europe","MH307365_Europe_B/C_Spain_2016.396"
"3168","MH307392","B/C","B","2016.47","Spain",2016.47,"Europe","Europe","MH307392_Europe_B/C_Spain_2016.47"
"3169","MH307386","B/C","B","2016.437","Spain",2016.437,"Europe","Europe","MH307386_Europe_B/C_Spain_2016.437"
"3170","KX530787","B/C","B","2016.475","Spain",2016.475,"Europe","Europe","KX530787_Europe_B/C_Spain_2016.475"
"3171","MH307377","B/C","B","2016.336","Spain",2016.336,"Europe","Europe","MH307377_Europe_B/C_Spain_2016.336"
"3172","MH307374","B/C","B","2016.377","Spain",2016.377,"Europe","Europe","MH307374_Europe_B/C_Spain_2016.377"
"3173","MN726784","B/C","B","2016.713","Netherlands",2016.713,"Europe","Europe","MN726784_Europe_B/C_Netherlands_2016.713"
"3174","MH307382","B/C","B","2016.481","Spain",2016.481,"Europe","Europe","MH307382_Europe_B/C_Spain_2016.481"
"3175","MH307402","B/C","B","2016.467","Spain",2016.467,"Europe","Europe","MH307402_Europe_B/C_Spain_2016.467"
"3176","MH307405","B/C","B","2016.486","Spain",2016.486,"Europe","Europe","MH307405_Europe_B/C_Spain_2016.486"
"3177","MH307379","B/C","B","2016.331","Spain",2016.331,"Europe","Europe","MH307379_Europe_B/C_Spain_2016.331"
"3178","MH307385","B/C","B","2016.489","Spain",2016.489,"Europe","Europe","MH307385_Europe_B/C_Spain_2016.489"
"3179","MH307387","B/C","B","2016.437","Spain",2016.437,"Europe","Europe","MH307387_Europe_B/C_Spain_2016.437"
"3180","MH307396","B/C","B","2016.421","Spain",2016.421,"Europe","Europe","MH307396_Europe_B/C_Spain_2016.421"
"3181","MH307397","B/C","B","2016.486","Spain",2016.486,"Europe","Europe","MH307397_Europe_B/C_Spain_2016.486"
"3182","MH307399","B/C","B","2016.459","Spain",2016.459,"Europe","Europe","MH307399_Europe_B/C_Spain_2016.459"
"3183","MG739637","B/C","B","2015.871","Hong Kong",2015.871,"Eastern Asia","External","MG739637_External_B/C_Hong-Kong_2015.871"
"3184","LC203580","B/C","B","[2015:2015.997]","Japan",2015,"Eastern Asia","External","LC203580_External_B/C_Japan_2015"
"3185","LC203542","B/C","B","[2015:2015.997]","Japan",2015,"Eastern Asia","External","LC203542_External_B/C_Japan_2015"
"3186","LC203556","B/C","B","[2015:2015.595]","Japan",2015,"Eastern Asia","External","LC203556_External_B/C_Japan_2015"
"3187","LC203571","B/C","B","[2015:2015.997]","Japan",2015,"Eastern Asia","External","LC203571_External_B/C_Japan_2015"
"3188","LC203555","B/C","B","[2015:2015.595]","Japan",2015,"Eastern Asia","External","LC203555_External_B/C_Japan_2015"
"3189","LC203572","B/C","B","[2015:2015.997]","Japan",2015.05963,"Eastern Asia","External","LC203572_External_B/C_Japan_2015.06"
"3190","KX830926","B/C","B","[2016.497:2016.579]","Germany",2016.579,"Europe","Europe","KX830926_Europe_B/C_Germany_2016.579"
"3191","LC200970","B/C","B","[2015.748:2015.83]","Japan",2015.83,"Eastern Asia","External","LC200970_External_B/C_Japan_2015.83"
"3192","LC203570","B/C","B","[2015:2015.997]","Japan",2015.514938,"Eastern Asia","External","LC203570_External_B/C_Japan_2015.515"
"3193","KX789264","B/C","B","[2015.666:2015.737]","Japan",2015.666,"Eastern Asia","External","KX789264_External_B/C_Japan_2015.666"
"3194","LC203565","B/C","B","[2015:2015.997]","Japan",2015.548011,"Eastern Asia","External","LC203565_External_B/C_Japan_2015.548"
"3195","KX789224","B/C","B","[2015.674:2015.745]","Japan",2015.745,"Eastern Asia","External","KX789224_External_B/C_Japan_2015.745"
"3196","KX789223","B/C","B","[2015.666:2015.737]","Japan",2015.666,"Eastern Asia","External","KX789223_External_B/C_Japan_2015.666"
"3197","LC107889","B/C","B","2015.704","Japan",2015.704,"Eastern Asia","External","LC107889_External_B/C_Japan_2015.704"
"3198","LC107900","B/C","B","2015.71","Japan",2015.71,"Eastern Asia","External","LC107900_External_B/C_Japan_2015.71"
"3199","LC203544","B/C","B","[2015:2015.997]","Japan",2015.766218,"Eastern Asia","External","LC203544_External_B/C_Japan_2015.766"
"3200","LC203550","B/C","B","[2015:2015.997]","Japan",2015.766218,"Eastern Asia","External","LC203550_External_B/C_Japan_2015.766"
"3201","LC200973","B/C","B","[2015.748:2015.83]","Japan",2015.748,"Eastern Asia","External","LC200973_External_B/C_Japan_2015.748"
"3202","KX830890","B/C","B","[2016.085:2016.161]","Germany",2016.137435,"Europe","Europe","KX830890_Europe_B/C_Germany_2016.137"
"3203","KX830891","B/C","B","[2016.085:2016.161]","Germany",2016.137435,"Europe","Europe","KX830891_Europe_B/C_Germany_2016.137"
"3204","MH341720","B/C","B","[2016.593:2016.664]","China",2016.664,"Eastern Asia","External","MH341720_External_B/C_China_2016.664"
"3205","MG547199","B/C","B","[2016.667:2016.738]","China",2016.667,"Eastern Asia","External","MG547199_External_B/C_China_2016.667"
"3206","MK241425","B/C","B","2016.475","China",2016.475,"Eastern Asia","External","MK241425_External_B/C_China_2016.475"
"3207","MK241430","B/C","B","2017.742","China",2017.742,"Eastern Asia","External","MK241430_External_B/C_China_2017.742"
"3208","MZ824219","B/C","B","2018.671","China",2018.671,"Eastern Asia","External","MZ824219_External_B/C_China_2018.671"
"3209","MZ824215","B/C","B","2018.447","China",2018.447,"Eastern Asia","External","MZ824215_External_B/C_China_2018.447"
"3210","LC627044","B/C","B","2018.773","Japan",2018.773,"Eastern Asia","External","LC627044_External_B/C_Japan_2018.773"
"3211","LC627054","B/C","B","2018.792","Japan",2018.792,"Eastern Asia","External","LC627054_External_B/C_Japan_2018.792"
"3212","LC627055","B/C","B","2018.849","Japan",2018.849,"Eastern Asia","External","LC627055_External_B/C_Japan_2018.849"
"3213","LC515242","B/C","B","2018.805","Japan",2018.805,"Eastern Asia","External","LC515242_External_B/C_Japan_2018.805"
"3214","KX789222","B/C","B","[2015.674:2015.745]","Japan",2015.745,"Eastern Asia","External","KX789222_External_B/C_Japan_2015.745"
"3215","MH341715","B/C","B","[2016.582:2016.664]","China",2016.603,"Eastern Asia","External","MH341715_External_B/C_China_2016.603"
"3216","MG547190","B/C","B","[2016.582:2016.664]","China",2016.603,"Eastern Asia","External","MG547190_External_B/C_China_2016.603"
"3217","LC107898","B/C","B","2015.597","Japan",2015.597,"Eastern Asia","External","LC107898_External_B/C_Japan_2015.597"
"3218","LC203567","B/C","B","[2015:2015.997]","Japan",2015.401973,"Eastern Asia","External","LC203567_External_B/C_Japan_2015.402"
"3219","LC203552","B/C","B","[2015:2015.997]","Japan",2015.949368,"Eastern Asia","External","LC203552_External_B/C_Japan_2015.949"
"3220","LC203560","B/C","B","[2015:2015.997]","Japan",2015.694354,"Eastern Asia","External","LC203560_External_B/C_Japan_2015.694"
"3221","LC203538","B/C","B","[2015:2015.997]","Japan",2015.694354,"Eastern Asia","External","LC203538_External_B/C_Japan_2015.694"
"3222","LC203547","B/C","B","[2015:2015.997]","Japan",2015.296566,"Eastern Asia","External","LC203547_External_B/C_Japan_2015.297"
"3223","LC200961","B/C","B","[2015.666:2015.745]","Japan",2015.745,"Eastern Asia","External","LC200961_External_B/C_Japan_2015.745"
"3224","MH341712","B/C","B","[2016.497:2016.571]","China",2016.515237,"Eastern Asia","External","MH341712_External_B/C_China_2016.515"
"3225","LC200974","B/C","B","[2015.666:2015.737]","Japan",2015.737,"Eastern Asia","External","LC200974_External_B/C_Japan_2015.737"
"3226","KX789267","B/C","B","[2015.666:2015.745]","Japan",2015.684118,"Eastern Asia","External","KX789267_External_B/C_Japan_2015.684"
"3227","KX789265","B/C","B","[2015.666:2015.745]","Japan",2015.684771,"Eastern Asia","External","KX789265_External_B/C_Japan_2015.685"
"3228","MG739632","B/C","B","2015.756","Hong Kong",2015.756,"Eastern Asia","External","MG739632_External_B/C_Hong-Kong_2015.756"
"3229","MG739634","B/C","B","2015.781","Hong Kong",2015.781,"Eastern Asia","External","MG739634_External_B/C_Hong-Kong_2015.781"
"3230","MG739635","B/C","B","2015.784","Hong Kong",2015.784,"Eastern Asia","External","MG739635_External_B/C_Hong-Kong_2015.784"
"3231","KU982558","B/C","B","[2015.833:2015.912]","China",2015.912,"Eastern Asia","External","KU982558_External_B/C_China_2015.912"
"3232","MH341721","B/C","B","[2016.667:2016.738]","China",2016.667,"Eastern Asia","External","MH341721_External_B/C_China_2016.667"
"3233","LC200954","B/C","B","[2015.666:2015.745]","Japan",2015.689433,"Eastern Asia","External","LC200954_External_B/C_Japan_2015.689"
"3234","LC200964","B/C","B","[2015.666:2015.745]","Japan",2015.689433,"Eastern Asia","External","LC200964_External_B/C_Japan_2015.689"
"3235","LC200960","B/C","B","[2015.666:2015.737]","Japan",2015.737,"Eastern Asia","External","LC200960_External_B/C_Japan_2015.737"
"3236","MG547221","B/C","B","[2016.749:2016.822]","China",2016.749,"Eastern Asia","External","MG547221_External_B/C_China_2016.749"
"3237","LC203561","B/C","B","[2015:2015.997]","Japan",2015.146816,"Eastern Asia","External","LC203561_External_B/C_Japan_2015.147"
"3238","LC203575","B/C","B","[2015:2015.997]","Japan",2015.547519,"Eastern Asia","External","LC203575_External_B/C_Japan_2015.548"
"3239","LC627053","B/C","B","2015.767","Japan",2015.767,"Eastern Asia","External","LC627053_External_B/C_Japan_2015.767"
"3240","LC107901","B/C","B","2015.712","Japan",2015.712,"Eastern Asia","External","LC107901_External_B/C_Japan_2015.712"
"3241","MG739633","B/C","B","2015.767","Hong Kong",2015.767,"Eastern Asia","External","MG739633_External_B/C_Hong-Kong_2015.767"
"3242","LC200969","B/C","B","[2015.748:2015.822]","Japan",2015.748,"Eastern Asia","External","LC200969_External_B/C_Japan_2015.748"
"3243","LC203545","B/C","B","[2015:2015.997]","Japan",2015.997,"Eastern Asia","External","LC203545_External_B/C_Japan_2015.997"
"3244","LC203564","B/C","B","[2015:2015.997]","Japan",2015.997,"Eastern Asia","External","LC203564_External_B/C_Japan_2015.997"
"3245","LC200956","B/C","B","[2015.666:2015.737]","Japan",2015.718451,"Eastern Asia","External","LC200956_External_B/C_Japan_2015.718"
"3246","LC200959","B/C","B","[2015.666:2015.745]","Japan",2015.666,"Eastern Asia","External","LC200959_External_B/C_Japan_2015.666"
"3247","LC107894","B/C","B","2015.797","Japan",2015.797,"Eastern Asia","External","LC107894_External_B/C_Japan_2015.797"
"3248","LC200966","B/C","B","[2015.666:2015.745]","Japan",2015.666,"Eastern Asia","External","LC200966_External_B/C_Japan_2015.666"
"3249","LC107899","B/C","B","2015.693","Japan",2015.693,"Eastern Asia","External","LC107899_External_B/C_Japan_2015.693"
"3250","MG547191","B/C","B","[2016.582:2016.656]","China",2016.656,"Eastern Asia","External","MG547191_External_B/C_China_2016.656"
"3251","MK241423","B/C","B","2016.257","China",2016.257,"Eastern Asia","External","MK241423_External_B/C_China_2016.257"
"3252","MH780676","B/C","B","[2015:2015.997]","Hong Kong",2015.523892,"Eastern Asia","External","MH780676_External_B/C_Hong-Kong_2015.524"
"3253","MG739638","B/C","B","2015.934","Hong Kong",2015.934,"Eastern Asia","External","MG739638_External_B/C_Hong-Kong_2015.934"
"3254","LC203568","B/C","B","[2015:2015.997]","Japan",2015.522902,"Eastern Asia","External","LC203568_External_B/C_Japan_2015.523"
"3255","LC203554","B/C","B","[2015:2015.997]","Japan",2015.642952,"Eastern Asia","External","LC203554_External_B/C_Japan_2015.643"
"3256","LC107891","B/C","B","2015.767","Japan",2015.767,"Eastern Asia","External","LC107891_External_B/C_Japan_2015.767"
"3257","LC203562","B/C","B","[2015:2015.997]","Japan",2015.918139,"Eastern Asia","External","LC203562_External_B/C_Japan_2015.918"
"3258","LC200971","B/C","B","[2015.748:2015.83]","Japan",2015.748,"Eastern Asia","External","LC200971_External_B/C_Japan_2015.748"
"3259","LC200972","B/C","B","[2015.748:2015.83]","Japan",2015.748,"Eastern Asia","External","LC200972_External_B/C_Japan_2015.748"
"3260","LC200975","B/C","B","[2015.748:2015.822]","Japan",2015.822,"Eastern Asia","External","LC200975_External_B/C_Japan_2015.822"
"3261","LC200955","B/C","B","[2015.666:2015.745]","Japan",2015.683221,"Eastern Asia","External","LC200955_External_B/C_Japan_2015.683"
"3262","LC200962","B/C","B","[2015.666:2015.745]","Japan",2015.682455,"Eastern Asia","External","LC200962_External_B/C_Japan_2015.682"
"3263","LC200963","B/C","B","[2015.666:2015.737]","Japan",2015.737,"Eastern Asia","External","LC200963_External_B/C_Japan_2015.737"
"3264","LC200957","B/C","B","[2015.666:2015.737]","Japan",2015.666,"Eastern Asia","External","LC200957_External_B/C_Japan_2015.666"
"3265","MG739636","B/C","B","2015.86","Hong Kong",2015.86,"Eastern Asia","External","MG739636_External_B/C_Hong-Kong_2015.86"
"3266","KY272960","B/C","B","2016.844","France",2016.844,"Europe","Europe","KY272960_Europe_B/C_France_2016.844"
"3267","MF073353","B/C","B","2016.773","Italy",2016.773,"Europe","Europe","MF073353_Europe_B/C_Italy_2016.773"
"3268","KY358059","B/C","B","2016.628","Taiwan",2016.628,"Eastern Asia","External","KY358059_External_B/C_Taiwan_2016.628"
"3269","MH780682","B/C","B","[2016:2016.997]","Hong Kong",2016.594151,"Eastern Asia","External","MH780682_External_B/C_Hong-Kong_2016.594"
"3270","MN403139","B/C","B","2016.148","Spain",2016.148,"Europe","Europe","MN403139_Europe_B/C_Spain_2016.148"
"3271","MN403109","B/C","B","2016.593","Spain",2016.593,"Europe","Europe","MN403109_Europe_B/C_Spain_2016.593"
"3272","MK371394","B/C","B","[2017.748:2017.822]","Taiwan",2017.748,"Eastern Asia","External","MK371394_External_B/C_Taiwan_2017.748"
"3273","OR179057","B/C","B","2018.836","Netherlands",2018.836,"Europe","Europe","OR179057_Europe_B/C_Netherlands_2018.836"
"3274","MH780688","B/C","B","[2017:2017.997]","Hong Kong",2017.997,"Eastern Asia","External","MH780688_External_B/C_Hong-Kong_2017.997"
"3275","MN018252","B/C","B","2018.658","United Kingdom",2018.658,"Europe","Europe","MN018252_Europe_B/C_United-Kingdom_2018.658"
"3276","MK377406","B/C","B","2018.658","United Kingdom",2018.658,"Europe","Europe","MK377406_Europe_B/C_United-Kingdom_2018.658"
"3277","LC627051","B/C","B","2018.786","Japan",2018.786,"Eastern Asia","External","LC627051_External_B/C_Japan_2018.786"
"3278","LC627052","B/C","B","2018.874","Japan",2018.874,"Eastern Asia","External","LC627052_External_B/C_Japan_2018.874"
"3279","LC515247","B/C","B","2018.811","Japan",2018.811,"Eastern Asia","External","LC515247_External_B/C_Japan_2018.811"
"3280","MN018250","B/C","B","2018.734","United Kingdom",2018.734,"Europe","Europe","MN018250_Europe_B/C_United-Kingdom_2018.734"
"3281","MN018246","B/C","B","2018.658","United Kingdom",2018.658,"Europe","Europe","MN018246_Europe_B/C_United-Kingdom_2018.658"
"3282","MK377399","B/C","B","2018.658","United Kingdom",2018.658,"Europe","Europe","MK377399_Europe_B/C_United-Kingdom_2018.658"
"3283","MZ576331","B/C","B","2018.8","United Kingdom",2018.8,"Europe","Europe","MZ576331_Europe_B/C_United-Kingdom_2018.8"
"3284","MN245400","B/C","B","2018.797","Belgium",2018.797,"Europe","Europe","MN245400_Europe_B/C_Belgium_2018.797"
"3285","OR179051","B/C","B","2018.74","Netherlands",2018.74,"Europe","Europe","OR179051_Europe_B/C_Netherlands_2018.74"
"3286","MT789740","B/C","B","2018.789","France",2018.789,"Europe","Europe","MT789740_Europe_B/C_France_2018.789"
"3287","MT789738","B/C","B","2018.923","France",2018.923,"Europe","Europe","MT789738_Europe_B/C_France_2018.923"
"3288","MT641433","B/C","B","2018.69","United Kingdom",2018.69,"Europe","Europe","MT641433_Europe_B/C_United-Kingdom_2018.69"
"3289","MZ576288","B/C","B","2018.69","United Kingdom",2018.69,"Europe","Europe","MZ576288_Europe_B/C_United-Kingdom_2018.69"
"3290","MZ576291","B/C","B","2018.701","United Kingdom",2018.701,"Europe","Europe","MZ576291_Europe_B/C_United-Kingdom_2018.701"
"3291","MZ576335","B/C","B","2018.811","United Kingdom",2018.811,"Europe","Europe","MZ576335_Europe_B/C_United-Kingdom_2018.811"
"3292","OK085435","B/C","B","[2019.085:2019.159]","Australia",2019.085,"Australia and New Zealand","External","OK085435_External_B/C_Australia_2019.085"
"3293","MN018247","B/C","B","2018.693","United Kingdom",2018.693,"Europe","Europe","MN018247_Europe_B/C_United-Kingdom_2018.693"
"3294","MK377393","B/C","B","2018.693","United Kingdom",2018.693,"Europe","Europe","MK377393_Europe_B/C_United-Kingdom_2018.693"
"3295","MN245447","B/C","B","2018.805","Sweden",2018.805,"Europe","Europe","MN245447_Europe_B/C_Sweden_2018.805"
"3296","MT789743","B/C","B","2018.775","France",2018.775,"Europe","Europe","MT789743_Europe_B/C_France_2018.775"
"3297","MZ576340","B/C","B","2018.805","United Kingdom",2018.805,"Europe","Europe","MZ576340_Europe_B/C_United-Kingdom_2018.805"
"3298","MK121717","B/C","B","2018.712","France",2018.712,"Europe","Europe","MK121717_Europe_B/C_France_2018.712"
"3299","MN245444","B/C","B","2018.729","Sweden",2018.729,"Europe","Europe","MN245444_Europe_B/C_Sweden_2018.729"
"3300","MN245448","B/C","B","2018.836","Sweden",2018.836,"Europe","Europe","MN245448_Europe_B/C_Sweden_2018.836"
"3301","MT641436","B/C","B","2018.69","United Kingdom",2018.69,"Europe","Europe","MT641436_Europe_B/C_United-Kingdom_2018.69"
"3302","MN245396","B/C","B","2018.767","Belgium",2018.767,"Europe","Europe","MN245396_Europe_B/C_Belgium_2018.767"
"3303","MN245397","B/C","B","2018.737","Belgium",2018.737,"Europe","Europe","MN245397_Europe_B/C_Belgium_2018.737"
"3304","MT789741","B/C","B","2018.69","France",2018.69,"Europe","Europe","MT789741_Europe_B/C_France_2018.69"
"3305","MZ576343","B/C","B","2018.855","United Kingdom",2018.855,"Europe","Europe","MZ576343_Europe_B/C_United-Kingdom_2018.855"
"3306","MZ576324","B/C","B","2018.773","United Kingdom",2018.773,"Europe","Europe","MZ576324_Europe_B/C_United-Kingdom_2018.773"
"3307","MZ576320","B/C","B","2018.764","United Kingdom",2018.764,"Europe","Europe","MZ576320_Europe_B/C_United-Kingdom_2018.764"
"3308","MK790106","B/C","B","[2018.841:2018.912]","Italy",2018.841,"Europe","Europe","MK790106_Europe_B/C_Italy_2018.841"
"3309","MK121719","B/C","B","2018.707","France",2018.707,"Europe","Europe","MK121719_Europe_B/C_France_2018.707"
"3310","MN245418","B/C","B","2018.732","Spain",2018.732,"Europe","Europe","MN245418_Europe_B/C_Spain_2018.732"
"3311","MT641438","B/C","B","2018.715","United Kingdom",2018.715,"Europe","Europe","MT641438_Europe_B/C_United-Kingdom_2018.715"
"3312","MT789744","B/C","B","2018.984","France",2018.984,"Europe","Europe","MT789744_Europe_B/C_France_2018.984"
"3313","MN245415","B/C","B","2018.715","Spain",2018.715,"Europe","Europe","MN245415_Europe_B/C_Spain_2018.715"
"3314","MZ576315","B/C","B","2018.759","United Kingdom",2018.759,"Europe","Europe","MZ576315_Europe_B/C_United-Kingdom_2018.759"
"3315","MW664345","B/C","B","2018.715","United Kingdom",2018.715,"Europe","Europe","MW664345_Europe_B/C_United-Kingdom_2018.715"
"3316","MW664344","B/C","B","2018.69","United Kingdom",2018.69,"Europe","Europe","MW664344_Europe_B/C_United-Kingdom_2018.69"
"3317","MN245404","B/C","B","2018.753","Belgium",2018.753,"Europe","Europe","MN245404_Europe_B/C_Belgium_2018.753"
"3318","MN245425","B/C","B","2018.836","Spain",2018.836,"Europe","Europe","MN245425_Europe_B/C_Spain_2018.836"
"3319","OR365028","B/C","B","[2018.833:2018.912]","Slovenia",2018.833,"Europe","Europe","OR365028_Europe_B/C_Slovenia_2018.833"
"3320","MT641415","B/C","B","2018.54","United Kingdom",2018.54,"Europe","Europe","MT641415_Europe_B/C_United-Kingdom_2018.54"
"3321","MZ576289","B/C","B","2018.701","United Kingdom",2018.701,"Europe","Europe","MZ576289_Europe_B/C_United-Kingdom_2018.701"
"3322","MZ576292","B/C","B","2018.701","United Kingdom",2018.701,"Europe","Europe","MZ576292_Europe_B/C_United-Kingdom_2018.701"
"3323","MZ576295","B/C","B","2018.715","United Kingdom",2018.715,"Europe","Europe","MZ576295_Europe_B/C_United-Kingdom_2018.715"
"3324","MN245409","B/C","B","2018.677","Switzerland",2018.677,"Europe","Europe","MN245409_Europe_B/C_Switzerland_2018.677"
"3325","MT641448","B/C","B","2018.74","United Kingdom",2018.74,"Europe","Europe","MT641448_Europe_B/C_United-Kingdom_2018.74"
"3326","MT641450","B/C","B","2018.74","United Kingdom",2018.74,"Europe","Europe","MT641450_Europe_B/C_United-Kingdom_2018.74"
"3327","OR365026","B/C","B","[2018.666:2018.745]","Slovenia",2018.666,"Europe","Europe","OR365026_Europe_B/C_Slovenia_2018.666"
"3328","MZ576344","B/C","B","2018.863","United Kingdom",2018.863,"Europe","Europe","MZ576344_Europe_B/C_United-Kingdom_2018.863"
"3329","OR179059","B/C","B","2018.879","Netherlands",2018.879,"Europe","Europe","OR179059_Europe_B/C_Netherlands_2018.879"
"3330","MT789739","B/C","B","2018.767","France",2018.767,"Europe","Europe","MT789739_Europe_B/C_France_2018.767"
"3331","MN018249","B/C","B","2018.734","United Kingdom",2018.734,"Europe","Europe","MN018249_Europe_B/C_United-Kingdom_2018.734"
"3332","MT789748","B/C","B","2018.701","France",2018.701,"Europe","Europe","MT789748_Europe_B/C_France_2018.701"
"3333","MZ576311","B/C","B","2018.748","United Kingdom",2018.748,"Europe","Europe","MZ576311_Europe_B/C_United-Kingdom_2018.748"
"3334","MZ576329","B/C","B","2018.786","United Kingdom",2018.786,"Europe","Europe","MZ576329_Europe_B/C_United-Kingdom_2018.786"
"3335","MZ576287","B/C","B","2018.688","United Kingdom",2018.688,"Europe","Europe","MZ576287_Europe_B/C_United-Kingdom_2018.688"
"3336","MZ576290","B/C","B","2018.701","United Kingdom",2018.701,"Europe","Europe","MZ576290_Europe_B/C_United-Kingdom_2018.701"
"3337","MZ576314","B/C","B","2018.756","United Kingdom",2018.756,"Europe","Europe","MZ576314_Europe_B/C_United-Kingdom_2018.756"
"3338","MZ576313","B/C","B","2018.756","United Kingdom",2018.756,"Europe","Europe","MZ576313_Europe_B/C_United-Kingdom_2018.756"
"3339","MZ576345","B/C","B","2018.879","United Kingdom",2018.879,"Europe","Europe","MZ576345_Europe_B/C_United-Kingdom_2018.879"
"3340","MN245412","B/C","B","2018.671","Spain",2018.671,"Europe","Europe","MN245412_Europe_B/C_Spain_2018.671"
"3341","MK377401","B/C","B","2018.83","United Kingdom",2018.83,"Europe","Europe","MK377401_Europe_B/C_United-Kingdom_2018.83"
"3342","MN018248","B/C","B","2018.83","United Kingdom",2018.83,"Europe","Europe","MN018248_Europe_B/C_United-Kingdom_2018.83"
"3343","MN018251","B/C","B","2018.83","United Kingdom",2018.83,"Europe","Europe","MN018251_Europe_B/C_United-Kingdom_2018.83"
"3344","MZ576327","B/C","B","2018.781","United Kingdom",2018.781,"Europe","Europe","MZ576327_Europe_B/C_United-Kingdom_2018.781"
"3345","MZ576321","B/C","B","2018.77","United Kingdom",2018.77,"Europe","Europe","MZ576321_Europe_B/C_United-Kingdom_2018.77"
"3346","MZ576296","B/C","B","2018.712","United Kingdom",2018.712,"Europe","Europe","MZ576296_Europe_B/C_United-Kingdom_2018.712"
"3347","MZ576304","B/C","B","2018.734","United Kingdom",2018.734,"Europe","Europe","MZ576304_Europe_B/C_United-Kingdom_2018.734"
"3348","MW664343","B/C","B","2018.671","United Kingdom",2018.671,"Europe","Europe","MW664343_Europe_B/C_United-Kingdom_2018.671"
"3349","MT641446","B/C","B","2018.734","United Kingdom",2018.734,"Europe","Europe","MT641446_Europe_B/C_United-Kingdom_2018.734"
"3350","MZ576328","B/C","B","2018.786","United Kingdom",2018.786,"Europe","Europe","MZ576328_Europe_B/C_United-Kingdom_2018.786"
"3351","MZ576312","B/C","B","2018.751","United Kingdom",2018.751,"Europe","Europe","MZ576312_Europe_B/C_United-Kingdom_2018.751"
"3352","MZ576339","B/C","B","2018.819","United Kingdom",2018.819,"Europe","Europe","MZ576339_Europe_B/C_United-Kingdom_2018.819"
"3353","MZ576341","B/C","B","2018.827","United Kingdom",2018.827,"Europe","Europe","MZ576341_Europe_B/C_United-Kingdom_2018.827"
"3354","OL687540","B/C","B","2018.77","United Kingdom",2018.77,"Europe","Europe","OL687540_Europe_B/C_United-Kingdom_2018.77"
"3355","MZ576330","B/C","B","2018.786","United Kingdom",2018.786,"Europe","Europe","MZ576330_Europe_B/C_United-Kingdom_2018.786"
"3356","OR365027","B/C","B","[2018.748:2018.83]","Slovenia",2018.748,"Europe","Europe","OR365027_Europe_B/C_Slovenia_2018.748"
"3357","MW664346","B/C","B","2018.74","United Kingdom",2018.74,"Europe","Europe","MW664346_Europe_B/C_United-Kingdom_2018.74"
"3358","MN245417","B/C","B","2018.729","Spain",2018.729,"Europe","Europe","MN245417_Europe_B/C_Spain_2018.729"
"3359","MN245414","B/C","B","2018.715","Spain",2018.715,"Europe","Europe","MN245414_Europe_B/C_Spain_2018.715"
"3360","MZ576325","B/C","B","2018.773","United Kingdom",2018.773,"Europe","Europe","MZ576325_Europe_B/C_United-Kingdom_2018.773"
"3361","MK121726","B/C","B","2018.729","France",2018.729,"Europe","Europe","MK121726_Europe_B/C_France_2018.729"
"3362","OR179053","B/C","B","2018.748","Netherlands",2018.748,"Europe","Europe","OR179053_Europe_B/C_Netherlands_2018.748"
"3363","MN245441","B/C","B","2018.748","Netherlands",2018.748,"Europe","Europe","MN245441_Europe_B/C_Netherlands_2018.748"
"3364","MN245423","B/C","B","2018.795","Spain",2018.795,"Europe","Europe","MN245423_Europe_B/C_Spain_2018.795"
"3365","MZ576294","B/C","B","2018.712","United Kingdom",2018.712,"Europe","Europe","MZ576294_Europe_B/C_United-Kingdom_2018.712"
"3366","MH674131","B/C","B","2016.675","Sweden",2016.675,"Europe","Europe","MH674131_Europe_B/C_Sweden_2016.675"
"3367","MN403214","B/C","B","2016.489","Spain",2016.489,"Europe","Europe","MN403214_Europe_B/C_Spain_2016.489"
"3368","MN403193","B/C","B","2016.451","Spain",2016.451,"Europe","Europe","MN403193_Europe_B/C_Spain_2016.451"
"3369","MW731853","B/C","B","[2016.667:2016.738]","Germany",2016.667,"Europe","Europe","MW731853_Europe_B/C_Germany_2016.667"
"3370","KX830924","B/C","B","[2016.429:2016.495]","Germany",2016.495,"Europe","Europe","KX830924_Europe_B/C_Germany_2016.495"
"3371","KX830925","B/C","B","[2016.497:2016.579]","Germany",2016.575954,"Europe","Europe","KX830925_Europe_B/C_Germany_2016.576"
"3372","OR365017","B/C","B","[2016.667:2016.746]","Slovenia",2016.746,"Europe","Europe","OR365017_Europe_B/C_Slovenia_2016.746"
"3373","MW731854","B/C","B","[2016.675:2016.746]","Germany",2016.746,"Europe","Europe","MW731854_Europe_B/C_Germany_2016.746"
"3374","KY272945","B/C","B","2016.579","France",2016.579,"Europe","Europe","KY272945_Europe_B/C_France_2016.579"
"3375","KY272946","B/C","B","2016.579","France",2016.579,"Europe","Europe","KY272946_Europe_B/C_France_2016.579"
"3376","MW731856","B/C","B","[2016.667:2016.738]","Germany",2016.667,"Europe","Europe","MW731856_Europe_B/C_Germany_2016.667"
"3377","KY272921","B/C","B","2016.475","France",2016.475,"Europe","Europe","KY272921_Europe_B/C_France_2016.475"
"3378","MN403218","B/C","B","2016.492","Spain",2016.492,"Europe","Europe","MN403218_Europe_B/C_Spain_2016.492"
"3379","MN403220","B/C","B","2016.489","Spain",2016.489,"Europe","Europe","MN403220_Europe_B/C_Spain_2016.489"
"3380","KY272940","B/C","B","2016.536","France",2016.536,"Europe","Europe","KY272940_Europe_B/C_France_2016.536"
"3381","MT791932","B/C","B","2016.514","France",2016.514,"Europe","Europe","MT791932_Europe_B/C_France_2016.514"
"3382","MW731858","B/C","B","[2016.675:2016.746]","Germany",2016.746,"Europe","Europe","MW731858_Europe_B/C_Germany_2016.746"
"3383","MN259110","B/C","B","[2016:2016.997]","USA",2016.31776,"North America","North America","MN259110_North-America_B/C_USA_2016.318"
"3384","KY385885","B/C","B","2016.661","USA",2016.661,"North America","North America","KY385885_North-America_B/C_USA_2016.661"
"3385","MN173591","B/C","B","2016.62","USA",2016.62,"North America","North America","MN173591_North-America_B/C_USA_2016.62"
"3386","KY292526","B/C","B","[2016:2016.997]","USA",2016.201867,"North America","North America","KY292526_North-America_B/C_USA_2016.202"
"3387","MH674158","B/C","B","2016.678","Sweden",2016.678,"Europe","Europe","MH674158_Europe_B/C_Sweden_2016.678"
"3388","MK377404","B/C","B","2015.899","United Kingdom",2015.899,"Europe","Europe","MK377404_Europe_B/C_United-Kingdom_2015.899"
"3389","MK377396","B/C","B","2016.071","United Kingdom",2016.071,"Europe","Europe","MK377396_Europe_B/C_United-Kingdom_2016.071"
"3390","MN018242","B/C","B","2016.071","United Kingdom",2016.071,"Europe","Europe","MN018242_Europe_B/C_United-Kingdom_2016.071"
"3391","MK377395","B/C","B","2015.899","United Kingdom",2015.899,"Europe","Europe","MK377395_Europe_B/C_United-Kingdom_2015.899"
"3392","MN018241","B/C","B","2015.899","United Kingdom",2015.899,"Europe","Europe","MN018241_Europe_B/C_United-Kingdom_2015.899"
"3393","MN018244","B/C","B","2015.745","United Kingdom",2015.745,"Europe","Europe","MN018244_Europe_B/C_United-Kingdom_2015.745"
"3394","MF073354","B/C","B","2016.492","Italy",2016.492,"Europe","Europe","MF073354_Europe_B/C_Italy_2016.492"
"3395","MF073343","B/C","B","2016.295","Italy",2016.295,"Europe","Europe","MF073343_Europe_B/C_Italy_2016.295"
"3396","MF073351","B/C","B","2016.525","Italy",2016.525,"Europe","Europe","MF073351_Europe_B/C_Italy_2016.525"
"3397","MF073338","B/C","B","2016.495","Italy",2016.495,"Europe","Europe","MF073338_Europe_B/C_Italy_2016.495"
"3398","MF073340","B/C","B","2016.544","Italy",2016.544,"Europe","Europe","MF073340_Europe_B/C_Italy_2016.544"
"3399","MF073344","B/C","B","2016.383","Italy",2016.383,"Europe","Europe","MF073344_Europe_B/C_Italy_2016.383"
"3400","MF073347","B/C","B","2016.421","Italy",2016.421,"Europe","Europe","MF073347_Europe_B/C_Italy_2016.421"
"3401","KY272938","B/C","B","2016.536","France",2016.536,"Europe","Europe","KY272938_Europe_B/C_France_2016.536"
"3402","MH118296","B/C","B","[2016.505:2016.579]","Italy",2016.579,"Europe","Europe","MH118296_Europe_B/C_Italy_2016.579"
"3403","MF073348","B/C","B","2016.426","Italy",2016.426,"Europe","Europe","MF073348_Europe_B/C_Italy_2016.426"
"3404","MF073345","B/C","B","2016.391","Italy",2016.391,"Europe","Europe","MF073345_Europe_B/C_Italy_2016.391"
"3405","MH307401","B/C","B","2016.915","Spain",2016.915,"Europe","Europe","MH307401_Europe_B/C_Spain_2016.915"
"3406","KY457572","B/C","B","[2016.582:2016.664]","Denmark",2016.664,"Europe","Europe","KY457572_Europe_B/C_Denmark_2016.664"
"3407","MH674124","B/C","B","2016.661","Sweden",2016.661,"Europe","Europe","MH674124_Europe_B/C_Sweden_2016.661"
"3408","MH674154","B/C","B","2016.664","Sweden",2016.664,"Europe","Europe","MH674154_Europe_B/C_Sweden_2016.664"
"3409","MH674129","B/C","B","2016.675","Sweden",2016.675,"Europe","Europe","MH674129_Europe_B/C_Sweden_2016.675"
"3410","MH674121","B/C","B","2016.656","Sweden",2016.656,"Europe","Europe","MH674121_Europe_B/C_Sweden_2016.656"
"3411","MH674162","B/C","B","2016.691","Sweden",2016.691,"Europe","Europe","MH674162_Europe_B/C_Sweden_2016.691"
"3412","MH674142","B/C","B","2016.648","Sweden",2016.648,"Europe","Europe","MH674142_Europe_B/C_Sweden_2016.648"
"3413","MH674151","B/C","B","2016.661","Sweden",2016.661,"Europe","Europe","MH674151_Europe_B/C_Sweden_2016.661"
"3414","MN018243","B/C","B","2015.899","United Kingdom",2015.899,"Europe","Europe","MN018243_Europe_B/C_United-Kingdom_2015.899"
"3415","MW731848","B/C","B","[2016.582:2016.656]","Germany",2016.656,"Europe","Europe","MW731848_Europe_B/C_Germany_2016.656"
"3416","KY385880","B/C","B","2016.607","USA",2016.607,"North America","North America","KY385880_North-America_B/C_USA_2016.607"
"3417","MN403173","B/C","B","2016.418","Spain",2016.418,"Europe","Europe","MN403173_Europe_B/C_Spain_2016.418"
"3418","MW731860","B/C","B","[2016.667:2016.738]","Germany",2016.667,"Europe","Europe","MW731860_Europe_B/C_Germany_2016.667"
"3419","KX685076","B/C","B","2016.555","Netherlands",2016.555,"Europe","Europe","KX685076_Europe_B/C_Netherlands_2016.555"
"3420","KY457571","B/C","B","[2016.582:2016.656]","Denmark",2016.582,"Europe","Europe","KY457571_Europe_B/C_Denmark_2016.582"
"3421","MN018237","B/C","B","2016.527","United Kingdom",2016.527,"Europe","Europe","MN018237_Europe_B/C_United-Kingdom_2016.527"
"3422","MK377389","B/C","B","2016.527","United Kingdom",2016.527,"Europe","Europe","MK377389_Europe_B/C_United-Kingdom_2016.527"
"3423","MH674128","B/C","B","2016.675","Sweden",2016.675,"Europe","Europe","MH674128_Europe_B/C_Sweden_2016.675"
"3424","MH674126","B/C","B","2016.664","Sweden",2016.664,"Europe","Europe","MH674126_Europe_B/C_Sweden_2016.664"
"3425","MK377397","B/C","B","2015.745","United Kingdom",2015.745,"Europe","Europe","MK377397_Europe_B/C_United-Kingdom_2015.745"
"3426","MH084320","B/C","B","2015.899","United Kingdom",2015.899,"Europe","Europe","MH084320_Europe_B/C_United-Kingdom_2015.899"
"3427","KX830897","B/C","B","[2016.415:2016.486]","Germany",2016.415,"Europe","Europe","KX830897_Europe_B/C_Germany_2016.415"
"3428","MN403263","B/C","B","2016.773","Spain",2016.773,"Europe","Europe","MN403263_Europe_B/C_Spain_2016.773"
"3429","KY272918","B/C","B","2016.454","France",2016.454,"Europe","Europe","KY272918_Europe_B/C_France_2016.454"
"3430","KY272934","B/C","B","2016.5","France",2016.5,"Europe","Europe","KY272934_Europe_B/C_France_2016.5"
"3431","KY272920","B/C","B","2016.467","France",2016.467,"Europe","Europe","KY272920_Europe_B/C_France_2016.467"
"3432","KY272937","B/C","B","2016.522","France",2016.522,"Europe","Europe","KY272937_Europe_B/C_France_2016.522"
"3433","MH470371","B/C","B","[2016.59:2016.664]","Germany",2016.664,"Europe","Europe","MH470371_Europe_B/C_Germany_2016.664"
"3434","MW731832","B/C","B","[2016.593:2016.664]","Germany",2016.664,"Europe","Europe","MW731832_Europe_B/C_Germany_2016.664"
"3435","MW731844","B/C","B","[2016.582:2016.664]","Germany",2016.619454,"Europe","Europe","MW731844_Europe_B/C_Germany_2016.619"
"3436","MW731846","B/C","B","[2016.582:2016.664]","Germany",2016.619454,"Europe","Europe","MW731846_Europe_B/C_Germany_2016.619"
"3437","MN259114","B/C","B","[2016:2016.997]","USA",2016.381102,"North America","North America","MN259114_North-America_B/C_USA_2016.381"
"3438","KX957756","B/C","B","2016.53","USA",2016.53,"North America","North America","KX957756_North-America_B/C_USA_2016.53"
"3439","KX957759","B/C","B","2016.544","USA",2016.544,"North America","North America","KX957759_North-America_B/C_USA_2016.544"
"3440","KX957757","B/C","B","2016.541","USA",2016.541,"North America","North America","KX957757_North-America_B/C_USA_2016.541"
"3441","KX957760","B/C","B","2016.557","USA",2016.557,"North America","North America","KX957760_North-America_B/C_USA_2016.557"
"3442","KY385889","B/C","B","2016.489","USA",2016.489,"North America","North America","KY385889_North-America_B/C_USA_2016.489"
"3443","MH084323","B/C","B","2016.664","United Kingdom",2016.664,"Europe","Europe","MH084323_Europe_B/C_United-Kingdom_2016.664"
"3444","MN259117","B/C","B","[2016:2016.997]","USA",2016.997,"North America","North America","MN259117_North-America_B/C_USA_2016.997"
"3445","MW731862","B/C","B","[2016.749:2016.831]","Germany",2016.749,"Europe","Europe","MW731862_Europe_B/C_Germany_2016.749"
"3446","KY272930","B/C","B","2016.497","France",2016.497,"Europe","Europe","KY272930_Europe_B/C_France_2016.497"
"3447","KY272917","B/C","B","2016.454","France",2016.454,"Europe","Europe","KY272917_Europe_B/C_France_2016.454"
"3448","KY272953","B/C","B","2016.434","France",2016.434,"Europe","Europe","KY272953_Europe_B/C_France_2016.434"
"3449","KY272933","B/C","B","2016.503","France",2016.503,"Europe","Europe","KY272933_Europe_B/C_France_2016.503"
"3450","KY272939","B/C","B","2016.522","France",2016.522,"Europe","Europe","KY272939_Europe_B/C_France_2016.522"
"3451","KY272935","B/C","B","2016.516","France",2016.516,"Europe","Europe","KY272935_Europe_B/C_France_2016.516"
"3452","KY272942","B/C","B","2016.566","France",2016.566,"Europe","Europe","KY272942_Europe_B/C_France_2016.566"
"3453","KY272923","B/C","B","2016.481","France",2016.481,"Europe","Europe","KY272923_Europe_B/C_France_2016.481"
"3454","MK105980","B/C","B","2016.434","France",2016.434,"Europe","Europe","MK105980_Europe_B/C_France_2016.434"
"3455","MH674122","B/C","B","2016.656","Sweden",2016.656,"Europe","Europe","MH674122_Europe_B/C_Sweden_2016.656"
"3456","LC515241","B/C","B","2018.786","Japan",2018.786,"Eastern Asia","External","LC515241_External_B/C_Japan_2018.786"
"3457","MH844544","B/C","B","2016.667","Sweden",2016.667,"Europe","Europe","MH844544_Europe_B/C_Sweden_2016.667"
"3458","MH674141","B/C","B","2016.639","Sweden",2016.639,"Europe","Europe","MH674141_Europe_B/C_Sweden_2016.639"
"3459","MH674152","B/C","B","2016.664","Sweden",2016.664,"Europe","Europe","MH674152_Europe_B/C_Sweden_2016.664"
"3460","MN018238","B/C","B","2016.686","United Kingdom",2016.686,"Europe","Europe","MN018238_Europe_B/C_United-Kingdom_2016.686"
"3461","MH674135","B/C","B","2016.689","Sweden",2016.689,"Europe","Europe","MH674135_Europe_B/C_Sweden_2016.689"
"3462","MW731829","B/C","B","[2016.582:2016.664]","Germany",2016.582,"Europe","Europe","MW731829_Europe_B/C_Germany_2016.582"
"3463","MK377390","B/C","B","2016.686","United Kingdom",2016.686,"Europe","Europe","MK377390_Europe_B/C_United-Kingdom_2016.686"
"3464","KX830908","B/C","B","[2016.497:2016.579]","Germany",2016.567885,"Europe","Europe","KX830908_Europe_B/C_Germany_2016.568"
"3465","KX830909","B/C","B","[2016.497:2016.579]","Germany",2016.567885,"Europe","Europe","KX830909_Europe_B/C_Germany_2016.568"
"3466","MH674166","B/C","B","2016.708","Sweden",2016.708,"Europe","Europe","MH674166_Europe_B/C_Sweden_2016.708"
"3467","MN018239","B/C","B","2016.492","United Kingdom",2016.492,"Europe","Europe","MN018239_Europe_B/C_United-Kingdom_2016.492"
"3468","MK377394","B/C","B","2016.492","United Kingdom",2016.492,"Europe","Europe","MK377394_Europe_B/C_United-Kingdom_2016.492"
"3469","MN018240","B/C","B","2016.664","United Kingdom",2016.664,"Europe","Europe","MN018240_Europe_B/C_United-Kingdom_2016.664"
"3470","MK377400","B/C","B","2016.664","United Kingdom",2016.664,"Europe","Europe","MK377400_Europe_B/C_United-Kingdom_2016.664"
"3471","KY272929","B/C","B","2016.497","France",2016.497,"Europe","Europe","KY272929_Europe_B/C_France_2016.497"
"3472","MT789735","B/C","B","2016.525","France",2016.525,"Europe","Europe","MT789735_Europe_B/C_France_2016.525"
"3473","KY272944","B/C","B","2016.574","France",2016.574,"Europe","Europe","KY272944_Europe_B/C_France_2016.574"
"3474","KY272951","B/C","B","2016.694","France",2016.694,"Europe","Europe","KY272951_Europe_B/C_France_2016.694"
"3475","KY272949","B/C","B","2016.637","France",2016.637,"Europe","Europe","KY272949_Europe_B/C_France_2016.637"
"3476","MK521591","B/C","B","2016.448","Senegal",2016.448,"Western Africa","External","MK521591_External_B/C_Senegal_2016.448"
"3477","KY272925","B/C","B","2016.492","France",2016.492,"Europe","Europe","KY272925_Europe_B/C_France_2016.492"
"3478","KY272955","B/C","B","2016.516","France",2016.516,"Europe","Europe","KY272955_Europe_B/C_France_2016.516"
"3479","MH674123","B/C","B","2016.661","Sweden",2016.661,"Europe","Europe","MH674123_Europe_B/C_Sweden_2016.661"
"3480","KY272948","B/C","B","2016.634","France",2016.634,"Europe","Europe","KY272948_Europe_B/C_France_2016.634"
"3481","KY272924","B/C","B","2016.481","France",2016.481,"Europe","Europe","KY272924_Europe_B/C_France_2016.481"
"3482","KY272919","B/C","B","2016.459","France",2016.459,"Europe","Europe","KY272919_Europe_B/C_France_2016.459"
"3483","KY272959","B/C","B","2016.795","France",2016.795,"Europe","Europe","KY272959_Europe_B/C_France_2016.795"
"3484","KY272954","B/C","B","2016.44","France",2016.44,"Europe","Europe","KY272954_Europe_B/C_France_2016.44"
"3485","KY272941","B/C","B","2016.552","France",2016.552,"Europe","Europe","KY272941_Europe_B/C_France_2016.552"
"3486","KY272958","B/C","B","2016.735","France",2016.735,"Europe","Europe","KY272958_Europe_B/C_France_2016.735"
"3487","MH307398","B/C","B","2016.883","Spain",2016.883,"Europe","Europe","MH307398_Europe_B/C_Spain_2016.883"
"3488","KY272926","B/C","B","2016.492","France",2016.492,"Europe","Europe","KY272926_Europe_B/C_France_2016.492"
"3489","KY272928","B/C","B","2016.495","France",2016.495,"Europe","Europe","KY272928_Europe_B/C_France_2016.495"
"3490","MK105981","B/C","B","2016.44","France",2016.44,"Europe","Europe","MK105981_Europe_B/C_France_2016.44"
"3491","MW731834","B/C","B","[2016.582:2016.664]","Germany",2016.582,"Europe","Europe","MW731834_Europe_B/C_Germany_2016.582"
"3492","MW731840","B/C","B","[2016.582:2016.664]","Germany",2016.582,"Europe","Europe","MW731840_Europe_B/C_Germany_2016.582"
"3493","MT791929","B/C","B","2016.615","France",2016.615,"Europe","Europe","MT791929_Europe_B/C_France_2016.615"
"3494","KY272936","B/C","B","2016.522","France",2016.522,"Europe","Europe","KY272936_Europe_B/C_France_2016.522"
"3495","MT795867","B/C","B","2016.751","France",2016.751,"Europe","Europe","MT795867_Europe_B/C_France_2016.751"
"3496","KY272927","B/C","B","2016.492","France",2016.492,"Europe","Europe","KY272927_Europe_B/C_France_2016.492"
"3497","KY272931","B/C","B","2016.497","France",2016.497,"Europe","Europe","KY272931_Europe_B/C_France_2016.497"
"3498","MH674163","B/C","B","2016.694","Sweden",2016.694,"Europe","Europe","MH674163_Europe_B/C_Sweden_2016.694"
"3499","MH674164","B/C","B","2016.699","Sweden",2016.699,"Europe","Europe","MH674164_Europe_B/C_Sweden_2016.699"
"3500","MH674148","B/C","B","2016.658","Sweden",2016.658,"Europe","Europe","MH674148_Europe_B/C_Sweden_2016.658"
"3501","MT795868","B/C","B","2016.743","France",2016.743,"Europe","Europe","MT795868_Europe_B/C_France_2016.743"
"3502","MN403121","B/C","B","2018.611","Spain",2018.611,"Europe","Europe","MN403121_Europe_B/C_Spain_2018.611"
"3503","MN403259","B/C","B","2018.855","Spain",2018.855,"Europe","Europe","MN403259_Europe_B/C_Spain_2018.855"
"3504","MN245428","B/C","B","2018.8","Spain",2018.8,"Europe","Europe","MN245428_Europe_B/C_Spain_2018.8"
"3505","MN403294","B/C","B","2018.671","Spain",2018.671,"Europe","Europe","MN403294_Europe_B/C_Spain_2018.671"
"3506","MN403227","B/C","B","2018.485","Spain",2018.485,"Europe","Europe","MN403227_Europe_B/C_Spain_2018.485"
"3507","MZ576301","B/C","B","2018.729","United Kingdom",2018.729,"Europe","Europe","MZ576301_Europe_B/C_United-Kingdom_2018.729"
"3508","MK301347","B/C","B","2018.729","Italy",2018.729,"Europe","Europe","MK301347_Europe_B/C_Italy_2018.729"
"3509","OQ933664","B/C","B","2018.729","Spain",2018.729,"Europe","Europe","OQ933664_Europe_B/C_Spain_2018.729"
"3510","MN403277","B/C","B","2018.814","Spain",2018.814,"Europe","Europe","MN403277_Europe_B/C_Spain_2018.814"
"3511","MN726792","B/C","B","2018.616","Netherlands",2018.616,"Europe","Europe","MN726792_Europe_B/C_Netherlands_2018.616"
"3512","MN764889","B/C","B","2019.044","Netherlands",2019.044,"Europe","Europe","MN764889_Europe_B/C_Netherlands_2019.044"
"3513","MZ576306","B/C","B","2018.74","United Kingdom",2018.74,"Europe","Europe","MZ576306_Europe_B/C_United-Kingdom_2018.74"
"3514","MN018236","B/C","B","2018.934","United Kingdom",2018.934,"Europe","Europe","MN018236_Europe_B/C_United-Kingdom_2018.934"
"3515","MN726790","B/C","B","2018.748","Netherlands",2018.748,"Europe","Europe","MN726790_Europe_B/C_Netherlands_2018.748"
"3516","MK419073","B/C","B","2018.775","USA",2018.775,"North America","North America","MK419073_North-America_B/C_USA_2018.775"
"3517","MK121711","B/C","B","2018.688","France",2018.688,"Europe","Europe","MK121711_Europe_B/C_France_2018.688"
"3518","MK105984","B/C","B","2018.688","France",2018.688,"Europe","Europe","MK105984_Europe_B/C_France_2018.688"
"3519","MN814240","B/C","B","2019.553","Germany",2019.553,"Europe","Europe","MN814240_Europe_B/C_Germany_2019.553"
"3520","MN814247","B/C","B","2019.841","Germany",2019.841,"Europe","Europe","MN814247_Europe_B/C_Germany_2019.841"
"3521","MK105983","B/C","B","2018.627","France",2018.627,"Europe","Europe","MK105983_Europe_B/C_France_2018.627"
"3522","MK121710","B/C","B","2018.627","France",2018.627,"Europe","Europe","MK121710_Europe_B/C_France_2018.627"
"3523","MK301354","B/C","B","2018.786","Italy",2018.786,"Europe","Europe","MK301354_Europe_B/C_Italy_2018.786"
"3524","MN245416","B/C","B","2018.723","Spain",2018.723,"Europe","Europe","MN245416_Europe_B/C_Spain_2018.723"
"3525","MK121715","B/C","B","2018.701","France",2018.701,"Europe","Europe","MK121715_Europe_B/C_France_2018.701"
"3526","MK105988","B/C","B","2018.701","France",2018.701,"Europe","Europe","MK105988_Europe_B/C_France_2018.701"
"3527","OR179043","B/C","B","2018.699","Netherlands",2018.699,"Europe","Europe","OR179043_Europe_B/C_Netherlands_2018.699"
"3528","MT789747","B/C","B","2018.778","France",2018.778,"Europe","Europe","MT789747_Europe_B/C_France_2018.778"
"3529","MZ576316","B/C","B","2018.762","United Kingdom",2018.762,"Europe","Europe","MZ576316_Europe_B/C_United-Kingdom_2018.762"
"3530","OR179055","B/C","B","2018.811","Netherlands",2018.811,"Europe","Europe","OR179055_Europe_B/C_Netherlands_2018.811"
"3531","OR179064","B/C","B","2018.907","Netherlands",2018.907,"Europe","Europe","OR179064_Europe_B/C_Netherlands_2018.907"
"3532","MN245443","B/C","B","2018.808","Netherlands",2018.808,"Europe","Europe","MN245443_Europe_B/C_Netherlands_2018.808"
"3533","OR179054","B/C","B","2018.808","Netherlands",2018.808,"Europe","Europe","OR179054_Europe_B/C_Netherlands_2018.808"
"3534","MN403165","B/C","B","2018.499","Spain",2018.499,"Europe","Europe","MN403165_Europe_B/C_Spain_2018.499"
"3535","MN245419","B/C","B","2018.734","Spain",2018.734,"Europe","Europe","MN245419_Europe_B/C_Spain_2018.734"
"3536","MN245438","B/C","B","2018.737","Netherlands",2018.737,"Europe","Europe","MN245438_Europe_B/C_Netherlands_2018.737"
"3537","OR179046","B/C","B","2018.737","Netherlands",2018.737,"Europe","Europe","OR179046_Europe_B/C_Netherlands_2018.737"
"3538","MZ576286","B/C","B","2018.679","United Kingdom",2018.679,"Europe","Europe","MZ576286_Europe_B/C_United-Kingdom_2018.679"
"3539","MZ576297","B/C","B","2018.715","United Kingdom",2018.715,"Europe","Europe","MZ576297_Europe_B/C_United-Kingdom_2018.715"
"3540","MN245426","B/C","B","2018.663","Spain",2018.663,"Europe","Europe","MN245426_Europe_B/C_Spain_2018.663"
"3541","MN245402","B/C","B","2018.77","Belgium",2018.77,"Europe","Europe","MN245402_Europe_B/C_Belgium_2018.77"
"3542","MK121712","B/C","B","2018.69","France",2018.69,"Europe","Europe","MK121712_Europe_B/C_France_2018.69"
"3543","MT789746","B/C","B","2018.893","France",2018.893,"Europe","Europe","MT789746_Europe_B/C_France_2018.893"
"3544","MK105985","B/C","B","2018.69","France",2018.69,"Europe","Europe","MK105985_Europe_B/C_France_2018.69"
"3545","MN726797","B/C","B","2018.923","Netherlands",2018.923,"Europe","Europe","MN726797_Europe_B/C_Netherlands_2018.923"
"3546","MN403228","B/C","B","2018.485","Spain",2018.485,"Europe","Europe","MN403228_Europe_B/C_Spain_2018.485"
"3547","MN403167","B/C","B","2018.501","Spain",2018.501,"Europe","Europe","MN403167_Europe_B/C_Spain_2018.501"
"3548","MN245435","B/C","B","2018.696","Netherlands",2018.696,"Europe","Europe","MN245435_Europe_B/C_Netherlands_2018.696"
"3549","MN245410","B/C","B","2018.734","Switzerland",2018.734,"Europe","Europe","MN245410_Europe_B/C_Switzerland_2018.734"
"3550","MT789745","B/C","B","2018.973","France",2018.973,"Europe","Europe","MT789745_Europe_B/C_France_2018.973"
"3551","MN253123","B/C","B","2018.882","Spain",2018.882,"Europe","Europe","MN253123_Europe_B/C_Spain_2018.882"
"3552","MN245431","B/C","B","2018.844","Spain",2018.844,"Europe","Europe","MN245431_Europe_B/C_Spain_2018.844"
"3553","MN896973","B/C","B","2018.663","Denmark",2018.663,"Europe","Europe","MN896973_Europe_B/C_Denmark_2018.663"
"3554","MN726794","B/C","B","2018.773","Netherlands",2018.773,"Europe","Europe","MN726794_Europe_B/C_Netherlands_2018.773"
"3555","MK121716","B/C","B","2018.721","France",2018.721,"Europe","Europe","MK121716_Europe_B/C_France_2018.721"
"3556","OR179040","B/C","B","2018.696","Netherlands",2018.696,"Europe","Europe","OR179040_Europe_B/C_Netherlands_2018.696"
"3557","OQ933714","B/C","B","2018.729","Spain",2018.729,"Europe","Europe","OQ933714_Europe_B/C_Spain_2018.729"
"3558","MN403268","B/C","B","2018.773","Spain",2018.773,"Europe","Europe","MN403268_Europe_B/C_Spain_2018.773"
"3559","MN403298","B/C","B","2018.729","Spain",2018.729,"Europe","Europe","MN403298_Europe_B/C_Spain_2018.729"
"3560","MK419061","B/C","B","2018.751","USA",2018.751,"North America","North America","MK419061_North-America_B/C_USA_2018.751"
"3561","OR179041","B/C","B","2018.652","Netherlands",2018.652,"Europe","Europe","OR179041_Europe_B/C_Netherlands_2018.652"
"3562","MN403122","B/C","B","2018.633","Spain",2018.633,"Europe","Europe","MN403122_Europe_B/C_Spain_2018.633"
"3563","OK085462","B/C","B","[2018.923:2018.997]","Australia",2018.923,"Australia and New Zealand","External","OK085462_External_B/C_Australia_2018.923"
"3564","MK419076","B/C","B","2018.778","USA",2018.778,"North America","North America","MK419076_North-America_B/C_USA_2018.778"
"3565","MK419054","B/C","B","2018.734","USA",2018.734,"North America","North America","MK419054_North-America_B/C_USA_2018.734"
"3566","MK419055","B/C","B","2018.74","USA",2018.74,"North America","North America","MK419055_North-America_B/C_USA_2018.74"
"3567","MN246023","B/C","B","[2018.636:2018.997]","USA",2018.636,"North America","North America","MN246023_North-America_B/C_USA_2018.636"
"3568","MK659593","B/C","B","[2018.666:2018.745]","USA",2018.745,"North America","North America","MK659593_North-America_B/C_USA_2018.745"
"3569","MK659599","B/C","B","[2018.581:2018.663]","USA",2018.663,"North America","North America","MK659599_North-America_B/C_USA_2018.663"
"3570","MK659591","B/C","B","[2018.666:2018.737]","USA",2018.666,"North America","North America","MK659591_North-America_B/C_USA_2018.666"
"3571","MK659602","B/C","B","[2018.592:2018.663]","USA",2018.663,"North America","North America","MK659602_North-America_B/C_USA_2018.663"
"3572","MN245999","B/C","B","[2018:2018.682]","USA",2018,"North America","North America","MN245999_North-America_B/C_USA_2018"
"3573","MN245992","B/C","B","[2018:2018.997]","USA",2018.609039,"North America","North America","MN245992_North-America_B/C_USA_2018.609"
"3574","MN246008","B/C","B","[2018:2018.997]","USA",2018.603833,"North America","North America","MN246008_North-America_B/C_USA_2018.604"
"3575","MN246009","B/C","B","[2018:2018.997]","USA",2018.603833,"North America","North America","MN246009_North-America_B/C_USA_2018.604"
"3576","MK659589","B/C","B","[2018.674:2018.745]","USA",2018.674,"North America","North America","MK659589_North-America_B/C_USA_2018.674"
"3577","MN246015","B/C","B","[2018:2018.997]","USA",2018,"North America","North America","MN246015_North-America_B/C_USA_2018"
"3578","MK419049","B/C","B","2018.723","USA",2018.723,"North America","North America","MK419049_North-America_B/C_USA_2018.723"
"3579","MK419035","B/C","B","2018.622","USA",2018.622,"North America","North America","MK419035_North-America_B/C_USA_2018.622"
"3580","MK419058","B/C","B","2018.74","USA",2018.74,"North America","North America","MK419058_North-America_B/C_USA_2018.74"
"3581","MK419046","B/C","B","2018.71","USA",2018.71,"North America","North America","MK419046_North-America_B/C_USA_2018.71"
"3582","MK419038","B/C","B","2018.666","USA",2018.666,"North America","North America","MK419038_North-America_B/C_USA_2018.666"
"3583","MK659595","B/C","B","[2018.677:2018.745]","USA",2018.745,"North America","North America","MK659595_North-America_B/C_USA_2018.745"
"3584","MK419067","B/C","B","2018.762","USA",2018.762,"North America","North America","MK419067_North-America_B/C_USA_2018.762"
"3585","MK836150","B/C","B","[2018.581:2018.663]","USA",2018.622092,"North America","North America","MK836150_North-America_B/C_USA_2018.622"
"3586","MK836152","B/C","B","[2018.581:2018.663]","USA",2018.622092,"North America","North America","MK836152_North-America_B/C_USA_2018.622"
"3587","MK659588","B/C","B","[2018.666:2018.734]","USA",2018.666,"North America","North America","MK659588_North-America_B/C_USA_2018.666"
"3588","MN245987","B/C","B","[2018.66:2018.997]","USA",2018.997,"North America","North America","MN245987_North-America_B/C_USA_2018.997"
"3589","MN246035","B/C","B","[2018:2018.997]","USA",2018.943935,"North America","North America","MN246035_North-America_B/C_USA_2018.944"
"3590","MT081368","B/C","B","[2018:2018.997]","USA",2018.943935,"North America","North America","MT081368_North-America_B/C_USA_2018.944"
"3591","MN245988","B/C","B","[2018:2018.997]","USA",2018.309897,"North America","North America","MN245988_North-America_B/C_USA_2018.31"
"3592","MK836151","B/C","B","[2018.581:2018.655]","USA",2018.581,"North America","North America","MK836151_North-America_B/C_USA_2018.581"
"3593","OQ737942","B/C","B","2018.603","USA",2018.603,"North America","North America","OQ737942_North-America_B/C_USA_2018.603"
"3594","OL687537","B/C","B","2018.658","United Kingdom",2018.658,"Europe","Europe","OL687537_Europe_B/C_United-Kingdom_2018.658"
"3595","LC627049","B/C","B","2018.836","Japan",2018.836,"Eastern Asia","External","LC627049_External_B/C_Japan_2018.836"
"3596","MK419044","B/C","B","2018.712","USA",2018.712,"North America","North America","MK419044_North-America_B/C_USA_2018.712"
"3597","MK836148","B/C","B","[2018.581:2018.663]","USA",2018.663,"North America","North America","MK836148_North-America_B/C_USA_2018.663"
"3598","MK419072","B/C","B","2018.773","USA",2018.773,"North America","North America","MK419072_North-America_B/C_USA_2018.773"
"3599","OQ148355","B/C","B","2021.841","Belgium",2021.841,"Europe","Europe","OQ148355_Europe_B/C_Belgium_2021.841"
"3600","MZ576308","B/C","B","2018.745","United Kingdom",2018.745,"Europe","Europe","MZ576308_Europe_B/C_United-Kingdom_2018.745"
"3601","MT795861","B/C","B","2018.477","France",2018.477,"Europe","Europe","MT795861_Europe_B/C_France_2018.477"
"3602","MK836145","B/C","B","[2018.581:2018.655]","USA",2018.581,"North America","North America","MK836145_North-America_B/C_USA_2018.581"
"3603","MN246024","B/C","B","[2018.784:2018.997]","USA",2018.848017,"North America","North America","MN246024_North-America_B/C_USA_2018.848"
"3604","MN246021","B/C","B","[2018.696:2018.997]","USA",2018.997,"North America","North America","MN246021_North-America_B/C_USA_2018.997"
"3605","MN246020","B/C","B","[2018:2018.997]","USA",2018.914627,"North America","North America","MN246020_North-America_B/C_USA_2018.915"
"3606","MK419068","B/C","B","2018.767","USA",2018.767,"North America","North America","MK419068_North-America_B/C_USA_2018.767"
"3607","MK419074","B/C","B","2018.775","USA",2018.775,"North America","North America","MK419074_North-America_B/C_USA_2018.775"
"3608","MN403166","B/C","B","2018.556","Spain",2018.556,"Europe","Europe","MN403166_Europe_B/C_Spain_2018.556"
"3609","PV476363","B/C","B","[2024.667:2024.746]","Spain",2024.667,"Europe","Europe","PV476363_Europe_B/C_Spain_2024.667"
"3610","PV476349","B/C","B","[2024.749:2024.831]","Spain",2024.749,"Europe","Europe","PV476349_Europe_B/C_Spain_2024.749"
"3611","PV476357","B/C","B","[2024.749:2024.831]","Spain",2024.831,"Europe","Europe","PV476357_Europe_B/C_Spain_2024.831"
"3612","PV476330","B/C","B","[2024.667:2024.746]","Spain",2024.746,"Europe","Europe","PV476330_Europe_B/C_Spain_2024.746"
"3613","PV476329","B/C","B","[2024.667:2024.746]","Spain",2024.667,"Europe","Europe","PV476329_Europe_B/C_Spain_2024.667"
"3614","PV476336","B/C","B","[2024.749:2024.831]","Spain",2024.831,"Europe","Europe","PV476336_Europe_B/C_Spain_2024.831"
"3615","PV476350","B/C","B","[2024.749:2024.831]","Spain",2024.749,"Europe","Europe","PV476350_Europe_B/C_Spain_2024.749"
"3616","PV476370","B/C","B","[2024.833:2024.913]","Spain",2024.913,"Europe","Europe","PV476370_Europe_B/C_Spain_2024.913"
"3617","PV476328","B/C","B","[2024.667:2024.746]","Spain",2024.6676,"Europe","Europe","PV476328_Europe_B/C_Spain_2024.668"
"3618","PV476361","B/C","B","[2024.749:2024.831]","Spain",2024.749,"Europe","Europe","PV476361_Europe_B/C_Spain_2024.749"
"3619","PV476362","B/C","B","[2024.833:2024.913]","Spain",2024.913,"Europe","Europe","PV476362_Europe_B/C_Spain_2024.913"
"3620","PV476368","B/C","B","[2024.915:2024.997]","Spain",2024.997,"Europe","Europe","PV476368_Europe_B/C_Spain_2024.997"
"3621","PV476366","B/C","B","[2024.667:2024.746]","Spain",2024.667,"Europe","Europe","PV476366_Europe_B/C_Spain_2024.667"
"3622","PV476343","B/C","B","[2024.833:2024.913]","Spain",2024.833,"Europe","Europe","PV476343_Europe_B/C_Spain_2024.833"
"3623","PV476340","B/C","B","[2024.667:2024.746]","Spain",2024.746,"Europe","Europe","PV476340_Europe_B/C_Spain_2024.746"
"3624","PV476345","B/C","B","[2024.833:2024.913]","Spain",2024.913,"Europe","Europe","PV476345_Europe_B/C_Spain_2024.913"
"3625","PV476342","B/C","B","[2024.833:2024.913]","Spain",2024.833,"Europe","Europe","PV476342_Europe_B/C_Spain_2024.833"
"3626","PV476315","B/C","B","[2024.497:2024.579]","Spain",2024.497,"Europe","Europe","PV476315_Europe_B/C_Spain_2024.497"
"3627","PV476316","B/C","B","[2024.582:2024.664]","Spain",2024.582,"Europe","Europe","PV476316_Europe_B/C_Spain_2024.582"
"3628","PV476317","B/C","B","[2024.582:2024.664]","Spain",2024.582,"Europe","Europe","PV476317_Europe_B/C_Spain_2024.582"
"3629","PV476313","B/C","B","[2024.497:2024.579]","Spain",2024.579,"Europe","Europe","PV476313_Europe_B/C_Spain_2024.579"
"3630","PV476360","B/C","B","[2024.915:2024.997]","Spain",2024.997,"Europe","Europe","PV476360_Europe_B/C_Spain_2024.997"
"3631","PV476332","B/C","B","[2024.749:2024.831]","Spain",2024.749,"Europe","Europe","PV476332_Europe_B/C_Spain_2024.749"
"3632","PV476325","B/C","B","[2024.667:2024.746]","Spain",2024.667,"Europe","Europe","PV476325_Europe_B/C_Spain_2024.667"
"3633","PV476346","B/C","B","[2024.749:2024.831]","Spain",2024.831,"Europe","Europe","PV476346_Europe_B/C_Spain_2024.831"
"3634","PV476356","B/C","B","[2024.749:2024.831]","Spain",2024.793013,"Europe","Europe","PV476356_Europe_B/C_Spain_2024.793"
"3635","PV476341","B/C","B","[2024.833:2024.913]","Spain",2024.833,"Europe","Europe","PV476341_Europe_B/C_Spain_2024.833"
"3636","PV476324","B/C","B","[2024.667:2024.746]","Spain",2024.746,"Europe","Europe","PV476324_Europe_B/C_Spain_2024.746"
"3637","PV476321","B/C","B","[2024.667:2024.746]","Spain",2024.667,"Europe","Europe","PV476321_Europe_B/C_Spain_2024.667"
"3638","PV476314","B/C","B","[2024.749:2024.831]","Spain",2024.749,"Europe","Europe","PV476314_Europe_B/C_Spain_2024.749"
"3639","PV476338","B/C","B","[2024.749:2024.831]","Spain",2024.749,"Europe","Europe","PV476338_Europe_B/C_Spain_2024.749"
"3640","PV476323","B/C","B","[2024.667:2024.746]","Spain",2024.667,"Europe","Europe","PV476323_Europe_B/C_Spain_2024.667"
"3641","PV476327","B/C","B","[2024.667:2024.746]","Spain",2024.746,"Europe","Europe","PV476327_Europe_B/C_Spain_2024.746"
"3642","PV476353","B/C","B","[2024.833:2024.913]","Spain",2024.833,"Europe","Europe","PV476353_Europe_B/C_Spain_2024.833"
"3643","PV476333","B/C","B","[2024.667:2024.746]","Spain",2024.667,"Europe","Europe","PV476333_Europe_B/C_Spain_2024.667"
"3644","PV476337","B/C","B","[2024.749:2024.831]","Spain",2024.831,"Europe","Europe","PV476337_Europe_B/C_Spain_2024.831"
"3645","PV476334","B/C","B","[2024.667:2024.746]","Spain",2024.667,"Europe","Europe","PV476334_Europe_B/C_Spain_2024.667"
"3646","PV476322","B/C","B","[2024.667:2024.746]","Spain",2024.667,"Europe","Europe","PV476322_Europe_B/C_Spain_2024.667"
"3647","PV476331","B/C","B","[2024.749:2024.831]","Spain",2024.831,"Europe","Europe","PV476331_Europe_B/C_Spain_2024.831"
"3648","PV476312","B/C","B","[2024.497:2024.579]","Spain",2024.497,"Europe","Europe","PV476312_Europe_B/C_Spain_2024.497"
"3649","PV476335","B/C","B","[2024.749:2024.831]","Spain",2024.831,"Europe","Europe","PV476335_Europe_B/C_Spain_2024.831"
"3650","PV476358","B/C","B","[2024.749:2024.831]","Spain",2024.831,"Europe","Europe","PV476358_Europe_B/C_Spain_2024.831"
"3651","PV476355","B/C","B","[2024.749:2024.831]","Spain",2024.749,"Europe","Europe","PV476355_Europe_B/C_Spain_2024.749"
"3652","PV476351","B/C","B","[2024.833:2024.913]","Spain",2024.913,"Europe","Europe","PV476351_Europe_B/C_Spain_2024.913"
"3653","PV476352","B/C","B","[2024.749:2024.831]","Spain",2024.749,"Europe","Europe","PV476352_Europe_B/C_Spain_2024.749"
"3654","PV476326","B/C","B","[2024.667:2024.746]","Spain",2024.682934,"Europe","Europe","PV476326_Europe_B/C_Spain_2024.683"
"3655","PV476347","B/C","B","[2024.749:2024.831]","Spain",2024.831,"Europe","Europe","PV476347_Europe_B/C_Spain_2024.831"
"3656","PV476359","B/C","B","[2024.915:2024.997]","Spain",2024.915,"Europe","Europe","PV476359_Europe_B/C_Spain_2024.915"
"3657","MK419041","B/C","B","2018.69","USA",2018.69,"North America","North America","MK419041_North-America_B/C_USA_2018.69"
"3658","MN246028","B/C","B","[2018:2018.997]","USA",2018.441874,"North America","North America","MN246028_North-America_B/C_USA_2018.442"
"3659","MK419034","B/C","B","2018.619","USA",2018.619,"North America","North America","MK419034_North-America_B/C_USA_2018.619"
"3660","MK419036","B/C","B","2018.63","USA",2018.63,"North America","North America","MK419036_North-America_B/C_USA_2018.63"
"3661","MN403249","B/C","B","2016.413","Spain",2016.413,"Europe","Europe","MN403249_Europe_B/C_Spain_2016.413"
"3662","MN246001","B/C","B","[2018:2018.666]","USA",2018,"North America","North America","MN246001_North-America_B/C_USA_2018"
"3663","OQ933688","B/C","B","2018.712","Spain",2018.712,"Europe","Europe","OQ933688_Europe_B/C_Spain_2018.712"
"3664","MN246005","B/C","B","[2018.197:2018.997]","USA",2018.197,"North America","North America","MN246005_North-America_B/C_USA_2018.197"
"3665","MN246031","B/C","B","[2018:2018.997]","USA",2018,"North America","North America","MN246031_North-America_B/C_USA_2018"
"3666","MK659600","B/C","B","[2018.581:2018.655]","USA",2018.655,"North America","North America","MK659600_North-America_B/C_USA_2018.655"
"3667","MK659597","B/C","B","[2018.666:2018.745]","USA",2018.745,"North America","North America","MK659597_North-America_B/C_USA_2018.745"
"3668","MN173594","B/C","B","2018.89","USA",2018.89,"North America","North America","MN173594_North-America_B/C_USA_2018.89"
"3669","MN245991","B/C","B","[2018:2018.997]","USA",2018,"North America","North America","MN245991_North-America_B/C_USA_2018"
"3670","MK419048","B/C","B","2018.718","USA",2018.718,"North America","North America","MK419048_North-America_B/C_USA_2018.718"
"3671","MN246016","B/C","B","[2018:2018.997]","USA",2018.499924,"North America","North America","MN246016_North-America_B/C_USA_2018.5"
"3672","MK419042","B/C","B","2018.707","USA",2018.707,"North America","North America","MK419042_North-America_B/C_USA_2018.707"
"3673","MN245993","B/C","B","[2018:2018.592]","USA",2018,"North America","North America","MN245993_North-America_B/C_USA_2018"
"3674","MK419080","B/C","B","2018.819","USA",2018.819,"North America","North America","MK419080_North-America_B/C_USA_2018.819"
"3675","MK419070","B/C","B","2018.77","USA",2018.77,"North America","North America","MK419070_North-America_B/C_USA_2018.77"
"3676","MZ576323","B/C","B","2018.767","United Kingdom",2018.767,"Europe","Europe","MZ576323_Europe_B/C_United-Kingdom_2018.767"
"3677","MN245985","B/C","B","[2018:2018.997]","USA",2018.371693,"North America","North America","MN245985_North-America_B/C_USA_2018.372"
"3678","MN245984","B/C","B","[2018:2018.997]","USA",2018.371693,"North America","North America","MN245984_North-America_B/C_USA_2018.372"
"3679","MN245986","B/C","B","[2018:2018.997]","USA",2018.630238,"North America","North America","MN245986_North-America_B/C_USA_2018.63"
"3680","MK836149","B/C","B","[2018.581:2018.663]","USA",2018.663,"North America","North America","MK836149_North-America_B/C_USA_2018.663"
"3681","MN245403","B/C","B","2018.775","Belgium",2018.775,"Europe","Europe","MN245403_Europe_B/C_Belgium_2018.775"
"3682","MN246002","B/C","B","[2018.764:2018.997]","USA",2018.764,"North America","North America","MN246002_North-America_B/C_USA_2018.764"
"3683","MK659590","B/C","B","[2018.581:2018.663]","USA",2018.581,"North America","North America","MK659590_North-America_B/C_USA_2018.581"
"3684","MK419033","B/C","B","2018.595","USA",2018.595,"North America","North America","MK419033_North-America_B/C_USA_2018.595"
"3685","MK419043","B/C","B","2018.699","USA",2018.699,"North America","North America","MK419043_North-America_B/C_USA_2018.699"
"3686","MK659604","B/C","B","[2018.581:2018.663]","USA",2018.581,"North America","North America","MK659604_North-America_B/C_USA_2018.581"
"3687","MN246007","B/C","B","[2018:2018.6]","USA",2018,"North America","North America","MN246007_North-America_B/C_USA_2018"
"3688","MN246018","B/C","B","[2018:2018.997]","USA",2018,"North America","North America","MN246018_North-America_B/C_USA_2018"
"3689","MN246006","B/C","B","[2018:2018.997]","USA",2018,"North America","North America","MN246006_North-America_B/C_USA_2018"
"3690","MN246017","B/C","B","[2018:2018.997]","USA",2018,"North America","North America","MN246017_North-America_B/C_USA_2018"
"3691","MN245982","B/C","B","[2018:2018.997]","USA",2018,"North America","North America","MN245982_North-America_B/C_USA_2018"
"3692","MN246003","B/C","B","[2018.764:2018.997]","USA",2018.997,"North America","North America","MN246003_North-America_B/C_USA_2018.997"
"3693","MK836168","B/C","B","[2018.748:2018.822]","USA",2018.748,"North America","North America","MK836168_North-America_B/C_USA_2018.748"
"3694","MN245989","B/C","B","[2018:2018.997]","USA",2018.765292,"North America","North America","MN245989_North-America_B/C_USA_2018.765"
"3695","MN246022","B/C","B","[2018:2018.71]","USA",2018.358414,"North America","North America","MN246022_North-America_B/C_USA_2018.358"
"3696","MK419037","B/C","B","2018.655","USA",2018.655,"North America","North America","MK419037_North-America_B/C_USA_2018.655"
"3697","MK419059","B/C","B","2018.742","USA",2018.742,"North America","North America","MK419059_North-America_B/C_USA_2018.742"
"3698","MK419040","B/C","B","2018.685","USA",2018.685,"North America","North America","MK419040_North-America_B/C_USA_2018.685"
"3699","MK419047","B/C","B","2018.71","USA",2018.71,"North America","North America","MK419047_North-America_B/C_USA_2018.71"
"3700","OW122595","B/C","B","[2018.666:2018.745]","Switzerland",2018.677211,"Europe","Europe","OW122595_Europe_B/C_Switzerland_2018.677"
"3701","MN246032","B/C","B","[2018.781:2018.997]","USA",2018.997,"North America","North America","MN246032_North-America_B/C_USA_2018.997"
"3702","OQ285848","B/C","B","2019.89","Netherlands",2019.89,"Europe","Europe","OQ285848_Europe_B/C_Netherlands_2019.89"
"3703","OR179069","B/C","B","2019.934","Netherlands",2019.934,"Europe","Europe","OR179069_Europe_B/C_Netherlands_2019.934"
"3704","OQ259310","B/C","B","2019.907","Netherlands",2019.907,"Europe","Europe","OQ259310_Europe_B/C_Netherlands_2019.907"
"3705","OR179068","B/C","B","2019.907","Netherlands",2019.907,"Europe","Europe","OR179068_Europe_B/C_Netherlands_2019.907"
"3706","OQ259312","B/C","B","2019.934","Netherlands",2019.934,"Europe","Europe","OQ259312_Europe_B/C_Netherlands_2019.934"
"3707","OQ259309","B/C","B","2019.893","Netherlands",2019.893,"Europe","Europe","OQ259309_Europe_B/C_Netherlands_2019.893"
"3708","OR179073","B/C","B","2019.893","Netherlands",2019.893,"Europe","Europe","OR179073_Europe_B/C_Netherlands_2019.893"
"3709","MN809623","B/C","B","2019.866","Netherlands",2019.866,"Europe","Europe","MN809623_Europe_B/C_Netherlands_2019.866"
"3710","OQ259318","B/C","B","2020.033","Netherlands",2020.033,"Europe","Europe","OQ259318_Europe_B/C_Netherlands_2020.033"
"3711","OR179076","B/C","B","2020.033","Netherlands",2020.033,"Europe","Europe","OR179076_Europe_B/C_Netherlands_2020.033"
"3712","MN245996","B/C","B","[2018:2018.545]","USA",2018.213842,"North America","North America","MN245996_North-America_B/C_USA_2018.214"
"3713","MK659594","B/C","B","[2018.597:2018.663]","USA",2018.663,"North America","North America","MK659594_North-America_B/C_USA_2018.663"
"3714","MK659603","B/C","B","[2018.666:2018.734]","USA",2018.666,"North America","North America","MK659603_North-America_B/C_USA_2018.666"
"3715","MK491181","B/C","B","[2018.595:2018.663]","USA",2018.663,"North America","North America","MK491181_North-America_B/C_USA_2018.663"
"3716","MN246019","B/C","B","[2018.589:2018.962]","USA",2018.589,"North America","North America","MN246019_North-America_B/C_USA_2018.589"
"3717","MN245401","B/C","B","2018.773","Belgium",2018.773,"Europe","Europe","MN245401_Europe_B/C_Belgium_2018.773"
"3718","OK085463","B/C","B","[2018.915:2018.989]","Australia",2018.915,"Australia and New Zealand","External","OK085463_External_B/C_Australia_2018.915"
"3719","OK085464","B/C","B","[2018.915:2018.997]","Australia",2018.997,"Australia and New Zealand","External","OK085464_External_B/C_Australia_2018.997"
"3720","MK419071","B/C","B","2018.775","USA",2018.775,"North America","North America","MK419071_North-America_B/C_USA_2018.775"
"3721","MN245405","B/C","B","2018.751","Belgium",2018.751,"Europe","Europe","MN245405_Europe_B/C_Belgium_2018.751"
"3722","OK085453","B/C","B","[2019.162:2019.236]","Australia",2019.162,"Australia and New Zealand","External","OK085453_External_B/C_Australia_2019.162"
"3723","OK085454","B/C","B","[2019.247:2019.318]","Australia",2019.247,"Australia and New Zealand","External","OK085454_External_B/C_Australia_2019.247"
"3724","OK085440","B/C","B","[2019.247:2019.318]","Australia",2019.318,"Australia and New Zealand","External","OK085440_External_B/C_Australia_2019.318"
"3725","OK085456","B/C","B","[2019.247:2019.318]","Australia",2019.318,"Australia and New Zealand","External","OK085456_External_B/C_Australia_2019.318"
"3726","OK085439","B/C","B","[2019.247:2019.318]","Australia",2019.247,"Australia and New Zealand","External","OK085439_External_B/C_Australia_2019.247"
"3727","OK085455","B/C","B","[2019.255:2019.326]","Australia",2019.326,"Australia and New Zealand","External","OK085455_External_B/C_Australia_2019.326"
"3728","MN246010","B/C","B","[2018:2018.997]","USA",2018,"North America","North America","MN246010_North-America_B/C_USA_2018"
"3729","MN246034","B/C","B","[2018:2018.997]","USA",2018,"North America","North America","MN246034_North-America_B/C_USA_2018"
"3730","MK659601","B/C","B","[2018.666:2018.745]","USA",2018.717165,"North America","North America","MK659601_North-America_B/C_USA_2018.717"
"3731","OK085448","B/C","B","[2019:2019.074]","Australia",2019,"Australia and New Zealand","External","OK085448_External_B/C_Australia_2019"
"3732","OK085441","B/C","B","[2019.093:2019.159]","Australia",2019.159,"Australia and New Zealand","External","OK085441_External_B/C_Australia_2019.159"
"3733","OK085442","B/C","B","[2019.247:2019.318]","Australia",2019.247,"Australia and New Zealand","External","OK085442_External_B/C_Australia_2019.247"
"3734","OK085450","B/C","B","[2019.085:2019.159]","Australia",2019.085,"Australia and New Zealand","External","OK085450_External_B/C_Australia_2019.085"
"3735","OK085445","B/C","B","[2019.162:2019.244]","Australia",2019.244,"Australia and New Zealand","External","OK085445_External_B/C_Australia_2019.244"
"3736","OK085449","B/C","B","[2019.162:2019.236]","Australia",2019.162966,"Australia and New Zealand","External","OK085449_External_B/C_Australia_2019.163"
"3737","OK085437","B/C","B","[2019.162:2019.236]","Australia",2019.162,"Australia and New Zealand","External","OK085437_External_B/C_Australia_2019.162"
"3738","OK085443","B/C","B","[2019.162:2019.233]","Australia",2019.162,"Australia and New Zealand","External","OK085443_External_B/C_Australia_2019.162"
"3739","OK085446","B/C","B","[2019.414:2019.493]","Australia",2019.493,"Australia and New Zealand","External","OK085446_External_B/C_Australia_2019.493"
"3740","OK085447","B/C","B","[2019.247:2019.318]","Australia",2019.247,"Australia and New Zealand","External","OK085447_External_B/C_Australia_2019.247"
"3741","OK085451","B/C","B","[2019.162:2019.244]","Australia",2019.213474,"Australia and New Zealand","External","OK085451_External_B/C_Australia_2019.213"
"3742","OK085452","B/C","B","[2019.329:2019.411]","Australia",2019.411,"Australia and New Zealand","External","OK085452_External_B/C_Australia_2019.411"
"3743","OK085444","B/C","B","[2019.329:2019.411]","Australia",2019.411,"Australia and New Zealand","External","OK085444_External_B/C_Australia_2019.411"
"3744","MK419045","B/C","B","2018.712","USA",2018.712,"North America","North America","MK419045_North-America_B/C_USA_2018.712"
"3745","MK491182","B/C","B","[2018.674:2018.745]","USA",2018.745,"North America","North America","MK491182_North-America_B/C_USA_2018.745"
"3746","MN245983","B/C","B","[2018:2018.997]","USA",2018.393621,"North America","North America","MN245983_North-America_B/C_USA_2018.394"
"3747","MN246012","B/C","B","[2018:2018.997]","USA",2018.477215,"North America","North America","MN246012_North-America_B/C_USA_2018.477"
"3748","MN246037","B/C","B","[2018:2018.997]","USA",2018.761558,"North America","North America","MN246037_North-America_B/C_USA_2018.762"
"3749","MK491180","B/C","B","[2018.592:2018.663]","USA",2018.663,"North America","North America","MK491180_North-America_B/C_USA_2018.663"
"3750","MN245981","B/C","B","[2018.526:2018.929]","USA",2018.641035,"North America","North America","MN245981_North-America_B/C_USA_2018.641"
"3751","MN246004","B/C","B","[2018:2018.997]","USA",2018.717132,"North America","North America","MN246004_North-America_B/C_USA_2018.717"
"3752","MK659596","B/C","B","[2018.674:2018.745]","USA",2018.696854,"North America","North America","MK659596_North-America_B/C_USA_2018.697"
"3753","MN246013","B/C","B","[2018.427:2018.997]","USA",2018.516773,"North America","North America","MN246013_North-America_B/C_USA_2018.517"
"3754","MT789742","B/C","B","2018.926","France",2018.926,"Europe","Europe","MT789742_Europe_B/C_France_2018.926"
"3755","MN246011","B/C","B","[2018:2018.997]","USA",2018.479717,"North America","North America","MN246011_North-America_B/C_USA_2018.48"
"3756","MK419056","B/C","B","2018.742","USA",2018.742,"North America","North America","MK419056_North-America_B/C_USA_2018.742"
"3757","MK689392","B/C","B","[2018.666:2018.745]","USA",2018.720527,"North America","North America","MK689392_North-America_B/C_USA_2018.721"
"3758","MN365200","B/C","B","[2018.666:2018.745]","USA",2018.720527,"North America","North America","MN365200_North-America_B/C_USA_2018.721"
"3759","MN245994","B/C","B","[2018:2018.997]","USA",2018.549477,"North America","North America","MN245994_North-America_B/C_USA_2018.549"
"3760","OP321139","B/C","B","[2022:2022.668]","USA",2022.021896,"North America","North America","OP321139_North-America_B/C_USA_2022.022"
"3761","PP474837","B/C","B","2022.729","Canada",2022.729,"North America","North America","PP474837_North-America_B/C_Canada_2022.729"
"3762","OP321151","B/C","B","[2022.504:2022.94]","USA",2022.94,"North America","North America","OP321151_North-America_B/C_USA_2022.94"
"3763","PP474821","B/C","B","2022.74","Canada",2022.74,"North America","North America","PP474821_North-America_B/C_Canada_2022.74"
"3764","PP474820","B/C","B","2022.726","Canada",2022.726,"North America","North America","PP474820_North-America_B/C_Canada_2022.726"
"3765","PP474832","B/C","B","2022.753","Canada",2022.753,"North America","North America","PP474832_North-America_B/C_Canada_2022.753"
"3766","PP474836","B/C","B","2022.707","Canada",2022.707,"North America","North America","PP474836_North-America_B/C_Canada_2022.707"
"3767","PP474833","B/C","B","2022.721","Canada",2022.721,"North America","North America","PP474833_North-America_B/C_Canada_2022.721"
"3768","PP474830","B/C","B","2022.704","Canada",2022.704,"North America","North America","PP474830_North-America_B/C_Canada_2022.704"
"3769","PV648961","B/C","B","2022.718","USA",2022.718,"North America","North America","PV648961_North-America_B/C_USA_2022.718"
"3770","PP474835","B/C","B","2022.707","Canada",2022.707,"North America","North America","PP474835_North-America_B/C_Canada_2022.707"
"3771","PP474834","B/C","B","2022.74","Canada",2022.74,"North America","North America","PP474834_North-America_B/C_Canada_2022.74"
"3772","PP474824","B/C","B","2022.762","Canada",2022.762,"North America","North America","PP474824_North-America_B/C_Canada_2022.762"
"3773","PP474831","B/C","B","2022.723","Canada",2022.723,"North America","North America","PP474831_North-America_B/C_Canada_2022.723"
"3774","PP474823","B/C","B","2022.745","Canada",2022.745,"North America","North America","PP474823_North-America_B/C_Canada_2022.745"
"3775","PP474828","B/C","B","2022.718","Canada",2022.718,"North America","North America","PP474828_North-America_B/C_Canada_2022.718"
"3776","PP474826","B/C","B","2022.737","Canada",2022.737,"North America","North America","PP474826_North-America_B/C_Canada_2022.737"
"3777","PP474829","B/C","B","2022.734","Canada",2022.734,"North America","North America","PP474829_North-America_B/C_Canada_2022.734"
"3778","PP474827","B/C","B","2022.726","Canada",2022.726,"North America","North America","PP474827_North-America_B/C_Canada_2022.726"
"3779","PQ612520","B/C","B","2022.789","France",2022.789,"Europe","Europe","PQ612520_Europe_B/C_France_2022.789"
"3780","PP474825","B/C","B","2022.663","Canada",2022.663,"North America","North America","PP474825_North-America_B/C_Canada_2022.663"
"3781","PP474817","B/C","B","2022.707","Canada",2022.707,"North America","North America","PP474817_North-America_B/C_Canada_2022.707"
"3782","PP474819","B/C","B","2022.737","Canada",2022.737,"North America","North America","PP474819_North-America_B/C_Canada_2022.737"
"3783","PP474818","B/C","B","2022.696","Canada",2022.696,"North America","North America","PP474818_North-America_B/C_Canada_2022.696"
"3784","PP474822","B/C","B","2022.732","Canada",2022.732,"North America","North America","PP474822_North-America_B/C_Canada_2022.732"
"3785","PP474902","B/C","B","2022.762","Canada",2022.762,"North America","North America","PP474902_North-America_B/C_Canada_2022.762"
"3786","PV448649","B/C","B","2022.721","USA",2022.721,"North America","North America","PV448649_North-America_B/C_USA_2022.721"
"3787","OR365034","B/C","B","[2022.748:2022.83]","Slovenia",2022.748,"Europe","Europe","OR365034_Europe_B/C_Slovenia_2022.748"
"3788","PQ612553","B/C","B","2024.541","France",2024.541,"Europe","Europe","PQ612553_Europe_B/C_France_2024.541"
"3789","PQ826415","B/C","B","[2024.667:2024.746]","China",2024.667,"Eastern Asia","External","PQ826415_External_B/C_China_2024.667"
"3790","PQ519622","B/C","B","2023.737","Russia",2023.737,"Europe","Europe","PQ519622_Europe_B/C_Russia_2023.737"
"3791","PQ519621","B/C","B","2023.742","Russia",2023.742,"Europe","Europe","PQ519621_Europe_B/C_Russia_2023.742"
"3792","PQ519623","B/C","B","2023.74","Russia",2023.74,"Europe","Europe","PQ519623_Europe_B/C_Russia_2023.74"
"3793","PQ519624","B/C","B","2023.742","Russia",2023.742,"Europe","Europe","PQ519624_Europe_B/C_Russia_2023.742"
"3794","PP596782","B/C","B","2023.764","Russia",2023.764,"Europe","Europe","PP596782_Europe_B/C_Russia_2023.764"
"3795","PQ519631","B/C","B","2023.734","Russia",2023.734,"Europe","Europe","PQ519631_Europe_B/C_Russia_2023.734"
"3796","PQ519626","B/C","B","2023.773","Russia",2023.773,"Europe","Europe","PQ519626_Europe_B/C_Russia_2023.773"
"3797","PQ519632","B/C","B","2023.737","Russia",2023.737,"Europe","Europe","PQ519632_Europe_B/C_Russia_2023.737"
"3798","PQ519625","B/C","B","2023.759","Russia",2023.759,"Europe","Europe","PQ519625_Europe_B/C_Russia_2023.759"
"3799","PQ519628","B/C","B","2023.833","Russia",2023.833,"Europe","Europe","PQ519628_Europe_B/C_Russia_2023.833"
"3800","PV178235","B/C","B","2024.893","USA",2024.893,"North America","North America","PV178235_North-America_B/C_USA_2024.893"
"3801","PQ612567","B/C","B","2024.705","France",2024.705,"Europe","Europe","PQ612567_Europe_B/C_France_2024.705"
"3802","PQ612499","B/C","B","2024.678","France",2024.678,"Europe","Europe","PQ612499_Europe_B/C_France_2024.678"
"3803","PV476364","B/C","B","[2024.749:2024.831]","Spain",2024.749,"Europe","Europe","PV476364_Europe_B/C_Spain_2024.749"
"3804","PP947796","B/C","B","2024.164","France",2024.164,"Europe","Europe","PP947796_Europe_B/C_France_2024.164"
"3805","PP947797","B/C","B","2024.246","France",2024.246,"Europe","Europe","PP947797_Europe_B/C_France_2024.246"
"3806","PQ612555","B/C","B","2024.56","France",2024.56,"Europe","Europe","PQ612555_Europe_B/C_France_2024.56"
"3807","PQ612556","B/C","B","2024.604","France",2024.604,"Europe","Europe","PQ612556_Europe_B/C_France_2024.604"
"3808","PQ612564","B/C","B","2024.697","France",2024.697,"Europe","Europe","PQ612564_Europe_B/C_France_2024.697"
"3809","PQ612570","B/C","B","2024.71","France",2024.71,"Europe","Europe","PQ612570_Europe_B/C_France_2024.71"
"3810","PV476369","B/C","B","[2024.833:2024.913]","Spain",2024.843963,"Europe","Europe","PV476369_Europe_B/C_Spain_2024.844"
"3811","PV476339","B/C","B","[2024.667:2024.746]","Spain",2024.667,"Europe","Europe","PV476339_Europe_B/C_Spain_2024.667"
"3812","PQ612557","B/C","B","2024.639","France",2024.639,"Europe","Europe","PQ612557_Europe_B/C_France_2024.639"
"3813","PQ612550","B/C","B","2024.489","France",2024.489,"Europe","Europe","PQ612550_Europe_B/C_France_2024.489"
"3814","PQ612563","B/C","B","2024.683","France",2024.683,"Europe","Europe","PQ612563_Europe_B/C_France_2024.683"
"3815","PQ612554","B/C","B","2024.549","France",2024.549,"Europe","Europe","PQ612554_Europe_B/C_France_2024.549"
"3816","PQ612552","B/C","B","2024.5","France",2024.5,"Europe","Europe","PQ612552_Europe_B/C_France_2024.5"
"3817","PQ612551","B/C","B","2024.426","France",2024.426,"Europe","Europe","PQ612551_Europe_B/C_France_2024.426"
"3818","PP838738","B/C","B","2023.964","Senegal",2023.964,"Western Africa","External","PP838738_External_B/C_Senegal_2023.964"
"3819","PV476367","B/C","B","[2024.582:2024.664]","Spain",2024.664,"Europe","Europe","PV476367_Europe_B/C_Spain_2024.664"
"3820","PP838739","B/C","B","2023.953","Senegal",2023.953,"Western Africa","External","PP838739_External_B/C_Senegal_2023.953"
"3821","PP838733","B/C","B","2023.951","Senegal",2023.951,"Western Africa","External","PP838733_External_B/C_Senegal_2023.951"
"3822","PP838727","B/C","B","2023.932","Senegal",2023.932,"Western Africa","External","PP838727_External_B/C_Senegal_2023.932"
"3823","PV476320","B/C","B","[2024.582:2024.664]","Spain",2024.664,"Europe","Europe","PV476320_Europe_B/C_Spain_2024.664"
"3824","PV476348","B/C","B","[2024.749:2024.831]","Spain",2024.749,"Europe","Europe","PV476348_Europe_B/C_Spain_2024.749"
"3825","PQ612559","B/C","B","2024.658","France",2024.658,"Europe","Europe","PQ612559_Europe_B/C_France_2024.658"
"3826","PV476344","B/C","B","[2024.833:2024.913]","Spain",2024.833,"Europe","Europe","PV476344_Europe_B/C_Spain_2024.833"
"3827","PP548247","B/C","B","2023.896","France",2023.896,"Europe","Europe","PP548247_Europe_B/C_France_2023.896"
"3828","PP838737","B/C","B","2023.964","Senegal",2023.964,"Western Africa","External","PP838737_External_B/C_Senegal_2023.964"
"3829","PP838734","B/C","B","2023.937","Senegal",2023.937,"Western Africa","External","PP838734_External_B/C_Senegal_2023.937"
"3830","PP838735","B/C","B","2023.945","Senegal",2023.945,"Western Africa","External","PP838735_External_B/C_Senegal_2023.945"
"3831","PQ612562","B/C","B","2024.669","France",2024.669,"Europe","Europe","PQ612562_Europe_B/C_France_2024.669"
"3832","PQ612500","B/C","B","2024.697","France",2024.697,"Europe","Europe","PQ612500_Europe_B/C_France_2024.697"
"3833","PP838732","B/C","B","2023.951","Senegal",2023.951,"Western Africa","External","PP838732_External_B/C_Senegal_2023.951"
"3834","PP838726","B/C","B","2023.904","Senegal",2023.904,"Western Africa","External","PP838726_External_B/C_Senegal_2023.904"
"3835","PP838736","B/C","B","2023.964","Senegal",2023.964,"Western Africa","External","PP838736_External_B/C_Senegal_2023.964"
"3836","PP838731","B/C","B","2023.934","Senegal",2023.934,"Western Africa","External","PP838731_External_B/C_Senegal_2023.934"
"3837","PP838728","B/C","B","2023.932","Senegal",2023.932,"Western Africa","External","PP838728_External_B/C_Senegal_2023.932"
"3838","PV476365","B/C","B","[2024.667:2024.746]","Spain",2024.667,"Europe","Europe","PV476365_Europe_B/C_Spain_2024.667"
"3839","PV476318","B/C","B","[2024.582:2024.664]","Spain",2024.664,"Europe","Europe","PV476318_Europe_B/C_Spain_2024.664"
"3840","PQ612497","B/C","B","2024.73","France",2024.73,"Europe","Europe","PQ612497_Europe_B/C_France_2024.73"
"3841","PQ612496","B/C","B","2024.73","France",2024.73,"Europe","Europe","PQ612496_Europe_B/C_France_2024.73"
"3842","PQ612498","B/C","B","2024.678","France",2024.678,"Europe","Europe","PQ612498_Europe_B/C_France_2024.678"
"3843","PQ612560","B/C","B","2024.661","France",2024.661,"Europe","Europe","PQ612560_Europe_B/C_France_2024.661"
"3844","PQ612574","B/C","B","2024.727","France",2024.727,"Europe","Europe","PQ612574_Europe_B/C_France_2024.727"
"3845","OP321148","B/C","B","[2022:2022.753]","USA",2022,"North America","North America","OP321148_North-America_B/C_USA_2022"
"3846","PV648973","B/C","B","2022.74","USA",2022.74,"North America","North America","PV648973_North-America_B/C_USA_2022.74"
"3847","PV648960","B/C","B","2022.74","USA",2022.74,"North America","North America","PV648960_North-America_B/C_USA_2022.74"
"3848","PV648970","B/C","B","2022.74","USA",2022.74,"North America","North America","PV648970_North-America_B/C_USA_2022.74"
"3849","OP321144","B/C","B","[2022:2022.682]","USA",2022,"North America","North America","OP321144_North-America_B/C_USA_2022"
"3850","OP572091","B/C","B","2022.682","USA",2022.682,"North America","North America","OP572091_North-America_B/C_USA_2022.682"
"3851","OQ450173","B/C","B","2022.756","South Korea",2022.756,"Eastern Asia","External","OQ450173_External_B/C_South-Korea_2022.756"
"3852","PP474898","B/C","B","2022.742","Canada",2022.742,"North America","North America","PP474898_North-America_B/C_Canada_2022.742"
"3853","PV660513","B/C","B","2022.712","USA",2022.712,"North America","North America","PV660513_North-America_B/C_USA_2022.712"
"3854","OQ160431","B/C","B","2022.666","Sweden",2022.666,"Europe","Europe","OQ160431_Europe_B/C_Sweden_2022.666"
"3855","PV660514","B/C","B","2022.762","USA",2022.762,"North America","North America","PV660514_North-America_B/C_USA_2022.762"
"3856","PQ432998","B/C","B","2023.644","Brazil",2023.644,"South America","External","PQ432998_External_B/C_Brazil_2023.644"
"3857","PQ432997","B/C","B","2023.674","Brazil",2023.674,"South America","External","PQ432997_External_B/C_Brazil_2023.674"
"3858","OP572047","B/C","B","2022.638","USA",2022.638,"North America","North America","OP572047_North-America_B/C_USA_2022.638"
"3859","OP321152","B/C","B","[2022.679:2022.94]","USA",2022.94,"North America","North America","OP321152_North-America_B/C_USA_2022.94"
"3860","OP572072","B/C","B","2022.649","USA",2022.649,"North America","North America","OP572072_North-America_B/C_USA_2022.649"
"3861","PV476354","B/C","B","[2024.749:2024.831]","Spain",2024.749,"Europe","Europe","PV476354_Europe_B/C_Spain_2024.749"
"3862","OP572090","B/C","B","2022.677","USA",2022.677,"North America","North America","OP572090_North-America_B/C_USA_2022.677"
"3863","OP572067","B/C","B","2022.652","USA",2022.652,"North America","North America","OP572067_North-America_B/C_USA_2022.652"
"3864","PV448645","B/C","B","2022.712","USA",2022.712,"North America","North America","PV448645_North-America_B/C_USA_2022.712"
"3865","PP474899","B/C","B","2022.734","Canada",2022.734,"North America","North America","PP474899_North-America_B/C_Canada_2022.734"
"3866","OP572044","B/C","B","2022.647","USA",2022.647,"North America","North America","OP572044_North-America_B/C_USA_2022.647"
"3867","OP572094","B/C","B","2022.69","USA",2022.69,"North America","North America","OP572094_North-America_B/C_USA_2022.69"
"3868","PV476319","B/C","B","[2024.582:2024.664]","Spain",2024.664,"Europe","Europe","PV476319_Europe_B/C_Spain_2024.664"
"3869","OP572054","B/C","B","2022.586","USA",2022.586,"North America","North America","OP572054_North-America_B/C_USA_2022.586"
"3870","OP572060","B/C","B","2022.584","USA",2022.584,"North America","North America","OP572060_North-America_B/C_USA_2022.584"
"3871","OP572092","B/C","B","2022.69","USA",2022.69,"North America","North America","OP572092_North-America_B/C_USA_2022.69"
"3872","OP572039","B/C","B","2022.622","USA",2022.622,"North America","North America","OP572039_North-America_B/C_USA_2022.622"
"3873","OP572082","B/C","B","2022.679","USA",2022.679,"North America","North America","OP572082_North-America_B/C_USA_2022.679"
"3874","OP572063","B/C","B","2022.597","USA",2022.597,"North America","North America","OP572063_North-America_B/C_USA_2022.597"
"3875","OP572056","B/C","B","2022.638","USA",2022.638,"North America","North America","OP572056_North-America_B/C_USA_2022.638"
"3876","OP572057","B/C","B","2022.633","USA",2022.633,"North America","North America","OP572057_North-America_B/C_USA_2022.633"
"3877","OP572078","B/C","B","2022.685","USA",2022.685,"North America","North America","OP572078_North-America_B/C_USA_2022.685"
"3878","PQ432995","B/C","B","2023.715","Brazil",2023.715,"South America","External","PQ432995_External_B/C_Brazil_2023.715"
"3879","OP572075","B/C","B","2022.682","USA",2022.682,"North America","North America","OP572075_North-America_B/C_USA_2022.682"
"3880","OP321141","B/C","B","[2022:2022.551]","USA",2022,"North America","North America","OP321141_North-America_B/C_USA_2022"
"3881","PV448634","B/C","B","2022.819","USA",2022.819,"North America","North America","PV448634_North-America_B/C_USA_2022.819"
"3882","PP474896","B/C","B","2022.71","Canada",2022.71,"North America","North America","PP474896_North-America_B/C_Canada_2022.71"
"3883","PV448646","B/C","B","2022.814","USA",2022.814,"North America","North America","PV448646_North-America_B/C_USA_2022.814"
"3884","PP474897","B/C","B","2022.729","Canada",2022.729,"North America","North America","PP474897_North-America_B/C_Canada_2022.729"
"3885","OP572081","B/C","B","2022.677","USA",2022.677,"North America","North America","OP572081_North-America_B/C_USA_2022.677"
"3886","PV660522","B/C","B","2022.737","USA",2022.737,"North America","North America","PV660522_North-America_B/C_USA_2022.737"
"3887","PV660515","B/C","B","2022.682","USA",2022.682,"North America","North America","PV660515_North-America_B/C_USA_2022.682"
"3888","PV448636","B/C","B","2022.789","USA",2022.789,"North America","North America","PV448636_North-America_B/C_USA_2022.789"
"3889","PV448637","B/C","B","2022.726","USA",2022.726,"North America","North America","PV448637_North-America_B/C_USA_2022.726"
"3890","PV448647","B/C","B","2022.559","USA",2022.559,"North America","North America","PV448647_North-America_B/C_USA_2022.559"
"3891","PV521983","B/C","B","2022.693","USA",2022.693,"North America","North America","PV521983_North-America_B/C_USA_2022.693"
"3892","PV448650","B/C","B","2022.866","USA",2022.866,"North America","North America","PV448650_North-America_B/C_USA_2022.866"
"3893","PX048942","B/C","B","2022.786","USA",2022.786,"North America","North America","PX048942_North-America_B/C_USA_2022.786"
"3894","PV448640","B/C","B","2022.786","USA",2022.786,"North America","North America","PV448640_North-America_B/C_USA_2022.786"
"3895","OP572058","B/C","B","2022.666","USA",2022.666,"North America","North America","OP572058_North-America_B/C_USA_2022.666"
"3896","OP572059","B/C","B","2022.575","USA",2022.575,"North America","North America","OP572059_North-America_B/C_USA_2022.575"
"3897","OP321145","B/C","B","[2022:2022.564]","USA",2022.376741,"North America","North America","OP321145_North-America_B/C_USA_2022.377"
"3898","OP572083","B/C","B","2022.641","USA",2022.641,"North America","North America","OP572083_North-America_B/C_USA_2022.641"
"3899","OP321153","B/C","B","[2022:2022.94]","USA",2022.518797,"North America","North America","OP321153_North-America_B/C_USA_2022.519"
"3900","OP572051","B/C","B","2022.652","USA",2022.652,"North America","North America","OP572051_North-America_B/C_USA_2022.652"
"3901","OP572080","B/C","B","2022.674","USA",2022.674,"North America","North America","OP572080_North-America_B/C_USA_2022.674"
"3902","OP572079","B/C","B","2022.671","USA",2022.671,"North America","North America","OP572079_North-America_B/C_USA_2022.671"
"3903","PQ585567","B/C","B","2023.863","Spain",2023.863,"Europe","Europe","PQ585567_Europe_B/C_Spain_2023.863"
"3904","PP474883","B/C","B","2022.707","Canada",2022.707,"North America","North America","PP474883_North-America_B/C_Canada_2022.707"
"3905","PP474881","B/C","B","2022.685","Canada",2022.685,"North America","North America","PP474881_North-America_B/C_Canada_2022.685"
"3906","PP474880","B/C","B","2022.666","Canada",2022.666,"North America","North America","PP474880_North-America_B/C_Canada_2022.666"
"3907","PP474885","B/C","B","2022.729","Canada",2022.729,"North America","North America","PP474885_North-America_B/C_Canada_2022.729"
"3908","PP474886","B/C","B","2022.715","Canada",2022.715,"North America","North America","PP474886_North-America_B/C_Canada_2022.715"
"3909","PP474884","B/C","B","2022.74","Canada",2022.74,"North America","North America","PP474884_North-America_B/C_Canada_2022.74"
"3910","PP474874","B/C","B","2022.679","Canada",2022.679,"North America","North America","PP474874_North-America_B/C_Canada_2022.679"
"3911","PP474882","B/C","B","2022.715","Canada",2022.715,"North America","North America","PP474882_North-America_B/C_Canada_2022.715"
"3912","PP474878","B/C","B","2022.756","Canada",2022.756,"North America","North America","PP474878_North-America_B/C_Canada_2022.756"
"3913","PP474877","B/C","B","2022.732","Canada",2022.732,"North America","North America","PP474877_North-America_B/C_Canada_2022.732"
"3914","PP474879","B/C","B","2022.721","Canada",2022.721,"North America","North America","PP474879_North-America_B/C_Canada_2022.721"
"3915","PP474876","B/C","B","2022.682","Canada",2022.682,"North America","North America","PP474876_North-America_B/C_Canada_2022.682"
"3916","PP474875","B/C","B","2022.682","Canada",2022.682,"North America","North America","PP474875_North-America_B/C_Canada_2022.682"
"3917","PP474843","B/C","B","2022.734","Canada",2022.734,"North America","North America","PP474843_North-America_B/C_Canada_2022.734"
"3918","OP321142","B/C","B","[2022:2022.94]","USA",2022.07649,"North America","North America","OP321142_North-America_B/C_USA_2022.076"
"3919","PP474839","B/C","B","2022.696","Canada",2022.696,"North America","North America","PP474839_North-America_B/C_Canada_2022.696"
"3920","PP474841","B/C","B","2022.753","Canada",2022.753,"North America","North America","PP474841_North-America_B/C_Canada_2022.753"
"3921","OP572038","B/C","B","2022.619","USA",2022.619,"North America","North America","OP572038_North-America_B/C_USA_2022.619"
"3922","PP474838","B/C","B","2022.696","Canada",2022.696,"North America","North America","PP474838_North-America_B/C_Canada_2022.696"
"3923","PP474842","B/C","B","2022.718","Canada",2022.718,"North America","North America","PP474842_North-America_B/C_Canada_2022.718"
"3924","PP474840","B/C","B","2022.742","Canada",2022.742,"North America","North America","PP474840_North-America_B/C_Canada_2022.742"
"3925","OP321146","B/C","B","[2022:2022.633]","USA",2022.299899,"North America","North America","OP321146_North-America_B/C_USA_2022.3"
"3926","OP321154","B/C","B","[2022:2022.633]","USA",2022.299899,"North America","North America","OP321154_North-America_B/C_USA_2022.3"
"3927","OP572045","B/C","B","2022.633","USA",2022.633,"North America","North America","OP572045_North-America_B/C_USA_2022.633"
"3928","OP572036","B/C","B","2022.625","USA",2022.625,"North America","North America","OP572036_North-America_B/C_USA_2022.625"
"3929","PP474888","B/C","B","2022.682","Canada",2022.682,"North America","North America","PP474888_North-America_B/C_Canada_2022.682"
"3930","PP474887","B/C","B","2022.723","Canada",2022.723,"North America","North America","PP474887_North-America_B/C_Canada_2022.723"
"3931","PV648968","B/C","B","2022.764","USA",2022.764,"North America","North America","PV648968_North-America_B/C_USA_2022.764"
"3932","PX048940","B/C","B","2022.781","USA",2022.781,"North America","North America","PX048940_North-America_B/C_USA_2022.781"
"3933","PV660518","B/C","B","2022.781","USA",2022.781,"North America","North America","PV660518_North-America_B/C_USA_2022.781"
"3934","PP474889","B/C","B","2022.762","Canada",2022.762,"North America","North America","PP474889_North-America_B/C_Canada_2022.762"
"3935","PQ612514","B/C","B","2022.734","France",2022.734,"Europe","Europe","PQ612514_Europe_B/C_France_2022.734"
"3936","PQ612565","B/C","B","2024.699","France",2024.699,"Europe","Europe","PQ612565_Europe_B/C_France_2024.699"
"3937","PQ766592","B/C","B","[2024.249:2024.328]","China",2024.328,"Eastern Asia","External","PQ766592_External_B/C_China_2024.328"
"3938","PQ228195","B/C","B","[2024.331:2024.413]","USA",2024.413,"North America","North America","PQ228195_North-America_B/C_USA_2024.413"
"3939","PQ857717","B/C","B","[2024.331:2024.413]","China",2024.331,"Eastern Asia","External","PQ857717_External_B/C_China_2024.331"
"3940","PQ826414","B/C","B","[2024.415:2024.495]","China",2024.495,"Eastern Asia","External","PQ826414_External_B/C_China_2024.495"
"3941","PQ857716","B/C","B","[2024.331:2024.413]","China",2024.331,"Eastern Asia","External","PQ857716_External_B/C_China_2024.331"
"3942","PV018745","B/C","B","[2024.749:2024.831]","China",2024.806927,"Eastern Asia","External","PV018745_External_B/C_China_2024.807"
"3943","PQ826413","B/C","B","[2024.749:2024.831]","China",2024.806927,"Eastern Asia","External","PQ826413_External_B/C_China_2024.807"
"3944","OP572087","B/C","B","2022.679","USA",2022.679,"North America","North America","OP572087_North-America_B/C_USA_2022.679"
"3945","OP572046","B/C","B","2022.641","USA",2022.641,"North America","North America","OP572046_North-America_B/C_USA_2022.641"
"3946","OP572065","B/C","B","2022.625","USA",2022.625,"North America","North America","OP572065_North-America_B/C_USA_2022.625"
"3947","OP572052","B/C","B","2022.652","USA",2022.652,"North America","North America","OP572052_North-America_B/C_USA_2022.652"
"3948","OP572064","B/C","B","2022.625","USA",2022.625,"North America","North America","OP572064_North-America_B/C_USA_2022.625"
"3949","PQ432996","B/C","B","2023.532","Brazil",2023.532,"South America","External","PQ432996_External_B/C_Brazil_2023.532"
"3950","PP474895","B/C","B","2022.726","Canada",2022.726,"North America","North America","PP474895_North-America_B/C_Canada_2022.726"
"3951","PP474892","B/C","B","2022.745","Canada",2022.745,"North America","North America","PP474892_North-America_B/C_Canada_2022.745"
"3952","PP474891","B/C","B","2022.71","Canada",2022.71,"North America","North America","PP474891_North-America_B/C_Canada_2022.71"
"3953","PP474893","B/C","B","2022.737","Canada",2022.737,"North America","North America","PP474893_North-America_B/C_Canada_2022.737"
"3954","PQ612524","B/C","B","2022.841","France",2022.841,"Europe","Europe","PQ612524_Europe_B/C_France_2022.841"
"3955","PQ519630","B/C","B","2023.688","Russia",2023.688,"Europe","Europe","PQ519630_Europe_B/C_Russia_2023.688"
"3956","PQ585561","B/C","B","2023.764","Spain",2023.764,"Europe","Europe","PQ585561_Europe_B/C_Spain_2023.764"
"3957","OP321150","B/C","B","[2022:2022.94]","USA",2022.008705,"North America","North America","OP321150_North-America_B/C_USA_2022.009"
"3958","OP572062","B/C","B","2022.553","USA",2022.553,"North America","North America","OP572062_North-America_B/C_USA_2022.553"
"3959","PQ612530","B/C","B","2022.885","France",2022.885,"Europe","Europe","PQ612530_Europe_B/C_France_2022.885"
"3960","OR571424","B/C","B","2023.619","Sweden",2023.619,"Europe","Europe","OR571424_Europe_B/C_Sweden_2023.619"
"3961","PP474901","B/C","B","2022.718","Canada",2022.718,"North America","North America","PP474901_North-America_B/C_Canada_2022.718"
"3962","PQ612527","B/C","B","2022.866","France",2022.866,"Europe","Europe","PQ612527_Europe_B/C_France_2022.866"
"3963","PP474894","B/C","B","2022.745","Canada",2022.745,"North America","North America","PP474894_North-America_B/C_Canada_2022.745"
"3964","PP548244","B/C","B","2023.082","France",2023.082,"Europe","Europe","PP548244_Europe_B/C_France_2023.082"
"3965","OP779778","B/C","B","2022.655","USA",2022.655,"North America","North America","OP779778_North-America_B/C_USA_2022.655"
"3966","OP572048","B/C","B","2022.649","USA",2022.649,"North America","North America","OP572048_North-America_B/C_USA_2022.649"
"3967","OP572035","B/C","B","2022.622","USA",2022.622,"North America","North America","OP572035_North-America_B/C_USA_2022.622"
"3968","PP947790","B/C","B","2023.904","France",2023.904,"Europe","Europe","PP947790_Europe_B/C_France_2023.904"
"3969","PQ585558","B/C","B","2023.737","Spain",2023.737,"Europe","Europe","PQ585558_Europe_B/C_Spain_2023.737"
"3970","PP838730","B/C","B","2023.945","Senegal",2023.945,"Western Africa","External","PP838730_External_B/C_Senegal_2023.945"
"3971","PQ585569","B/C","B","2023.732","Finland",2023.732,"Europe","Europe","PQ585569_Europe_B/C_Finland_2023.732"
"3972","PP947798","B/C","B","2023.874","France",2023.874,"Europe","Europe","PP947798_Europe_B/C_France_2023.874"
"3973","PQ483179","B/C","B","2023.674","Italy",2023.674,"Europe","Europe","PQ483179_Europe_B/C_Italy_2023.674"
"3974","PQ585557","B/C","B","2023.737","Spain",2023.737,"Europe","Europe","PQ585557_Europe_B/C_Spain_2023.737"
"3975","PQ585554","B/C","B","2023.699","Spain",2023.699,"Europe","Europe","PQ585554_Europe_B/C_Spain_2023.699"
"3976","PP947795","B/C","B","2023.945","France",2023.945,"Europe","Europe","PP947795_Europe_B/C_France_2023.945"
"3977","PQ585563","B/C","B","2023.805","Spain",2023.805,"Europe","Europe","PQ585563_Europe_B/C_Spain_2023.805"
"3978","PP838729","B/C","B","2023.945","Senegal",2023.945,"Western Africa","External","PP838729_External_B/C_Senegal_2023.945"
"3979","PP947791","B/C","B","2023.926","France",2023.926,"Europe","Europe","PP947791_Europe_B/C_France_2023.926"
"3980","PP947792","B/C","B","2023.932","France",2023.932,"Europe","Europe","PP947792_Europe_B/C_France_2023.932"
"3981","PQ585566","B/C","B","2023.844","Spain",2023.844,"Europe","Europe","PQ585566_Europe_B/C_Spain_2023.844"
"3982","PP947794","B/C","B","2023.995","France",2023.995,"Europe","Europe","PP947794_Europe_B/C_France_2023.995"
"3983","PQ483176","B/C","B","2023.704","Italy",2023.704,"Europe","Europe","PQ483176_Europe_B/C_Italy_2023.704"
"3984","PQ585552","B/C","B","2023.679","Spain",2023.679,"Europe","Europe","PQ585552_Europe_B/C_Spain_2023.679"
"3985","PQ483182","B/C","B","2023.803","Italy",2023.803,"Europe","Europe","PQ483182_Europe_B/C_Italy_2023.803"
"3986","PQ585556","B/C","B","2023.718","Spain",2023.718,"Europe","Europe","PQ585556_Europe_B/C_Spain_2023.718"
"3987","PQ483178","B/C","B","2023.858","Italy",2023.858,"Europe","Europe","PQ483178_Europe_B/C_Italy_2023.858"
"3988","PP548243","B/C","B","2023.745","France",2023.745,"Europe","Europe","PP548243_Europe_B/C_France_2023.745"
"3989","PQ483177","B/C","B","2023.789","Italy",2023.789,"Europe","Europe","PQ483177_Europe_B/C_Italy_2023.789"
"3990","PQ483181","B/C","B","2023.849","Italy",2023.849,"Europe","Europe","PQ483181_Europe_B/C_Italy_2023.849"
"3991","PP548246","B/C","B","2023.852","France",2023.852,"Europe","Europe","PP548246_Europe_B/C_France_2023.852"
"3992","PV648959","B/C","B","2022.712","USA",2022.712,"North America","North America","PV648959_North-America_B/C_USA_2022.712"
"3993","OP572077","B/C","B","2022.658","USA",2022.658,"North America","North America","OP572077_North-America_B/C_USA_2022.658"
"3994","PV660523","B/C","B","2022.778","USA",2022.778,"North America","North America","PV660523_North-America_B/C_USA_2022.778"
"3995","PV660517","B/C","B","2022.732","USA",2022.732,"North America","North America","PV660517_North-America_B/C_USA_2022.732"
"3996","PV448638","B/C","B","2022.732","USA",2022.732,"North America","North America","PV448638_North-America_B/C_USA_2022.732"
"3997","PV448635","B/C","B","2022.712","USA",2022.712,"North America","North America","PV448635_North-America_B/C_USA_2022.712"
"3998","PV660511","B/C","B","2022.677","USA",2022.677,"North America","North America","PV660511_North-America_B/C_USA_2022.677"
"3999","PV648969","B/C","B","2022.677","USA",2022.677,"North America","North America","PV648969_North-America_B/C_USA_2022.677"
"4000","PP474890","B/C","B","2022.745","Canada",2022.745,"North America","North America","PP474890_North-America_B/C_Canada_2022.745"
"4001","OP572093","B/C","B","2022.693","USA",2022.693,"North America","North America","OP572093_North-America_B/C_USA_2022.693"
"4002","PV448643","B/C","B","2022.696","USA",2022.696,"North America","North America","PV448643_North-America_B/C_USA_2022.696"
"4003","PQ585551","B/C","B","2023.044","Spain",2023.044,"Europe","Europe","PQ585551_Europe_B/C_Spain_2023.044"
"4004","PP474869","B/C","B","2022.734","Canada",2022.734,"North America","North America","PP474869_North-America_B/C_Canada_2022.734"
"4005","PP474870","B/C","B","2022.723","Canada",2022.723,"North America","North America","PP474870_North-America_B/C_Canada_2022.723"
"4006","PV648962","B/C","B","2022.756","USA",2022.756,"North America","North America","PV648962_North-America_B/C_USA_2022.756"
"4007","PP474873","B/C","B","2022.704","Canada",2022.704,"North America","North America","PP474873_North-America_B/C_Canada_2022.704"
"4008","PV648966","B/C","B","2022.674","USA",2022.674,"North America","North America","PV648966_North-America_B/C_USA_2022.674"
"4009","PV448641","B/C","B","2022.69","USA",2022.69,"North America","North America","PV448641_North-America_B/C_USA_2022.69"
"4010","PV448648","B/C","B","2022.732","USA",2022.732,"North America","North America","PV448648_North-America_B/C_USA_2022.732"
"4011","PV448642","B/C","B","2022.789","USA",2022.789,"North America","North America","PV448642_North-America_B/C_USA_2022.789"
"4012","PV660521","B/C","B","2022.773","USA",2022.773,"North America","North America","PV660521_North-America_B/C_USA_2022.773"
"4013","PP474864","B/C","B","2022.718","Canada",2022.718,"North America","North America","PP474864_North-America_B/C_Canada_2022.718"
"4014","PP474868","B/C","B","2022.732","Canada",2022.732,"North America","North America","PP474868_North-America_B/C_Canada_2022.732"
"4015","PP474865","B/C","B","2022.742","Canada",2022.742,"North America","North America","PP474865_North-America_B/C_Canada_2022.742"
"4016","PP474867","B/C","B","2022.71","Canada",2022.71,"North America","North America","PP474867_North-America_B/C_Canada_2022.71"
"4017","PP474866","B/C","B","2022.737","Canada",2022.737,"North America","North America","PP474866_North-America_B/C_Canada_2022.737"
"4018","PP474846","B/C","B","2022.745","Canada",2022.745,"North America","North America","PP474846_North-America_B/C_Canada_2022.745"
"4019","PP474845","B/C","B","2022.704","Canada",2022.704,"North America","North America","PP474845_North-America_B/C_Canada_2022.704"
"4020","PP474871","B/C","B","2022.704","Canada",2022.704,"North America","North America","PP474871_North-America_B/C_Canada_2022.704"
"4021","OP572073","B/C","B","2022.647","USA",2022.647,"North America","North America","OP572073_North-America_B/C_USA_2022.647"
"4022","PP474861","B/C","B","2022.737","Canada",2022.737,"North America","North America","PP474861_North-America_B/C_Canada_2022.737"
"4023","PP474900","B/C","B","2022.756","Canada",2022.756,"North America","North America","PP474900_North-America_B/C_Canada_2022.756"
"4024","PV448639","B/C","B","2022.751","USA",2022.751,"North America","North America","PV448639_North-America_B/C_USA_2022.751"
"4025","PQ612528","B/C","B","2022.877","France",2022.877,"Europe","Europe","PQ612528_Europe_B/C_France_2022.877"
"4026","PQ612526","B/C","B","2022.858","France",2022.858,"Europe","Europe","PQ612526_Europe_B/C_France_2022.858"
"4027","PQ612521","B/C","B","2022.792","France",2022.792,"Europe","Europe","PQ612521_Europe_B/C_France_2022.792"
"4028","OP572041","B/C","B","2022.616","USA",2022.616,"North America","North America","OP572041_North-America_B/C_USA_2022.616"
"4029","OP572037","B/C","B","2022.625","USA",2022.625,"North America","North America","OP572037_North-America_B/C_USA_2022.625"
"4030","OP572086","B/C","B","2022.696","USA",2022.696,"North America","North America","OP572086_North-America_B/C_USA_2022.696"
"4031","OP572074","B/C","B","2022.647","USA",2022.647,"North America","North America","OP572074_North-America_B/C_USA_2022.647"
"4032","PP474855","B/C","B","2022.726","Canada",2022.726,"North America","North America","PP474855_North-America_B/C_Canada_2022.726"
"4033","OP572040","B/C","B","2022.622","USA",2022.622,"North America","North America","OP572040_North-America_B/C_USA_2022.622"
"4034","PP474849","B/C","B","2022.712","Canada",2022.712,"North America","North America","PP474849_North-America_B/C_Canada_2022.712"
"4035","PP474856","B/C","B","2022.745","Canada",2022.745,"North America","North America","PP474856_North-America_B/C_Canada_2022.745"
"4036","OR365033","B/C","B","[2022.666:2022.745]","Slovenia",2022.737681,"Europe","Europe","OR365033_Europe_B/C_Slovenia_2022.738"
"4037","PV660519","B/C","B","2022.712","USA",2022.712,"North America","North America","PV660519_North-America_B/C_USA_2022.712"
"4038","PV648957","B/C","B","2022.712","USA",2022.712,"North America","North America","PV648957_North-America_B/C_USA_2022.712"
"4039","PP474859","B/C","B","2022.712","Canada",2022.712,"North America","North America","PP474859_North-America_B/C_Canada_2022.712"
"4040","PP474858","B/C","B","2022.718","Canada",2022.718,"North America","North America","PP474858_North-America_B/C_Canada_2022.718"
"4041","OP572042","B/C","B","2022.652","USA",2022.652,"North America","North America","OP572042_North-America_B/C_USA_2022.652"
"4042","PP474844","B/C","B","2022.668","Canada",2022.668,"North America","North America","PP474844_North-America_B/C_Canada_2022.668"
"4043","PQ819576","B/C","B","[2022.915:2022.997]","USA",2022.915,"North America","North America","PQ819576_North-America_B/C_USA_2022.915"
"4044","OP572084","B/C","B","2022.658","USA",2022.658,"North America","North America","OP572084_North-America_B/C_USA_2022.658"
"4045","OP572043","B/C","B","2022.655","USA",2022.655,"North America","North America","OP572043_North-America_B/C_USA_2022.655"
"4046","PV648967","B/C","B","2022.693","USA",2022.693,"North America","North America","PV648967_North-America_B/C_USA_2022.693"
"4047","PV648963","B/C","B","2022.693","USA",2022.693,"North America","North America","PV648963_North-America_B/C_USA_2022.693"
"4048","OP572071","B/C","B","2022.655","USA",2022.655,"North America","North America","OP572071_North-America_B/C_USA_2022.655"
"4049","OP572069","B/C","B","2022.658","USA",2022.658,"North America","North America","OP572069_North-America_B/C_USA_2022.658"
"4050","PV648971","B/C","B","2022.636","USA",2022.636,"North America","North America","PV648971_North-America_B/C_USA_2022.636"
"4051","PX048941","B/C","B","2022.696","USA",2022.696,"North America","North America","PX048941_North-America_B/C_USA_2022.696"
"4052","PV660512","B/C","B","2022.693","USA",2022.693,"North America","North America","PV660512_North-America_B/C_USA_2022.693"
"4053","PP474851","B/C","B","2022.696","Canada",2022.696,"North America","North America","PP474851_North-America_B/C_Canada_2022.696"
"4054","PP474847","B/C","B","2022.704","Canada",2022.704,"North America","North America","PP474847_North-America_B/C_Canada_2022.704"
"4055","PQ596503","B/C","B","2023.126","United Kingdom",2023.126,"Europe","Europe","PQ596503_Europe_B/C_United-Kingdom_2023.126"
"4056","PQ612512","B/C","B","2022.715","France",2022.715,"Europe","Europe","PQ612512_Europe_B/C_France_2022.715"
"4057","OP321143","B/C","B","[2022:2022.94]","USA",2022.657472,"North America","North America","OP321143_North-America_B/C_USA_2022.657"
"4058","OP572068","B/C","B","2022.658","USA",2022.658,"North America","North America","OP572068_North-America_B/C_USA_2022.658"
"4059","PP474862","B/C","B","2022.753","Canada",2022.753,"North America","North America","PP474862_North-America_B/C_Canada_2022.753"
"4060","PP474854","B/C","B","2022.753","Canada",2022.753,"North America","North America","PP474854_North-America_B/C_Canada_2022.753"
"4061","OP572049","B/C","B","2022.647","USA",2022.647,"North America","North America","OP572049_North-America_B/C_USA_2022.647"
"4062","PV648965","B/C","B","2022.674","USA",2022.674,"North America","North America","PV648965_North-America_B/C_USA_2022.674"
"4063","OP572055","B/C","B","2022.548","USA",2022.548,"North America","North America","OP572055_North-America_B/C_USA_2022.548"
"4064","PV448644","B/C","B","2022.734","USA",2022.734,"North America","North America","PV448644_North-America_B/C_USA_2022.734"
"4065","PV648956","B/C","B","2022.753","USA",2022.753,"North America","North America","PV648956_North-America_B/C_USA_2022.753"
"4066","OP572053","B/C","B","2022.6","USA",2022.6,"North America","North America","OP572053_North-America_B/C_USA_2022.6"
"4067","PP474863","B/C","B","2022.745","Canada",2022.745,"North America","North America","PP474863_North-America_B/C_Canada_2022.745"
"4068","OP572085","B/C","B","2022.696","USA",2022.696,"North America","North America","OP572085_North-America_B/C_USA_2022.696"
"4069","PP474848","B/C","B","2022.707","Canada",2022.707,"North America","North America","PP474848_North-America_B/C_Canada_2022.707"
"4070","OP572050","B/C","B","2022.649","USA",2022.649,"North America","North America","OP572050_North-America_B/C_USA_2022.649"
"4071","OP572089","B/C","B","2022.685","USA",2022.685,"North America","North America","OP572089_North-America_B/C_USA_2022.685"
"4072","OP572088","B/C","B","2022.679","USA",2022.679,"North America","North America","OP572088_North-America_B/C_USA_2022.679"
"4073","PV648972","B/C","B","2022.712","USA",2022.712,"North America","North America","PV648972_North-America_B/C_USA_2022.712"
"4074","PP474872","B/C","B","2022.729","Canada",2022.729,"North America","North America","PP474872_North-America_B/C_Canada_2022.729"
"4075","OP572095","B/C","B","2022.69","USA",2022.69,"North America","North America","OP572095_North-America_B/C_USA_2022.69"
"4076","PP474850","B/C","B","2022.693","Canada",2022.693,"North America","North America","PP474850_North-America_B/C_Canada_2022.693"
"4077","OP572070","B/C","B","2022.668","USA",2022.668,"North America","North America","OP572070_North-America_B/C_USA_2022.668"
"4078","PP474860","B/C","B","2022.726","Canada",2022.726,"North America","North America","PP474860_North-America_B/C_Canada_2022.726"
"4079","OP572066","B/C","B","2022.589","USA",2022.589,"North America","North America","OP572066_North-America_B/C_USA_2022.589"
"4080","OP321147","B/C","B","[2022:2022.94]","USA",2022.687131,"North America","North America","OP321147_North-America_B/C_USA_2022.687"
"4081","OP572076","B/C","B","2022.688","USA",2022.688,"North America","North America","OP572076_North-America_B/C_USA_2022.688"
"4082","PP474853","B/C","B","2022.756","Canada",2022.756,"North America","North America","PP474853_North-America_B/C_Canada_2022.756"
"4083","PP474857","B/C","B","2022.734","Canada",2022.734,"North America","North America","PP474857_North-America_B/C_Canada_2022.734"
"4084","PP474852","B/C","B","2022.682","Canada",2022.682,"North America","North America","PP474852_North-America_B/C_Canada_2022.682"
"4085","PQ612537","B/C","B","2022.83","France",2022.83,"Europe","Europe","PQ612537_Europe_B/C_France_2022.83"
"4086","PQ612529","B/C","B","2022.882","France",2022.882,"Europe","Europe","PQ612529_Europe_B/C_France_2022.882"
"4087","PQ819575","B/C","B","[2022.915:2022.997]","USA",2022.915,"North America","North America","PQ819575_North-America_B/C_USA_2022.915"
"4088","PV648964","B/C","B","2022.734","USA",2022.734,"North America","North America","PV648964_North-America_B/C_USA_2022.734"
"4089","PV660520","B/C","B","2022.715","USA",2022.715,"North America","North America","PV660520_North-America_B/C_USA_2022.715"
"4090","PV660516","B/C","B","2022.712","USA",2022.712,"North America","North America","PV660516_North-America_B/C_USA_2022.712"
"4091","MN245990","B/C","B","[2018.425:2018.997]","USA",2018.439756,"North America","North America","MN245990_North-America_B/C_USA_2018.44"
"4092","MN246027","B/C","B","[2018.682:2018.997]","USA",2018.907442,"North America","North America","MN246027_North-America_B/C_USA_2018.907"
"4093","MN245997","B/C","B","[2018.592:2018.975]","USA",2018.673345,"North America","North America","MN245997_North-America_B/C_USA_2018.673"
"4094","MN245998","B/C","B","[2018.592:2018.975]","USA",2018.673345,"North America","North America","MN245998_North-America_B/C_USA_2018.673"
"4095","MN246036","B/C","B","[2018.438:2018.997]","USA",2018.862169,"North America","North America","MN246036_North-America_B/C_USA_2018.862"
"4096","MK419065","B/C","B","2018.756","USA",2018.756,"North America","North America","MK419065_North-America_B/C_USA_2018.756"
"4097","MZ576319","B/C","B","2018.764","United Kingdom",2018.764,"Europe","Europe","MZ576319_Europe_B/C_United-Kingdom_2018.764"
"4098","MK659598","B/C","B","[2018.581:2018.663]","USA",2018.581,"North America","North America","MK659598_North-America_B/C_USA_2018.581"
"4099","MN245995","B/C","B","[2018.425:2018.997]","USA",2018.997,"North America","North America","MN245995_North-America_B/C_USA_2018.997"
"4100","MK419050","B/C","B","2018.721","USA",2018.721,"North America","North America","MK419050_North-America_B/C_USA_2018.721"
"4101","MK419052","B/C","B","2018.729","USA",2018.729,"North America","North America","MK419052_North-America_B/C_USA_2018.729"
"4102","MN246029","B/C","B","[2018:2018.997]","USA",2018.997,"North America","North America","MN246029_North-America_B/C_USA_2018.997"
"4103","MN246039","B/C","B","[2018.614:2018.997]","USA",2018.997,"North America","North America","MN246039_North-America_B/C_USA_2018.997"
"4104","MN814246","B/C","B","2019.841","Germany",2019.841,"Europe","Europe","MN814246_Europe_B/C_Germany_2019.841"
"4105","MN246026","B/C","B","[2018.427:2018.997]","USA",2018.427,"North America","North America","MN246026_North-America_B/C_USA_2018.427"
"4106","MN246038","B/C","B","[2018.784:2018.997]","USA",2018.997,"North America","North America","MN246038_North-America_B/C_USA_2018.997"
"4107","MK659592","B/C","B","[2018.666:2018.745]","USA",2018.666,"North America","North America","MK659592_North-America_B/C_USA_2018.666"
"4108","MN246000","B/C","B","[2018.701:2018.997]","USA",2018.83335,"North America","North America","MN246000_North-America_B/C_USA_2018.833"
"4109","OK085438","B/C","B","[2019.162:2019.236]","Australia",2019.207698,"Australia and New Zealand","External","OK085438_External_B/C_Australia_2019.208"
"4110","OK085461","B/C","B","[2019.247:2019.318]","Australia",2019.318,"Australia and New Zealand","External","OK085461_External_B/C_Australia_2019.318"
"4111","OK085460","B/C","B","[2019.162:2019.236]","Australia",2019.162,"Australia and New Zealand","External","OK085460_External_B/C_Australia_2019.162"
"4112","OR365029","B/C","B","[2019.748:2019.83]","Slovenia",2019.748,"Europe","Europe","OR365029_Europe_B/C_Slovenia_2019.748"
"4113","OK085457","B/C","B","[2019.247:2019.326]","Australia",2019.247,"Australia and New Zealand","External","OK085457_External_B/C_Australia_2019.247"
"4114","OK085458","B/C","B","[2019.162:2019.244]","Australia",2019.244,"Australia and New Zealand","External","OK085458_External_B/C_Australia_2019.244"
"4115","OK085459","B/C","B","[2019.247:2019.326]","Australia",2019.289058,"Australia and New Zealand","External","OK085459_External_B/C_Australia_2019.289"
"4116","OK085436","B/C","B","[2019.247:2019.318]","Australia",2019.294175,"Australia and New Zealand","External","OK085436_External_B/C_Australia_2019.294"
"4117","MN894274","B/C","B","[2019.833:2019.912]","Germany",2019.912,"Europe","Europe","MN894274_Europe_B/C_Germany_2019.912"
"4118","MN896980","B/C","B","2019.767","Denmark",2019.767,"Europe","Europe","MN896980_Europe_B/C_Denmark_2019.767"
"4119","MN896983","B/C","B","2019.833","Denmark",2019.833,"Europe","Europe","MN896983_Europe_B/C_Denmark_2019.833"
"4120","MN814241","B/C","B","2019.688","Germany",2019.688,"Europe","Europe","MN814241_Europe_B/C_Germany_2019.688"
"4121","OR179074","B/C","B","2019.951","Netherlands",2019.951,"Europe","Europe","OR179074_Europe_B/C_Netherlands_2019.951"
"4122","MN809626","B/C","B","2019.901","Netherlands",2019.901,"Europe","Europe","MN809626_Europe_B/C_Netherlands_2019.901"
"4123","MN814250","B/C","B","2019.863","Germany",2019.863,"Europe","Europe","MN814250_Europe_B/C_Germany_2019.863"
"4124","OQ285852","B/C","B","2020.077","Netherlands",2020.077,"Europe","Europe","OQ285852_Europe_B/C_Netherlands_2020.077"
"4125","OR179078","B/C","B","2020.194","Netherlands",2020.194,"Europe","Europe","OR179078_Europe_B/C_Netherlands_2020.194"
"4126","OQ259319","B/C","B","2020.194","Netherlands",2020.194,"Europe","Europe","OQ259319_Europe_B/C_Netherlands_2020.194"
"4127","OQ285854","B/C","B","2020.197","Netherlands",2020.197,"Europe","Europe","OQ285854_Europe_B/C_Netherlands_2020.197"
"4128","OR179080","B/C","B","2020.213","Netherlands",2020.213,"Europe","Europe","OR179080_Europe_B/C_Netherlands_2020.213"
"4129","OQ259320","B/C","B","2020.213","Netherlands",2020.213,"Europe","Europe","OQ259320_Europe_B/C_Netherlands_2020.213"
"4130","OQ139560","B/C","B","2019.901","Netherlands",2019.901,"Europe","Europe","OQ139560_Europe_B/C_Netherlands_2019.901"
"4131","OQ139559","B/C","B","2019.937","Netherlands",2019.937,"Europe","Europe","OQ139559_Europe_B/C_Netherlands_2019.937"
"4132","MN814245","B/C","B","2019.833","Germany",2019.833,"Europe","Europe","MN814245_Europe_B/C_Germany_2019.833"
"4133","OQ285853","B/C","B","2020.134","Netherlands",2020.134,"Europe","Europe","OQ285853_Europe_B/C_Netherlands_2020.134"
"4134","MN814249","B/C","B","2019.86","Germany",2019.86,"Europe","Europe","MN814249_Europe_B/C_Germany_2019.86"
"4135","MN896982","B/C","B","2019.816","Denmark",2019.816,"Europe","Europe","MN896982_Europe_B/C_Denmark_2019.816"
"4136","OR179071","B/C","B","2019.942","Netherlands",2019.942,"Europe","Europe","OR179071_Europe_B/C_Netherlands_2019.942"
"4137","MN809625","B/C","B","2019.89","Netherlands",2019.89,"Europe","Europe","MN809625_Europe_B/C_Netherlands_2019.89"
"4138","MN894270","B/C","B","[2019.833:2019.912]","Germany",2019.833,"Europe","Europe","MN894270_Europe_B/C_Germany_2019.833"
"4139","MN814251","B/C","B","2019.879","Germany",2019.879,"Europe","Europe","MN814251_Europe_B/C_Germany_2019.879"
"4140","MN894272","B/C","B","[2019.833:2019.912]","Germany",2019.912,"Europe","Europe","MN894272_Europe_B/C_Germany_2019.912"
"4141","OQ259314","B/C","B","2019.942","Netherlands",2019.942,"Europe","Europe","OQ259314_Europe_B/C_Netherlands_2019.942"
"4142","OQ259316","B/C","B","2019.951","Netherlands",2019.951,"Europe","Europe","OQ259316_Europe_B/C_Netherlands_2019.951"
"4143","OQ259317","B/C","B","2019.959","Netherlands",2019.959,"Europe","Europe","OQ259317_Europe_B/C_Netherlands_2019.959"
"4144","OQ259313","B/C","B","2019.937","Netherlands",2019.937,"Europe","Europe","OQ259313_Europe_B/C_Netherlands_2019.937"
"4145","OR179070","B/C","B","2019.937","Netherlands",2019.937,"Europe","Europe","OR179070_Europe_B/C_Netherlands_2019.937"
"4146","MN894277","B/C","B","[2019.915:2019.989]","Germany",2019.915,"Europe","Europe","MN894277_Europe_B/C_Germany_2019.915"
"4147","MN812202","B/C","B","2019.819","Germany",2019.819,"Europe","Europe","MN812202_Europe_B/C_Germany_2019.819"
"4148","OR179079","B/C","B","2020.197","Netherlands",2020.197,"Europe","Europe","OR179079_Europe_B/C_Netherlands_2020.197"
"4149","MN896985","B/C","B","2019.866","Denmark",2019.866,"Europe","Europe","MN896985_Europe_B/C_Denmark_2019.866"
"4150","MN896986","B/C","B","2019.901","Denmark",2019.901,"Europe","Europe","MN896986_Europe_B/C_Denmark_2019.901"
"4151","MN832499","B/C","B","2019.907","Germany",2019.907,"Europe","Europe","MN832499_Europe_B/C_Germany_2019.907"
"4152","MN832498","B/C","B","2019.879","Germany",2019.879,"Europe","Europe","MN832498_Europe_B/C_Germany_2019.879"
"4153","MN894275","B/C","B","[2019.833:2019.904]","Germany",2019.833,"Europe","Europe","MN894275_Europe_B/C_Germany_2019.833"
"4154","MN832500","B/C","B","2019.907","Germany",2019.907,"Europe","Europe","MN832500_Europe_B/C_Germany_2019.907"
"4155","MN814243","B/C","B","2019.718","Germany",2019.718,"Europe","Europe","MN814243_Europe_B/C_Germany_2019.718"
"4156","OQ259315","B/C","B","2019.951","Netherlands",2019.951,"Europe","Europe","OQ259315_Europe_B/C_Netherlands_2019.951"
"4157","MN814248","B/C","B","2019.86","Germany",2019.86,"Europe","Europe","MN814248_Europe_B/C_Germany_2019.86"
"4158","OQ285850","B/C","B","2020.052","Netherlands",2020.052,"Europe","Europe","OQ285850_Europe_B/C_Netherlands_2020.052"
"4159","OR179077","B/C","B","2020.052","Netherlands",2020.052,"Europe","Europe","OR179077_Europe_B/C_Netherlands_2020.052"
"4160","OQ259311","B/C","B","2019.918","Netherlands",2019.918,"Europe","Europe","OQ259311_Europe_B/C_Netherlands_2019.918"
"4161","OQ139563","B/C","B","2020.213","Netherlands",2020.213,"Europe","Europe","OQ139563_Europe_B/C_Netherlands_2020.213"
"4162","OQ285851","B/C","B","2020.055","Netherlands",2020.055,"Europe","Europe","OQ285851_Europe_B/C_Netherlands_2020.055"
"4163","OQ127070","B/C","B","2021.899","United Kingdom",2021.899,"Europe","Europe","OQ127070_Europe_B/C_United-Kingdom_2021.899"
"4164","OQ127094","B/C","B","2021.951","United Kingdom",2021.951,"Europe","Europe","OQ127094_Europe_B/C_United-Kingdom_2021.951"
"4165","OR179094","B/C","B","2021.764","Netherlands",2021.764,"Europe","Europe","OR179094_Europe_B/C_Netherlands_2021.764"
"4166","OQ139598","B/C","B","2021.948","France",2021.948,"Europe","Europe","OQ139598_Europe_B/C_France_2021.948"
"4167","OQ127194","B/C","B","2021.833","United Kingdom",2021.833,"Europe","Europe","OQ127194_Europe_B/C_United-Kingdom_2021.833"
"4168","OQ139578","B/C","B","2021.912","Italy",2021.912,"Europe","Europe","OQ139578_Europe_B/C_Italy_2021.912"
"4169","OM831181","B/C","B","2021.808","France",2021.808,"Europe","Europe","OM831181_Europe_B/C_France_2021.808"
"4170","OM831191","B/C","B","2021.822","France",2021.822,"Europe","Europe","OM831191_Europe_B/C_France_2021.822"
"4171","PQ612546","B/C","B","2021.789","France",2021.789,"Europe","Europe","PQ612546_Europe_B/C_France_2021.789"
"4172","OP267509","B/C","B","[2021.748:2021.83]","France",2021.748,"Europe","Europe","OP267509_Europe_B/C_France_2021.748"
"4173","PQ612531","B/C","B","2022.005","France",2022.005,"Europe","Europe","PQ612531_Europe_B/C_France_2022.005"
"4174","OM831174","B/C","B","2021.789","France",2021.789,"Europe","Europe","OM831174_Europe_B/C_France_2021.789"
"4175","OQ148353","B/C","B","2021.825","Belgium",2021.825,"Europe","Europe","OQ148353_Europe_B/C_Belgium_2021.825"
"4176","OQ127015","B/C","B","2021.874","Spain",2021.874,"Europe","Europe","OQ127015_Europe_B/C_Spain_2021.874"
"4177","OR179112","B/C","B","2021.808","Netherlands",2021.808,"Europe","Europe","OR179112_Europe_B/C_Netherlands_2021.808"
"4178","OQ126975","B/C","B","2021.737","Netherlands",2021.737,"Europe","Europe","OQ126975_Europe_B/C_Netherlands_2021.737"
"4179","OR179105","B/C","B","2021.742","Netherlands",2021.742,"Europe","Europe","OR179105_Europe_B/C_Netherlands_2021.742"
"4180","OR179093","B/C","B","2021.753","Netherlands",2021.753,"Europe","Europe","OR179093_Europe_B/C_Netherlands_2021.753"
"4181","OR179084","B/C","B","2021.737","Netherlands",2021.737,"Europe","Europe","OR179084_Europe_B/C_Netherlands_2021.737"
"4182","OQ126985","B/C","B","2021.792","Netherlands",2021.792,"Europe","Europe","OQ126985_Europe_B/C_Netherlands_2021.792"
"4183","OQ127107","B/C","B","2021.786","United Kingdom",2021.786,"Europe","Europe","OQ127107_Europe_B/C_United-Kingdom_2021.786"
"4184","OR179117","B/C","B","2021.847","Netherlands",2021.847,"Europe","Europe","OR179117_Europe_B/C_Netherlands_2021.847"
"4185","OR179116","B/C","B","2021.838","Netherlands",2021.838,"Europe","Europe","OR179116_Europe_B/C_Netherlands_2021.838"
"4186","OQ126954","B/C","B","2021.83","Netherlands",2021.83,"Europe","Europe","OQ126954_Europe_B/C_Netherlands_2021.83"
"4187","OQ127035","B/C","B","2021.964","Spain",2021.964,"Europe","Europe","OQ127035_Europe_B/C_Spain_2021.964"
"4188","OQ127095","B/C","B","2021.942","United Kingdom",2021.942,"Europe","Europe","OQ127095_Europe_B/C_United-Kingdom_2021.942"
"4189","OQ139556","B/C","B","2021.83","Netherlands",2021.83,"Europe","Europe","OQ139556_Europe_B/C_Netherlands_2021.83"
"4190","OQ127186","B/C","B","2021.822","United Kingdom",2021.822,"Europe","Europe","OQ127186_Europe_B/C_United-Kingdom_2021.822"
"4191","OQ148338","B/C","B","2021.833","Spain",2021.833,"Europe","Europe","OQ148338_Europe_B/C_Spain_2021.833"
"4192","OR179113","B/C","B","2021.833","Netherlands",2021.833,"Europe","Europe","OR179113_Europe_B/C_Netherlands_2021.833"
"4193","OQ127218","B/C","B","2021.866","United Kingdom",2021.866,"Europe","Europe","OQ127218_Europe_B/C_United-Kingdom_2021.866"
"4194","OQ127081","B/C","B","2021.885","United Kingdom",2021.885,"Europe","Europe","OQ127081_Europe_B/C_United-Kingdom_2021.885"
"4195","OQ139599","B/C","B","2021.948","France",2021.948,"Europe","Europe","OQ139599_Europe_B/C_France_2021.948"
"4196","OR179139","B/C","B","2021.899","Netherlands",2021.899,"Europe","Europe","OR179139_Europe_B/C_Netherlands_2021.899"
"4197","OQ139557","B/C","B","2021.855","Netherlands",2021.855,"Europe","Europe","OQ139557_Europe_B/C_Netherlands_2021.855"
"4198","OQ127209","B/C","B","2021.849","United Kingdom",2021.849,"Europe","Europe","OQ127209_Europe_B/C_United-Kingdom_2021.849"
"4199","OQ127210","B/C","B","2021.852","United Kingdom",2021.852,"Europe","Europe","OQ127210_Europe_B/C_United-Kingdom_2021.852"
"4200","OP267534","B/C","B","[2021.666:2021.745]","France",2021.666,"Europe","Europe","OP267534_Europe_B/C_France_2021.666"
"4201","OR179095","B/C","B","2021.767","Netherlands",2021.767,"Europe","Europe","OR179095_Europe_B/C_Netherlands_2021.767"
"4202","OR179133","B/C","B","2021.797","Netherlands",2021.797,"Europe","Europe","OR179133_Europe_B/C_Netherlands_2021.797"
"4203","OQ126948","B/C","B","2021.814","Netherlands",2021.814,"Europe","Europe","OQ126948_Europe_B/C_Netherlands_2021.814"
"4204","OR179098","B/C","B","2021.786","Netherlands",2021.786,"Europe","Europe","OR179098_Europe_B/C_Netherlands_2021.786"
"4205","OQ127055","B/C","B","2021.737","United Kingdom",2021.737,"Europe","Europe","OQ127055_Europe_B/C_United-Kingdom_2021.737"
"4206","OQ126999","B/C","B","2021.786","Netherlands",2021.786,"Europe","Europe","OQ126999_Europe_B/C_Netherlands_2021.786"
"4207","OP267525","B/C","B","[2021.748:2021.83]","France",2021.7855,"Europe","Europe","OP267525_Europe_B/C_France_2021.785"
"4208","OQ126930","B/C","B","2021.767","Netherlands",2021.767,"Europe","Europe","OQ126930_Europe_B/C_Netherlands_2021.767"
"4209","OR179104","B/C","B","2021.822","Netherlands",2021.822,"Europe","Europe","OR179104_Europe_B/C_Netherlands_2021.822"
"4210","OQ126953","B/C","B","2021.797","Netherlands",2021.797,"Europe","Europe","OQ126953_Europe_B/C_Netherlands_2021.797"
"4211","OQ127182","B/C","B","2021.841","United Kingdom",2021.841,"Europe","Europe","OQ127182_Europe_B/C_United-Kingdom_2021.841"
"4212","OQ127237","B/C","B","2021.882","United Kingdom",2021.882,"Europe","Europe","OQ127237_Europe_B/C_United-Kingdom_2021.882"
"4213","OQ126945","B/C","B","2021.874","Netherlands",2021.874,"Europe","Europe","OQ126945_Europe_B/C_Netherlands_2021.874"
"4214","OQ126940","B/C","B","2021.855","Netherlands",2021.855,"Europe","Europe","OQ126940_Europe_B/C_Netherlands_2021.855"
"4215","OQ126941","B/C","B","2021.86","Netherlands",2021.86,"Europe","Europe","OQ126941_Europe_B/C_Netherlands_2021.86"
"4216","OQ127063","B/C","B","2021.879","United Kingdom",2021.879,"Europe","Europe","OQ127063_Europe_B/C_United-Kingdom_2021.879"
"4217","OR179138","B/C","B","2021.877","Netherlands",2021.877,"Europe","Europe","OR179138_Europe_B/C_Netherlands_2021.877"
"4218","OR179126","B/C","B","2021.827","Netherlands",2021.827,"Europe","Europe","OR179126_Europe_B/C_Netherlands_2021.827"
"4219","OQ127025","B/C","B","2021.929","Spain",2021.929,"Europe","Europe","OQ127025_Europe_B/C_Spain_2021.929"
"4220","OQ127132","B/C","B","2021.816","United Kingdom",2021.816,"Europe","Europe","OQ127132_Europe_B/C_United-Kingdom_2021.816"
"4221","OQ127001","B/C","B","2021.849","Netherlands",2021.849,"Europe","Europe","OQ127001_Europe_B/C_Netherlands_2021.849"
"4222","OQ126943","B/C","B","2021.868","Netherlands",2021.868,"Europe","Europe","OQ126943_Europe_B/C_Netherlands_2021.868"
"4223","OQ586780","B/C","B","2021.915","Ireland",2021.915,"Europe","Europe","OQ586780_Europe_B/C_Ireland_2021.915"
"4224","PQ612516","B/C","B","2022.745","France",2022.745,"Europe","Europe","PQ612516_Europe_B/C_France_2022.745"
"4225","PP069743","B/C","B","2021.923","Norway",2021.923,"Europe","Europe","PP069743_Europe_B/C_Norway_2021.923"
"4226","OQ127033","B/C","B","2021.964","Spain",2021.964,"Europe","Europe","OQ127033_Europe_B/C_Spain_2021.964"
"4227","OQ139580","B/C","B","2021.973","Italy",2021.973,"Europe","Europe","OQ139580_Europe_B/C_Italy_2021.973"
"4228","OQ127038","B/C","B","2021.984","Spain",2021.984,"Europe","Europe","OQ127038_Europe_B/C_Spain_2021.984"
"4229","OQ127032","B/C","B","2021.959","Spain",2021.959,"Europe","Europe","OQ127032_Europe_B/C_Spain_2021.959"
"4230","OQ148260","B/C","B","2021.951","Spain",2021.951,"Europe","Europe","OQ148260_Europe_B/C_Spain_2021.951"
"4231","OR179123","B/C","B","2021.871","Netherlands",2021.871,"Europe","Europe","OR179123_Europe_B/C_Netherlands_2021.871"
"4232","OQ120631","B/C","B","2021.888","Spain",2021.888,"Europe","Europe","OQ120631_Europe_B/C_Spain_2021.888"
"4233","OR179119","B/C","B","2021.855","Netherlands",2021.855,"Europe","Europe","OR179119_Europe_B/C_Netherlands_2021.855"
"4234","OQ139579","B/C","B","2021.896","Italy",2021.896,"Europe","Europe","OQ139579_Europe_B/C_Italy_2021.896"
"4235","OQ139576","B/C","B","2021.822","Italy",2021.822,"Europe","Europe","OQ139576_Europe_B/C_Italy_2021.822"
"4236","OR179100","B/C","B","2021.792","Netherlands",2021.792,"Europe","Europe","OR179100_Europe_B/C_Netherlands_2021.792"
"4237","OR179086","B/C","B","2021.737","Netherlands",2021.737,"Europe","Europe","OR179086_Europe_B/C_Netherlands_2021.737"
"4238","OQ139582","B/C","B","2021.732","Italy",2021.732,"Europe","Europe","OQ139582_Europe_B/C_Italy_2021.732"
"4239","OQ160433","B/C","B","2022.666","Sweden",2022.666,"Europe","Europe","OQ160433_Europe_B/C_Sweden_2022.666"
"4240","OQ148181","B/C","B","2021.734","Spain",2021.734,"Europe","Europe","OQ148181_Europe_B/C_Spain_2021.734"
"4241","OQ148188","B/C","B","2021.849","Spain",2021.849,"Europe","Europe","OQ148188_Europe_B/C_Spain_2021.849"
"4242","OQ148331","B/C","B","2021.805","Spain",2021.805,"Europe","Europe","OQ148331_Europe_B/C_Spain_2021.805"
"4243","OQ148282","B/C","B","2021.77","Spain",2021.77,"Europe","Europe","OQ148282_Europe_B/C_Spain_2021.77"
"4244","OQ148283","B/C","B","2021.764","Spain",2021.764,"Europe","Europe","OQ148283_Europe_B/C_Spain_2021.764"
"4245","OQ148280","B/C","B","2021.77","Spain",2021.77,"Europe","Europe","OQ148280_Europe_B/C_Spain_2021.77"
"4246","OQ148294","B/C","B","2021.781","Spain",2021.781,"Europe","Europe","OQ148294_Europe_B/C_Spain_2021.781"
"4247","OQ148315","B/C","B","2021.8","Spain",2021.8,"Europe","Europe","OQ148315_Europe_B/C_Spain_2021.8"
"4248","OQ148279","B/C","B","2021.77","Spain",2021.77,"Europe","Europe","OQ148279_Europe_B/C_Spain_2021.77"
"4249","OQ148326","B/C","B","2021.814","Spain",2021.814,"Europe","Europe","OQ148326_Europe_B/C_Spain_2021.814"
"4250","OQ148327","B/C","B","2021.819","Spain",2021.819,"Europe","Europe","OQ148327_Europe_B/C_Spain_2021.819"
"4251","OQ148330","B/C","B","2021.827","Spain",2021.827,"Europe","Europe","OQ148330_Europe_B/C_Spain_2021.827"
"4252","OQ148199","B/C","B","2021.855","Spain",2021.855,"Europe","Europe","OQ148199_Europe_B/C_Spain_2021.855"
"4253","OQ148186","B/C","B","2021.847","Spain",2021.847,"Europe","Europe","OQ148186_Europe_B/C_Spain_2021.847"
"4254","OQ148342","B/C","B","2021.838","Spain",2021.838,"Europe","Europe","OQ148342_Europe_B/C_Spain_2021.838"
"4255","OQ148332","B/C","B","2021.808","Spain",2021.808,"Europe","Europe","OQ148332_Europe_B/C_Spain_2021.808"
"4256","OQ148336","B/C","B","2021.83","Spain",2021.83,"Europe","Europe","OQ148336_Europe_B/C_Spain_2021.83"
"4257","OQ148329","B/C","B","2021.825","Spain",2021.825,"Europe","Europe","OQ148329_Europe_B/C_Spain_2021.825"
"4258","OQ126979","B/C","B","2021.742","Netherlands",2021.742,"Europe","Europe","OQ126979_Europe_B/C_Netherlands_2021.742"
"4259","OQ126965","B/C","B","2021.805","Netherlands",2021.805,"Europe","Europe","OQ126965_Europe_B/C_Netherlands_2021.805"
"4260","OQ148351","B/C","B","2021.83","Belgium",2021.83,"Europe","Europe","OQ148351_Europe_B/C_Belgium_2021.83"
"4261","OQ148357","B/C","B","2021.863","Belgium",2021.863,"Europe","Europe","OQ148357_Europe_B/C_Belgium_2021.863"
"4262","OP267535","B/C","B","[2021.748:2021.83]","France",2021.83,"Europe","Europe","OP267535_Europe_B/C_France_2021.83"
"4263","LC744414","B/C","B","[2022.748:2022.83]","Japan",2022.748,"Eastern Asia","External","LC744414_External_B/C_Japan_2022.748"
"4264","OQ586773","B/C","B","2021.803","France",2021.803,"Europe","Europe","OQ586773_Europe_B/C_France_2021.803"
"4265","OQ127102","B/C","B","2021.786","United Kingdom",2021.786,"Europe","Europe","OQ127102_Europe_B/C_United-Kingdom_2021.786"
"4266","OQ127163","B/C","B","2021.808","United Kingdom",2021.808,"Europe","Europe","OQ127163_Europe_B/C_United-Kingdom_2021.808"
"4267","OQ148256","B/C","B","2021.934","Spain",2021.934,"Europe","Europe","OQ148256_Europe_B/C_Spain_2021.934"
"4268","OQ148254","B/C","B","2021.929","Spain",2021.929,"Europe","Europe","OQ148254_Europe_B/C_Spain_2021.929"
"4269","OQ127064","B/C","B","2021.893","United Kingdom",2021.893,"Europe","Europe","OQ127064_Europe_B/C_United-Kingdom_2021.893"
"4270","OQ127197","B/C","B","2021.841","United Kingdom",2021.841,"Europe","Europe","OQ127197_Europe_B/C_United-Kingdom_2021.841"
"4271","OQ127169","B/C","B","2021.814","United Kingdom",2021.814,"Europe","Europe","OQ127169_Europe_B/C_United-Kingdom_2021.814"
"4272","OR179127","B/C","B","2021.86","Netherlands",2021.86,"Europe","Europe","OR179127_Europe_B/C_Netherlands_2021.86"
"4273","OQ127178","B/C","B","2021.811","United Kingdom",2021.811,"Europe","Europe","OQ127178_Europe_B/C_United-Kingdom_2021.811"
"4274","OQ126936","B/C","B","2021.808","Netherlands",2021.808,"Europe","Europe","OQ126936_Europe_B/C_Netherlands_2021.808"
"4275","OQ126949","B/C","B","2021.767","Netherlands",2021.767,"Europe","Europe","OQ126949_Europe_B/C_Netherlands_2021.767"
"4276","OQ126984","B/C","B","2021.784","Netherlands",2021.784,"Europe","Europe","OQ126984_Europe_B/C_Netherlands_2021.784"
"4277","OQ126972","B/C","B","2021.868","Netherlands",2021.868,"Europe","Europe","OQ126972_Europe_B/C_Netherlands_2021.868"
"4278","OR179090","B/C","B","2021.748","Netherlands",2021.748,"Europe","Europe","OR179090_Europe_B/C_Netherlands_2021.748"
"4279","OQ148295","B/C","B","2021.781","Spain",2021.781,"Europe","Europe","OQ148295_Europe_B/C_Spain_2021.781"
"4280","OQ148305","B/C","B","2021.808","Spain",2021.808,"Europe","Europe","OQ148305_Europe_B/C_Spain_2021.808"
"4281","OQ127020","B/C","B","2021.904","Spain",2021.904,"Europe","Europe","OQ127020_Europe_B/C_Spain_2021.904"
"4282","OR179111","B/C","B","2021.784","Netherlands",2021.784,"Europe","Europe","OR179111_Europe_B/C_Netherlands_2021.784"
"4283","OR179132","B/C","B","2021.795","Netherlands",2021.795,"Europe","Europe","OR179132_Europe_B/C_Netherlands_2021.795"
"4284","OQ127072","B/C","B","2021.899","United Kingdom",2021.899,"Europe","Europe","OQ127072_Europe_B/C_United-Kingdom_2021.899"
"4285","OQ127034","B/C","B","2021.964","Spain",2021.964,"Europe","Europe","OQ127034_Europe_B/C_Spain_2021.964"
"4286","OQ127014","B/C","B","2021.874","Spain",2021.874,"Europe","Europe","OQ127014_Europe_B/C_Spain_2021.874"
"4287","OP267494","B/C","B","[2021.666:2021.745]","France",2021.666,"Europe","Europe","OP267494_Europe_B/C_France_2021.666"
"4288","OP267493","B/C","B","[2021.666:2021.745]","France",2021.666,"Europe","Europe","OP267493_Europe_B/C_France_2021.666"
"4289","OP267502","B/C","B","[2021.748:2021.83]","France",2021.748,"Europe","Europe","OP267502_Europe_B/C_France_2021.748"
"4290","OP267506","B/C","B","[2021.748:2021.83]","France",2021.797449,"Europe","Europe","OP267506_Europe_B/C_France_2021.797"
"4291","OP267507","B/C","B","[2021.748:2021.83]","France",2021.797449,"Europe","Europe","OP267507_Europe_B/C_France_2021.797"
"4292","OP267501","B/C","B","[2021.748:2021.83]","France",2021.83,"Europe","Europe","OP267501_Europe_B/C_France_2021.83"
"4293","OP267504","B/C","B","[2021.748:2021.83]","France",2021.784026,"Europe","Europe","OP267504_Europe_B/C_France_2021.784"
"4294","OP267500","B/C","B","[2021.748:2021.83]","France",2021.784026,"Europe","Europe","OP267500_Europe_B/C_France_2021.784"
"4295","OP267508","B/C","B","[2021.748:2021.83]","France",2021.78216,"Europe","Europe","OP267508_Europe_B/C_France_2021.782"
"4296","OP267503","B/C","B","[2021.748:2021.83]","France",2021.83,"Europe","Europe","OP267503_Europe_B/C_France_2021.83"
"4297","OP267523","B/C","B","[2021.833:2021.912]","France",2021.880327,"Europe","Europe","OP267523_Europe_B/C_France_2021.88"
"4298","OP267514","B/C","B","[2021.748:2021.83]","France",2021.748,"Europe","Europe","OP267514_Europe_B/C_France_2021.748"
"4299","OP267517","B/C","B","[2021.748:2021.83]","France",2021.83,"Europe","Europe","OP267517_Europe_B/C_France_2021.83"
"4300","OP267518","B/C","B","[2021.748:2021.83]","France",2021.83,"Europe","Europe","OP267518_Europe_B/C_France_2021.83"
"4301","OP267510","B/C","B","[2021.748:2021.83]","France",2021.799186,"Europe","Europe","OP267510_Europe_B/C_France_2021.799"
"4302","OP267513","B/C","B","[2021.748:2021.83]","France",2021.798884,"Europe","Europe","OP267513_Europe_B/C_France_2021.799"
"4303","OM831203","B/C","B","2021.896","France",2021.896,"Europe","Europe","OM831203_Europe_B/C_France_2021.896"
"4304","OQ127013","B/C","B","2021.833","Spain",2021.833,"Europe","Europe","OQ127013_Europe_B/C_Spain_2021.833"
"4305","OM831205","B/C","B","2021.901","France",2021.901,"Europe","Europe","OM831205_Europe_B/C_France_2021.901"
"4306","OM831163","B/C","B","2021.773","France",2021.773,"Europe","Europe","OM831163_Europe_B/C_France_2021.773"
"4307","OM831158","B/C","B","2021.742","France",2021.742,"Europe","Europe","OM831158_Europe_B/C_France_2021.742"
"4308","OQ586764","B/C","B","2021.759","France",2021.759,"Europe","Europe","OQ586764_Europe_B/C_France_2021.759"
"4309","OQ586769","B/C","B","2021.778","France",2021.778,"Europe","Europe","OQ586769_Europe_B/C_France_2021.778"
"4310","OQ586774","B/C","B","2021.808","France",2021.808,"Europe","Europe","OQ586774_Europe_B/C_France_2021.808"
"4311","OQ586770","B/C","B","2021.781","France",2021.781,"Europe","Europe","OQ586770_Europe_B/C_France_2021.781"
"4312","PQ612539","B/C","B","2021.742","France",2021.742,"Europe","Europe","PQ612539_Europe_B/C_France_2021.742"
"4313","PQ612545","B/C","B","2021.786","France",2021.786,"Europe","Europe","PQ612545_Europe_B/C_France_2021.786"
"4314","OM831183","B/C","B","2021.811","France",2021.811,"Europe","Europe","OM831183_Europe_B/C_France_2021.811"
"4315","OM831172","B/C","B","2021.786","France",2021.786,"Europe","Europe","OM831172_Europe_B/C_France_2021.786"
"4316","OQ127027","B/C","B","2021.945","Spain",2021.945,"Europe","Europe","OQ127027_Europe_B/C_Spain_2021.945"
"4317","OR179102","B/C","B","2021.803","Netherlands",2021.803,"Europe","Europe","OR179102_Europe_B/C_Netherlands_2021.803"
"4318","OQ127026","B/C","B","2021.942","Spain",2021.942,"Europe","Europe","OQ127026_Europe_B/C_Spain_2021.942"
"4319","OQ127024","B/C","B","2021.926","Spain",2021.926,"Europe","Europe","OQ127024_Europe_B/C_Spain_2021.926"
"4320","OQ127022","B/C","B","2021.918","Spain",2021.918,"Europe","Europe","OQ127022_Europe_B/C_Spain_2021.918"
"4321","OQ127030","B/C","B","2021.956","Spain",2021.956,"Europe","Europe","OQ127030_Europe_B/C_Spain_2021.956"
"4322","OQ120627","B/C","B","2021.871","Spain",2021.871,"Europe","Europe","OQ120627_Europe_B/C_Spain_2021.871"
"4323","OQ139568","B/C","B","2021.814","Netherlands",2021.814,"Europe","Europe","OQ139568_Europe_B/C_Netherlands_2021.814"
"4324","OQ127235","B/C","B","2021.879","United Kingdom",2021.879,"Europe","Europe","OQ127235_Europe_B/C_United-Kingdom_2021.879"
"4325","OQ127028","B/C","B","2021.945","Spain",2021.945,"Europe","Europe","OQ127028_Europe_B/C_Spain_2021.945"
"4326","OQ586790","B/C","B","2022","Ireland",2022,"Europe","Europe","OQ586790_Europe_B/C_Ireland_2022"
"4327","OR179122","B/C","B","2021.866","Netherlands",2021.866,"Europe","Europe","OR179122_Europe_B/C_Netherlands_2021.866"
"4328","OQ127041","B/C","B","2021.992","Spain",2021.992,"Europe","Europe","OQ127041_Europe_B/C_Spain_2021.992"
"4329","OQ127039","B/C","B","2021.986","Spain",2021.986,"Europe","Europe","OQ127039_Europe_B/C_Spain_2021.986"
"4330","OQ127018","B/C","B","2021.893","Spain",2021.893,"Europe","Europe","OQ127018_Europe_B/C_Spain_2021.893"
"4331","OQ127021","B/C","B","2021.912","Spain",2021.912,"Europe","Europe","OQ127021_Europe_B/C_Spain_2021.912"
"4332","OQ126963","B/C","B","2021.759","Netherlands",2021.759,"Europe","Europe","OQ126963_Europe_B/C_Netherlands_2021.759"
"4333","OQ127031","B/C","B","2021.956","Spain",2021.956,"Europe","Europe","OQ127031_Europe_B/C_Spain_2021.956"
"4334","OQ127044","B/C","B","2022.014","Spain",2022.014,"Europe","Europe","OQ127044_Europe_B/C_Spain_2022.014"
"4335","OQ126997","B/C","B","2021.795","Netherlands",2021.795,"Europe","Europe","OQ126997_Europe_B/C_Netherlands_2021.795"
"4336","OQ126970","B/C","B","2021.86","Netherlands",2021.86,"Europe","Europe","OQ126970_Europe_B/C_Netherlands_2021.86"
"4337","OQ127043","B/C","B","2022.005","Spain",2022.005,"Europe","Europe","OQ127043_Europe_B/C_Spain_2022.005"
"4338","OM811651","B/C","B","2021.786","Germany",2021.786,"Europe","Europe","OM811651_Europe_B/C_Germany_2021.786"
"4339","OQ127040","B/C","B","2021.986","Spain",2021.986,"Europe","Europe","OQ127040_Europe_B/C_Spain_2021.986"
"4340","OM811652","B/C","B","2021.871","Germany",2021.871,"Europe","Europe","OM811652_Europe_B/C_Germany_2021.871"
"4341","OQ126944","B/C","B","2021.871","Netherlands",2021.871,"Europe","Europe","OQ126944_Europe_B/C_Netherlands_2021.871"
"4342","OQ126957","B/C","B","2021.882","Netherlands",2021.882,"Europe","Europe","OQ126957_Europe_B/C_Netherlands_2021.882"
"4343","OQ127037","B/C","B","2021.975","Spain",2021.975,"Europe","Europe","OQ127037_Europe_B/C_Spain_2021.975"
"4344","OQ127017","B/C","B","2021.882","Spain",2021.882,"Europe","Europe","OQ127017_Europe_B/C_Spain_2021.882"
"4345","OQ126938","B/C","B","2021.852","Netherlands",2021.852,"Europe","Europe","OQ126938_Europe_B/C_Netherlands_2021.852"
"4346","OQ127016","B/C","B","2021.877","Spain",2021.877,"Europe","Europe","OQ127016_Europe_B/C_Spain_2021.877"
"4347","OQ127046","B/C","B","2022.047","Spain",2022.047,"Europe","Europe","OQ127046_Europe_B/C_Spain_2022.047"
"4348","PQ612535","B/C","B","2022.707","France",2022.707,"Europe","Europe","PQ612535_Europe_B/C_France_2022.707"
"4349","PQ612519","B/C","B","2022.784","France",2022.784,"Europe","Europe","PQ612519_Europe_B/C_France_2022.784"
"4350","OQ127098","B/C","B","2021.822","United Kingdom",2021.822,"Europe","Europe","OQ127098_Europe_B/C_United-Kingdom_2021.822"
"4351","OQ126939","B/C","B","2021.852","Netherlands",2021.852,"Europe","Europe","OQ126939_Europe_B/C_Netherlands_2021.852"
"4352","OR179110","B/C","B","2021.833","Netherlands",2021.833,"Europe","Europe","OR179110_Europe_B/C_Netherlands_2021.833"
"4353","OQ127019","B/C","B","2021.893","Spain",2021.893,"Europe","Europe","OQ127019_Europe_B/C_Spain_2021.893"
"4354","PV648958","B/C","B","2022.674","USA",2022.674,"North America","North America","PV648958_North-America_B/C_USA_2022.674"
"4355","OL829827","B/C","B","[2021.575:2021.578]","United Kingdom",2021.575,"Europe","Europe","OL829827_Europe_B/C_United-Kingdom_2021.575"
"4356","OL829828","B/C","B","[2021.603:2021.663]","United Kingdom",2021.663,"Europe","Europe","OL829828_Europe_B/C_United-Kingdom_2021.663"
"4357","OL687552","B/C","B","2021.816","United Kingdom",2021.816,"Europe","Europe","OL687552_Europe_B/C_United-Kingdom_2021.816"
"4358","OL829845","B/C","B","[2021.666:2021.745]","United Kingdom",2021.666,"Europe","Europe","OL829845_Europe_B/C_United-Kingdom_2021.666"
"4359","OL829829","B/C","B","[2021.616:2021.663]","United Kingdom",2021.663,"Europe","Europe","OL829829_Europe_B/C_United-Kingdom_2021.663"
"4360","OL687553","B/C","B","2021.816","United Kingdom",2021.816,"Europe","Europe","OL687553_Europe_B/C_United-Kingdom_2021.816"
"4361","OL829846","B/C","B","[2021.748:2021.83]","United Kingdom",2021.815013,"Europe","Europe","OL829846_Europe_B/C_United-Kingdom_2021.815"
"4362","PP474903","B/C","B","2022.696","Canada",2022.696,"North America","North America","PP474903_North-America_B/C_Canada_2022.696"
"4363","OQ148211","B/C","B","2021.874","Spain",2021.874,"Europe","Europe","OQ148211_Europe_B/C_Spain_2021.874"
"4364","OM831201","B/C","B","2021.888","France",2021.888,"Europe","Europe","OM831201_Europe_B/C_France_2021.888"
"4365","OR179118","B/C","B","2021.852","Netherlands",2021.852,"Europe","Europe","OR179118_Europe_B/C_Netherlands_2021.852"
"4366","OQ586779","B/C","B","2021.915","Ireland",2021.915,"Europe","Europe","OQ586779_Europe_B/C_Ireland_2021.915"
"4367","OQ586776","B/C","B","2021.748","Ireland",2021.748,"Europe","Europe","OQ586776_Europe_B/C_Ireland_2021.748"
"4368","PQ612509","B/C","B","2022.696","France",2022.696,"Europe","Europe","PQ612509_Europe_B/C_France_2022.696"
"4369","OQ586772","B/C","B","2021.789","France",2021.789,"Europe","Europe","OQ586772_Europe_B/C_France_2021.789"
"4370","OQ148335","B/C","B","2021.83","Spain",2021.83,"Europe","Europe","OQ148335_Europe_B/C_Spain_2021.83"
"4371","OM831178","B/C","B","2021.805","France",2021.805,"Europe","Europe","OM831178_Europe_B/C_France_2021.805"
"4372","OP267519","B/C","B","[2021.748:2021.83]","France",2021.83,"Europe","Europe","OP267519_Europe_B/C_France_2021.83"
"4373","OM831204","B/C","B","2021.896","France",2021.896,"Europe","Europe","OM831204_Europe_B/C_France_2021.896"
"4374","OQ148209","B/C","B","2021.874","Spain",2021.874,"Europe","Europe","OQ148209_Europe_B/C_Spain_2021.874"
"4375","OQ127151","B/C","B","2021.841","United Kingdom",2021.841,"Europe","Europe","OQ127151_Europe_B/C_United-Kingdom_2021.841"
"4376","OQ127069","B/C","B","2021.775","United Kingdom",2021.775,"Europe","Europe","OQ127069_Europe_B/C_United-Kingdom_2021.775"
"4377","OQ127121","B/C","B","2021.778","United Kingdom",2021.778,"Europe","Europe","OQ127121_Europe_B/C_United-Kingdom_2021.778"
"4378","OQ127114","B/C","B","2022.047","United Kingdom",2022.047,"Europe","Europe","OQ127114_Europe_B/C_United-Kingdom_2022.047"
"4379","OQ127173","B/C","B","2021.819","United Kingdom",2021.819,"Europe","Europe","OQ127173_Europe_B/C_United-Kingdom_2021.819"
"4380","OQ127056","B/C","B","2021.718","United Kingdom",2021.718,"Europe","Europe","OQ127056_Europe_B/C_United-Kingdom_2021.718"
"4381","OQ127156","B/C","B","2021.8","United Kingdom",2021.8,"Europe","Europe","OQ127156_Europe_B/C_United-Kingdom_2021.8"
"4382","OQ127123","B/C","B","2021.795","United Kingdom",2021.795,"Europe","Europe","OQ127123_Europe_B/C_United-Kingdom_2021.795"
"4383","OQ127076","B/C","B","2021.91","United Kingdom",2021.91,"Europe","Europe","OQ127076_Europe_B/C_United-Kingdom_2021.91"
"4384","OQ127135","B/C","B","2021.773","United Kingdom",2021.773,"Europe","Europe","OQ127135_Europe_B/C_United-Kingdom_2021.773"
"4385","OQ127117","B/C","B","2021.805","United Kingdom",2021.805,"Europe","Europe","OQ127117_Europe_B/C_United-Kingdom_2021.805"
"4386","OQ127091","B/C","B","2021.778","United Kingdom",2021.778,"Europe","Europe","OQ127091_Europe_B/C_United-Kingdom_2021.778"
"4387","OM831175","B/C","B","2021.797","France",2021.797,"Europe","Europe","OM831175_Europe_B/C_France_2021.797"
"4388","OM831169","B/C","B","2021.781","France",2021.781,"Europe","Europe","OM831169_Europe_B/C_France_2021.781"
"4389","OQ139629","B/C","B","2021.877","Germany",2021.877,"Europe","Europe","OQ139629_Europe_B/C_Germany_2021.877"
"4390","OQ139577","B/C","B","2021.912","Italy",2021.912,"Europe","Europe","OQ139577_Europe_B/C_Italy_2021.912"
"4391","OQ126973","B/C","B","2021.732","Netherlands",2021.732,"Europe","Europe","OQ126973_Europe_B/C_Netherlands_2021.732"
"4392","OQ126996","B/C","B","2021.921","Netherlands",2021.921,"Europe","Europe","OQ126996_Europe_B/C_Netherlands_2021.921"
"4393","OQ139573","B/C","B","2021.863","Netherlands",2021.863,"Europe","Europe","OQ139573_Europe_B/C_Netherlands_2021.863"
"4394","OQ126961","B/C","B","2021.756","Netherlands",2021.756,"Europe","Europe","OQ126961_Europe_B/C_Netherlands_2021.756"
"4395","OQ127138","B/C","B","2021.759","United Kingdom",2021.759,"Europe","Europe","OQ127138_Europe_B/C_United-Kingdom_2021.759"
"4396","OQ127127","B/C","B","2021.764","United Kingdom",2021.764,"Europe","Europe","OQ127127_Europe_B/C_United-Kingdom_2021.764"
"4397","OQ126962","B/C","B","2021.756","Netherlands",2021.756,"Europe","Europe","OQ126962_Europe_B/C_Netherlands_2021.756"
"4398","OQ126968","B/C","B","2021.759","Netherlands",2021.759,"Europe","Europe","OQ126968_Europe_B/C_Netherlands_2021.759"
"4399","OQ127128","B/C","B","2021.745","United Kingdom",2021.745,"Europe","Europe","OQ127128_Europe_B/C_United-Kingdom_2021.745"
"4400","OL829840","B/C","B","[2021.548:2021.578]","United Kingdom",2021.548,"Europe","Europe","OL829840_Europe_B/C_United-Kingdom_2021.548"
"4401","PQ612525","B/C","B","2022.838","France",2022.838,"Europe","Europe","PQ612525_Europe_B/C_France_2022.838"
"4402","OQ127187","B/C","B","2021.822","United Kingdom",2021.822,"Europe","Europe","OQ127187_Europe_B/C_United-Kingdom_2021.822"
"4403","OQ139550","B/C","B","2021.795","Netherlands",2021.795,"Europe","Europe","OQ139550_Europe_B/C_Netherlands_2021.795"
"4404","OQ586765","B/C","B","2021.759","France",2021.759,"Europe","Europe","OQ586765_Europe_B/C_France_2021.759"
"4405","PQ612548","B/C","B","2021.841","France",2021.841,"Europe","Europe","PQ612548_Europe_B/C_France_2021.841"
"4406","OM831194","B/C","B","2021.841","France",2021.841,"Europe","Europe","OM831194_Europe_B/C_France_2021.841"
"4407","OQ126932","B/C","B","2021.814","Netherlands",2021.814,"Europe","Europe","OQ126932_Europe_B/C_Netherlands_2021.814"
"4408","OQ126966","B/C","B","2021.811","Netherlands",2021.811,"Europe","Europe","OQ126966_Europe_B/C_Netherlands_2021.811"
"4409","OQ126982","B/C","B","2021.781","Netherlands",2021.781,"Europe","Europe","OQ126982_Europe_B/C_Netherlands_2021.781"
"4410","OQ586794","B/C","B","2021.921","Sweden",2021.921,"Europe","Europe","OQ586794_Europe_B/C_Sweden_2021.921"
"4411","OR179108","B/C","B","2021.767","Netherlands",2021.767,"Europe","Europe","OR179108_Europe_B/C_Netherlands_2021.767"
"4412","OR179121","B/C","B","2021.858","Netherlands",2021.858,"Europe","Europe","OR179121_Europe_B/C_Netherlands_2021.858"
"4413","OQ126989","B/C","B","2021.811","Netherlands",2021.811,"Europe","Europe","OQ126989_Europe_B/C_Netherlands_2021.811"
"4414","OQ148197","B/C","B","2021.852","Spain",2021.852,"Europe","Europe","OQ148197_Europe_B/C_Spain_2021.852"
"4415","OQ148238","B/C","B","2021.753","Spain",2021.753,"Europe","Europe","OQ148238_Europe_B/C_Spain_2021.753"
"4416","OQ148204","B/C","B","2021.868","Spain",2021.868,"Europe","Europe","OQ148204_Europe_B/C_Spain_2021.868"
"4417","OQ148202","B/C","B","2021.868","Spain",2021.868,"Europe","Europe","OQ148202_Europe_B/C_Spain_2021.868"
"4418","OQ139569","B/C","B","2021.863","Netherlands",2021.863,"Europe","Europe","OQ139569_Europe_B/C_Netherlands_2021.863"
"4419","OQ148354","B/C","B","2021.795","Belgium",2021.795,"Europe","Europe","OQ148354_Europe_B/C_Belgium_2021.795"
"4420","OQ126974","B/C","B","2021.729","Netherlands",2021.729,"Europe","Europe","OQ126974_Europe_B/C_Netherlands_2021.729"
"4421","OQ148233","B/C","B","2021.904","Spain",2021.904,"Europe","Europe","OQ148233_Europe_B/C_Spain_2021.904"
"4422","OQ148308","B/C","B","2021.795","Spain",2021.795,"Europe","Europe","OQ148308_Europe_B/C_Spain_2021.795"
"4423","OQ148314","B/C","B","2021.797","Spain",2021.797,"Europe","Europe","OQ148314_Europe_B/C_Spain_2021.797"
"4424","OQ148306","B/C","B","2021.792","Spain",2021.792,"Europe","Europe","OQ148306_Europe_B/C_Spain_2021.792"
"4425","OQ127154","B/C","B","2021.822","United Kingdom",2021.822,"Europe","Europe","OQ127154_Europe_B/C_United-Kingdom_2021.822"
"4426","OQ148265","B/C","B","2022","Spain",2022,"Europe","Europe","OQ148265_Europe_B/C_Spain_2022"
"4427","OQ148269","B/C","B","2021.978","Spain",2021.978,"Europe","Europe","OQ148269_Europe_B/C_Spain_2021.978"
"4428","OQ148201","B/C","B","2021.866","Spain",2021.866,"Europe","Europe","OQ148201_Europe_B/C_Spain_2021.866"
"4429","OQ148244","B/C","B","2021.915","Spain",2021.915,"Europe","Europe","OQ148244_Europe_B/C_Spain_2021.915"
"4430","OQ148261","B/C","B","2021.959","Spain",2021.959,"Europe","Europe","OQ148261_Europe_B/C_Spain_2021.959"
"4431","OQ120629","B/C","B","2021.921","Spain",2021.921,"Europe","Europe","OQ120629_Europe_B/C_Spain_2021.921"
"4432","OQ120628","B/C","B","2021.918","Spain",2021.918,"Europe","Europe","OQ120628_Europe_B/C_Spain_2021.918"
"4433","OQ148193","B/C","B","2021.852","Spain",2021.852,"Europe","Europe","OQ148193_Europe_B/C_Spain_2021.852"
"4434","OQ139620","B/C","B","2021.759","Spain",2021.759,"Europe","Europe","OQ139620_Europe_B/C_Spain_2021.759"
"4435","OQ148325","B/C","B","2021.795","Spain",2021.795,"Europe","Europe","OQ148325_Europe_B/C_Spain_2021.795"
"4436","OQ148318","B/C","B","2021.803","Spain",2021.803,"Europe","Europe","OQ148318_Europe_B/C_Spain_2021.803"
"4437","OQ120630","B/C","B","2021.951","Spain",2021.951,"Europe","Europe","OQ120630_Europe_B/C_Spain_2021.951"
"4438","OQ148248","B/C","B","2021.921","Spain",2021.921,"Europe","Europe","OQ148248_Europe_B/C_Spain_2021.921"
"4439","OQ148189","B/C","B","2021.849","Spain",2021.849,"Europe","Europe","OQ148189_Europe_B/C_Spain_2021.849"
"4440","OQ148203","B/C","B","2021.868","Spain",2021.868,"Europe","Europe","OQ148203_Europe_B/C_Spain_2021.868"
"4441","OQ148278","B/C","B","2021.759","Spain",2021.759,"Europe","Europe","OQ148278_Europe_B/C_Spain_2021.759"
"4442","OQ148276","B/C","B","2021.759","Spain",2021.759,"Europe","Europe","OQ148276_Europe_B/C_Spain_2021.759"
"4443","OQ148253","B/C","B","2021.926","Spain",2021.926,"Europe","Europe","OQ148253_Europe_B/C_Spain_2021.926"
"4444","OQ148258","B/C","B","2021.948","Spain",2021.948,"Europe","Europe","OQ148258_Europe_B/C_Spain_2021.948"
"4445","OQ148317","B/C","B","2021.803","Spain",2021.803,"Europe","Europe","OQ148317_Europe_B/C_Spain_2021.803"
"4446","OQ148341","B/C","B","2021.836","Spain",2021.836,"Europe","Europe","OQ148341_Europe_B/C_Spain_2021.836"
"4447","OQ148208","B/C","B","2021.874","Spain",2021.874,"Europe","Europe","OQ148208_Europe_B/C_Spain_2021.874"
"4448","OQ148218","B/C","B","2021.852","Spain",2021.852,"Europe","Europe","OQ148218_Europe_B/C_Spain_2021.852"
"4449","OQ148334","B/C","B","2021.83","Spain",2021.83,"Europe","Europe","OQ148334_Europe_B/C_Spain_2021.83"
"4450","OQ148228","B/C","B","2021.893","Spain",2021.893,"Europe","Europe","OQ148228_Europe_B/C_Spain_2021.893"
"4451","OQ148250","B/C","B","2021.923","Spain",2021.923,"Europe","Europe","OQ148250_Europe_B/C_Spain_2021.923"
"4452","OQ148191","B/C","B","2021.849","Spain",2021.849,"Europe","Europe","OQ148191_Europe_B/C_Spain_2021.849"
"4453","OQ148266","B/C","B","2022.005","Spain",2022.005,"Europe","Europe","OQ148266_Europe_B/C_Spain_2022.005"
"4454","OQ148271","B/C","B","2022.025","Spain",2022.025,"Europe","Europe","OQ148271_Europe_B/C_Spain_2022.025"
"4455","OQ148263","B/C","B","2021.973","Spain",2021.973,"Europe","Europe","OQ148263_Europe_B/C_Spain_2021.973"
"4456","OQ148281","B/C","B","2021.77","Spain",2021.77,"Europe","Europe","OQ148281_Europe_B/C_Spain_2021.77"
"4457","OQ148251","B/C","B","2021.923","Spain",2021.923,"Europe","Europe","OQ148251_Europe_B/C_Spain_2021.923"
"4458","OQ148247","B/C","B","2021.918","Spain",2021.918,"Europe","Europe","OQ148247_Europe_B/C_Spain_2021.918"
"4459","OQ148257","B/C","B","2021.94","Spain",2021.94,"Europe","Europe","OQ148257_Europe_B/C_Spain_2021.94"
"4460","OQ148221","B/C","B","2021.888","Spain",2021.888,"Europe","Europe","OQ148221_Europe_B/C_Spain_2021.888"
"4461","OQ148310","B/C","B","2021.797","Spain",2021.797,"Europe","Europe","OQ148310_Europe_B/C_Spain_2021.797"
"4462","OQ148226","B/C","B","2021.893","Spain",2021.893,"Europe","Europe","OQ148226_Europe_B/C_Spain_2021.893"
"4463","OQ148185","B/C","B","2021.847","Spain",2021.847,"Europe","Europe","OQ148185_Europe_B/C_Spain_2021.847"
"4464","OQ139615","B/C","B","2021.849","Spain",2021.849,"Europe","Europe","OQ139615_Europe_B/C_Spain_2021.849"
"4465","OQ148214","B/C","B","2021.836","Spain",2021.836,"Europe","Europe","OQ148214_Europe_B/C_Spain_2021.836"
"4466","OQ148230","B/C","B","2021.899","Spain",2021.899,"Europe","Europe","OQ148230_Europe_B/C_Spain_2021.899"
"4467","OQ148224","B/C","B","2021.893","Spain",2021.893,"Europe","Europe","OQ148224_Europe_B/C_Spain_2021.893"
"4468","OQ126934","B/C","B","2021.773","Netherlands",2021.773,"Europe","Europe","OQ126934_Europe_B/C_Netherlands_2021.773"
"4469","OQ553811","B/C","B","2022.545","Russia",2022.545,"Europe","Europe","OQ553811_Europe_B/C_Russia_2022.545"
"4470","OQ127096","B/C","B","2021.932","United Kingdom",2021.932,"Europe","Europe","OQ127096_Europe_B/C_United-Kingdom_2021.932"
"4471","OQ148349","B/C","B","2021.841","Belgium",2021.841,"Europe","Europe","OQ148349_Europe_B/C_Belgium_2021.841"
"4472","OQ148350","B/C","B","2021.904","Belgium",2021.904,"Europe","Europe","OQ148350_Europe_B/C_Belgium_2021.904"
"4473","OQ139627","B/C","B","2021.833","Denmark",2021.833,"Europe","Europe","OQ139627_Europe_B/C_Denmark_2021.833"
"4474","OQ127053","B/C","B","2021.718","United Kingdom",2021.718,"Europe","Europe","OQ127053_Europe_B/C_United-Kingdom_2021.718"
"4475","OQ160430","B/C","B","2022.666","Sweden",2022.666,"Europe","Europe","OQ160430_Europe_B/C_Sweden_2022.666"
"4476","OQ160429","B/C","B","2022.663","Sweden",2022.663,"Europe","Europe","OQ160429_Europe_B/C_Sweden_2022.663"
"4477","OM831171","B/C","B","2021.784","France",2021.784,"Europe","Europe","OM831171_Europe_B/C_France_2021.784"
"4478","OM831195","B/C","B","2021.841","France",2021.841,"Europe","Europe","OM831195_Europe_B/C_France_2021.841"
"4479","PQ612549","B/C","B","2021.841","France",2021.841,"Europe","Europe","PQ612549_Europe_B/C_France_2021.841"
"4480","OL826829","B/C","B","2021.693","USA",2021.693,"North America","North America","OL826829_North-America_B/C_USA_2021.693"
"4481","OP295398","B/C","B","2021.693","USA",2021.693,"North America","North America","OP295398_North-America_B/C_USA_2021.693"
"4482","OL826835","B/C","B","2021.723","USA",2021.723,"North America","North America","OL826835_North-America_B/C_USA_2021.723"
"4483","OL826831","B/C","B","2021.762","USA",2021.762,"North America","North America","OL826831_North-America_B/C_USA_2021.762"
"4484","OP295403","B/C","B","2021.827","USA",2021.827,"North America","North America","OP295403_North-America_B/C_USA_2021.827"
"4485","OP295404","B/C","B","2021.723","USA",2021.723,"North America","North America","OP295404_North-America_B/C_USA_2021.723"
"4486","OL826832","B/C","B","2021.781","USA",2021.781,"North America","North America","OL826832_North-America_B/C_USA_2021.781"
"4487","OL687550","B/C","B","2021.778","United Kingdom",2021.778,"Europe","Europe","OL687550_Europe_B/C_United-Kingdom_2021.778"
"4488","OQ586801","B/C","B","2021.907","United Kingdom",2021.907,"Europe","Europe","OQ586801_Europe_B/C_United-Kingdom_2021.907"
"4489","OR460083","B/C","B","2022.378","USA",2022.378,"North America","North America","OR460083_North-America_B/C_USA_2022.378"
"4490","OQ586795","B/C","B","2021.701","United Kingdom",2021.701,"Europe","Europe","OQ586795_Europe_B/C_United-Kingdom_2021.701"
"4491","OP295397","B/C","B","2021.847","USA",2021.847,"North America","North America","OP295397_North-America_B/C_USA_2021.847"
"4492","OP321149","B/C","B","[2022.359:2022.94]","USA",2022.359,"North America","North America","OP321149_North-America_B/C_USA_2022.359"
"4493","OL826834","B/C","B","2021.726","USA",2021.726,"North America","North America","OL826834_North-America_B/C_USA_2021.726"
"4494","OP295401","B/C","B","2021.726","USA",2021.726,"North America","North America","OP295401_North-America_B/C_USA_2021.726"
"4495","OL826833","B/C","B","2021.762","USA",2021.762,"North America","North America","OL826833_North-America_B/C_USA_2021.762"
"4496","OL826836","B/C","B","2021.762","USA",2021.762,"North America","North America","OL826836_North-America_B/C_USA_2021.762"
"4497","OP295402","B/C","B","2021.762","USA",2021.762,"North America","North America","OP295402_North-America_B/C_USA_2021.762"
"4498","OP295400","B/C","B","2021.762","USA",2021.762,"North America","North America","OP295400_North-America_B/C_USA_2021.762"
"4499","OL687545","B/C","B","2021.573","United Kingdom",2021.573,"Europe","Europe","OL687545_Europe_B/C_United-Kingdom_2021.573"
"4500","OL829839","B/C","B","[2021.57:2021.578]","United Kingdom",2021.572076,"Europe","Europe","OL829839_Europe_B/C_United-Kingdom_2021.572"
"4501","OL687544","B/C","B","2021.819","United Kingdom",2021.819,"Europe","Europe","OL687544_Europe_B/C_United-Kingdom_2021.819"
"4502","OL687542","B/C","B","2021.742","United Kingdom",2021.742,"Europe","Europe","OL687542_Europe_B/C_United-Kingdom_2021.742"
"4503","OL687546","B/C","B","2021.74","United Kingdom",2021.74,"Europe","Europe","OL687546_Europe_B/C_United-Kingdom_2021.74"
"4504","OL687548","B/C","B","2021.74","United Kingdom",2021.74,"Europe","Europe","OL687548_Europe_B/C_United-Kingdom_2021.74"
"4505","OL687549","B/C","B","2021.74","United Kingdom",2021.74,"Europe","Europe","OL687549_Europe_B/C_United-Kingdom_2021.74"
"4506","OQ126995","B/C","B","2021.901","Netherlands",2021.901,"Europe","Europe","OQ126995_Europe_B/C_Netherlands_2021.901"
"4507","OQ127054","B/C","B","2021.726","United Kingdom",2021.726,"Europe","Europe","OQ127054_Europe_B/C_United-Kingdom_2021.726"
"4508","OQ127116","B/C","B","2021.778","United Kingdom",2021.778,"Europe","Europe","OQ127116_Europe_B/C_United-Kingdom_2021.778"
"4509","OL829837","B/C","B","[2021.844:2021.912]","United Kingdom",2021.844,"Europe","Europe","OL829837_Europe_B/C_United-Kingdom_2021.844"
"4510","OQ127164","B/C","B","2021.808","United Kingdom",2021.808,"Europe","Europe","OQ127164_Europe_B/C_United-Kingdom_2021.808"
"4511","OQ148358","B/C","B","2021.748","Belgium",2021.748,"Europe","Europe","OQ148358_Europe_B/C_Belgium_2021.748"
"4512","OR179120","B/C","B","2021.855","Netherlands",2021.855,"Europe","Europe","OR179120_Europe_B/C_Netherlands_2021.855"
"4513","OR179136","B/C","B","2021.855","Netherlands",2021.855,"Europe","Europe","OR179136_Europe_B/C_Netherlands_2021.855"
"4514","OQ139572","B/C","B","2021.841","Netherlands",2021.841,"Europe","Europe","OQ139572_Europe_B/C_Netherlands_2021.841"
"4515","OQ127079","B/C","B","2021.89","United Kingdom",2021.89,"Europe","Europe","OQ127079_Europe_B/C_United-Kingdom_2021.89"
"4516","OQ127103","B/C","B","2021.882","United Kingdom",2021.882,"Europe","Europe","OQ127103_Europe_B/C_United-Kingdom_2021.882"
"4517","OQ127170","B/C","B","2021.814","United Kingdom",2021.814,"Europe","Europe","OQ127170_Europe_B/C_United-Kingdom_2021.814"
"4518","OQ127058","B/C","B","2021.759","United Kingdom",2021.759,"Europe","Europe","OQ127058_Europe_B/C_United-Kingdom_2021.759"
"4519","OQ127080","B/C","B","2021.781","United Kingdom",2021.781,"Europe","Europe","OQ127080_Europe_B/C_United-Kingdom_2021.781"
"4520","OQ586802","B/C","B","2021.904","United Kingdom",2021.904,"Europe","Europe","OQ586802_Europe_B/C_United-Kingdom_2021.904"
"4521","OQ127074","B/C","B","2021.904","United Kingdom",2021.904,"Europe","Europe","OQ127074_Europe_B/C_United-Kingdom_2021.904"
"4522","OQ127061","B/C","B","2021.882","United Kingdom",2021.882,"Europe","Europe","OQ127061_Europe_B/C_United-Kingdom_2021.882"
"4523","OL829833","B/C","B","[2021.773:2021.83]","United Kingdom",2021.83,"Europe","Europe","OL829833_Europe_B/C_United-Kingdom_2021.83"
"4524","OQ127222","B/C","B","2021.86","United Kingdom",2021.86,"Europe","Europe","OQ127222_Europe_B/C_United-Kingdom_2021.86"
"4525","OM831192","B/C","B","2021.833","France",2021.833,"Europe","Europe","OM831192_Europe_B/C_France_2021.833"
"4526","OQ127195","B/C","B","2021.852","United Kingdom",2021.852,"Europe","Europe","OQ127195_Europe_B/C_United-Kingdom_2021.852"
"4527","OL829830","B/C","B","[2021.616:2021.663]","United Kingdom",2021.663,"Europe","Europe","OL829830_Europe_B/C_United-Kingdom_2021.663"
"4528","OL687541","B/C","B","2021.742","United Kingdom",2021.742,"Europe","Europe","OL687541_Europe_B/C_United-Kingdom_2021.742"
"4529","OQ127113","B/C","B","2021.789","United Kingdom",2021.789,"Europe","Europe","OQ127113_Europe_B/C_United-Kingdom_2021.789"
"4530","OQ127122","B/C","B","2021.764","United Kingdom",2021.764,"Europe","Europe","OQ127122_Europe_B/C_United-Kingdom_2021.764"
"4531","OQ127110","B/C","B","2021.764","United Kingdom",2021.764,"Europe","Europe","OQ127110_Europe_B/C_United-Kingdom_2021.764"
"4532","OQ127231","B/C","B","2021.885","United Kingdom",2021.885,"Europe","Europe","OQ127231_Europe_B/C_United-Kingdom_2021.885"
"4533","OQ127238","B/C","B","2021.885","United Kingdom",2021.885,"Europe","Europe","OQ127238_Europe_B/C_United-Kingdom_2021.885"
"4534","OQ127199","B/C","B","2021.836","United Kingdom",2021.836,"Europe","Europe","OQ127199_Europe_B/C_United-Kingdom_2021.836"
"4535","OQ127227","B/C","B","2021.863","United Kingdom",2021.863,"Europe","Europe","OQ127227_Europe_B/C_United-Kingdom_2021.863"
"4536","PQ612507","B/C","B","2022.633","France",2022.633,"Europe","Europe","PQ612507_Europe_B/C_France_2022.633"
"4537","OQ127223","B/C","B","2021.863","United Kingdom",2021.863,"Europe","Europe","OQ127223_Europe_B/C_United-Kingdom_2021.863"
"4538","OQ127176","B/C","B","2021.814","United Kingdom",2021.814,"Europe","Europe","OQ127176_Europe_B/C_United-Kingdom_2021.814"
"4539","OQ127175","B/C","B","2021.808","United Kingdom",2021.808,"Europe","Europe","OQ127175_Europe_B/C_United-Kingdom_2021.808"
"4540","OQ127236","B/C","B","2021.879","United Kingdom",2021.879,"Europe","Europe","OQ127236_Europe_B/C_United-Kingdom_2021.879"
"4541","OQ586804","B/C","B","2021.967","United Kingdom",2021.967,"Europe","Europe","OQ586804_Europe_B/C_United-Kingdom_2021.967"
"4542","OQ127084","B/C","B","2021.921","United Kingdom",2021.921,"Europe","Europe","OQ127084_Europe_B/C_United-Kingdom_2021.921"
"4543","OQ127190","B/C","B","2021.849","United Kingdom",2021.849,"Europe","Europe","OQ127190_Europe_B/C_United-Kingdom_2021.849"
"4544","OQ127049","B/C","B","2021.663","United Kingdom",2021.663,"Europe","Europe","OQ127049_Europe_B/C_United-Kingdom_2021.663"
"4545","OQ127131","B/C","B","2021.753","United Kingdom",2021.753,"Europe","Europe","OQ127131_Europe_B/C_United-Kingdom_2021.753"
"4546","OQ127150","B/C","B","2021.789","United Kingdom",2021.789,"Europe","Europe","OQ127150_Europe_B/C_United-Kingdom_2021.789"
"4547","OQ127059","B/C","B","2021.877","United Kingdom",2021.877,"Europe","Europe","OQ127059_Europe_B/C_United-Kingdom_2021.877"
"4548","OQ127065","B/C","B","2021.888","United Kingdom",2021.888,"Europe","Europe","OQ127065_Europe_B/C_United-Kingdom_2021.888"
"4549","OQ127126","B/C","B","2021.764","United Kingdom",2021.764,"Europe","Europe","OQ127126_Europe_B/C_United-Kingdom_2021.764"
"4550","OQ127112","B/C","B","2021.786","United Kingdom",2021.786,"Europe","Europe","OQ127112_Europe_B/C_United-Kingdom_2021.786"
"4551","OL829834","B/C","B","[2021.748:2021.83]","United Kingdom",2021.785815,"Europe","Europe","OL829834_Europe_B/C_United-Kingdom_2021.786"
"4552","OQ127205","B/C","B","2021.855","United Kingdom",2021.855,"Europe","Europe","OQ127205_Europe_B/C_United-Kingdom_2021.855"
"4553","OQ127136","B/C","B","2021.756","United Kingdom",2021.756,"Europe","Europe","OQ127136_Europe_B/C_United-Kingdom_2021.756"
"4554","OL687543","B/C","B","2021.819","United Kingdom",2021.819,"Europe","Europe","OL687543_Europe_B/C_United-Kingdom_2021.819"
"4555","OQ127115","B/C","B","2021.841","United Kingdom",2021.841,"Europe","Europe","OQ127115_Europe_B/C_United-Kingdom_2021.841"
"4556","OQ127111","B/C","B","2021.781","United Kingdom",2021.781,"Europe","Europe","OQ127111_Europe_B/C_United-Kingdom_2021.781"
"4557","OQ127204","B/C","B","2021.855","United Kingdom",2021.855,"Europe","Europe","OQ127204_Europe_B/C_United-Kingdom_2021.855"
"4558","OQ127213","B/C","B","2021.863","United Kingdom",2021.863,"Europe","Europe","OQ127213_Europe_B/C_United-Kingdom_2021.863"
"4559","OQ127171","B/C","B","2021.814","United Kingdom",2021.814,"Europe","Europe","OQ127171_Europe_B/C_United-Kingdom_2021.814"
"4560","OQ127189","B/C","B","2021.841","United Kingdom",2021.841,"Europe","Europe","OQ127189_Europe_B/C_United-Kingdom_2021.841"
"4561","OQ127088","B/C","B","2021.932","United Kingdom",2021.932,"Europe","Europe","OQ127088_Europe_B/C_United-Kingdom_2021.932"
"4562","OQ127130","B/C","B","2021.748","United Kingdom",2021.748,"Europe","Europe","OQ127130_Europe_B/C_United-Kingdom_2021.748"
"4563","OQ127146","B/C","B","2021.759","United Kingdom",2021.759,"Europe","Europe","OQ127146_Europe_B/C_United-Kingdom_2021.759"
"4564","OQ127137","B/C","B","2021.767","United Kingdom",2021.767,"Europe","Europe","OQ127137_Europe_B/C_United-Kingdom_2021.767"
"4565","OQ586786","B/C","B","2021.915","Ireland",2021.915,"Europe","Europe","OQ586786_Europe_B/C_Ireland_2021.915"
"4566","OQ127234","B/C","B","2021.885","United Kingdom",2021.885,"Europe","Europe","OQ127234_Europe_B/C_United-Kingdom_2021.885"
"4567","OQ127184","B/C","B","2021.827","United Kingdom",2021.827,"Europe","Europe","OQ127184_Europe_B/C_United-Kingdom_2021.827"
"4568","OQ127106","B/C","B","2021.784","United Kingdom",2021.784,"Europe","Europe","OQ127106_Europe_B/C_United-Kingdom_2021.784"
"4569","OQ127052","B/C","B","2021.715","United Kingdom",2021.715,"Europe","Europe","OQ127052_Europe_B/C_United-Kingdom_2021.715"
"4570","OQ127093","B/C","B","2021.934","United Kingdom",2021.934,"Europe","Europe","OQ127093_Europe_B/C_United-Kingdom_2021.934"
"4571","OQ127177","B/C","B","2021.811","United Kingdom",2021.811,"Europe","Europe","OQ127177_Europe_B/C_United-Kingdom_2021.811"
"4572","OQ586785","B/C","B","2021.915","Ireland",2021.915,"Europe","Europe","OQ586785_Europe_B/C_Ireland_2021.915"
"4573","OQ127158","B/C","B","2021.901","United Kingdom",2021.901,"Europe","Europe","OQ127158_Europe_B/C_United-Kingdom_2021.901"
"4574","OQ127120","B/C","B","2021.797","United Kingdom",2021.797,"Europe","Europe","OQ127120_Europe_B/C_United-Kingdom_2021.797"
"4575","OQ127144","B/C","B","2021.805","United Kingdom",2021.805,"Europe","Europe","OQ127144_Europe_B/C_United-Kingdom_2021.805"
"4576","OQ127060","B/C","B","2021.871","United Kingdom",2021.871,"Europe","Europe","OQ127060_Europe_B/C_United-Kingdom_2021.871"
"4577","OQ127142","B/C","B","2021.844","United Kingdom",2021.844,"Europe","Europe","OQ127142_Europe_B/C_United-Kingdom_2021.844"
"4578","OQ127145","B/C","B","2021.795","United Kingdom",2021.795,"Europe","Europe","OQ127145_Europe_B/C_United-Kingdom_2021.795"
"4579","OQ127157","B/C","B","2021.822","United Kingdom",2021.822,"Europe","Europe","OQ127157_Europe_B/C_United-Kingdom_2021.822"
"4580","OQ127203","B/C","B","2021.855","United Kingdom",2021.855,"Europe","Europe","OQ127203_Europe_B/C_United-Kingdom_2021.855"
"4581","OQ127196","B/C","B","2021.836","United Kingdom",2021.836,"Europe","Europe","OQ127196_Europe_B/C_United-Kingdom_2021.836"
"4582","OQ127104","B/C","B","2021.789","United Kingdom",2021.789,"Europe","Europe","OQ127104_Europe_B/C_United-Kingdom_2021.789"
"4583","OQ127105","B/C","B","2021.822","United Kingdom",2021.822,"Europe","Europe","OQ127105_Europe_B/C_United-Kingdom_2021.822"
"4584","OQ127139","B/C","B","2021.83","United Kingdom",2021.83,"Europe","Europe","OQ127139_Europe_B/C_United-Kingdom_2021.83"
"4585","OL829835","B/C","B","[2021.841:2021.912]","United Kingdom",2021.841,"Europe","Europe","OL829835_Europe_B/C_United-Kingdom_2021.841"
"4586","OL829832","B/C","B","[2021.715:2021.745]","United Kingdom",2021.745,"Europe","Europe","OL829832_Europe_B/C_United-Kingdom_2021.745"
"4587","OQ127229","B/C","B","2021.863","United Kingdom",2021.863,"Europe","Europe","OQ127229_Europe_B/C_United-Kingdom_2021.863"
"4588","OQ127217","B/C","B","2021.871","United Kingdom",2021.871,"Europe","Europe","OQ127217_Europe_B/C_United-Kingdom_2021.871"
"4589","OQ127153","B/C","B","2021.819","United Kingdom",2021.819,"Europe","Europe","OQ127153_Europe_B/C_United-Kingdom_2021.819"
"4590","OQ127159","B/C","B","2021.915","United Kingdom",2021.915,"Europe","Europe","OQ127159_Europe_B/C_United-Kingdom_2021.915"
"4591","OQ148195","B/C","B","2021.852","Spain",2021.852,"Europe","Europe","OQ148195_Europe_B/C_Spain_2021.852"
"4592","OQ127192","B/C","B","2021.841","United Kingdom",2021.841,"Europe","Europe","OQ127192_Europe_B/C_United-Kingdom_2021.841"
"4593","OQ127230","B/C","B","2021.86","United Kingdom",2021.86,"Europe","Europe","OQ127230_Europe_B/C_United-Kingdom_2021.86"
"4594","OQ127201","B/C","B","2021.841","United Kingdom",2021.841,"Europe","Europe","OQ127201_Europe_B/C_United-Kingdom_2021.841"
"4595","OQ127168","B/C","B","2021.792","United Kingdom",2021.792,"Europe","Europe","OQ127168_Europe_B/C_United-Kingdom_2021.792"
"4596","OP321140","B/C","B","[2022.441:2022.94]","USA",2022.744971,"North America","North America","OP321140_North-America_B/C_USA_2022.745"
"4597","OP572061","B/C","B","2022.559","USA",2022.559,"North America","North America","OP572061_North-America_B/C_USA_2022.559"
"4598","OQ586768","B/C","B","2021.767","France",2021.767,"Europe","Europe","OQ586768_Europe_B/C_France_2021.767"
"4599","OP267532","B/C","B","[2021.833:2021.912]","France",2021.912,"Europe","Europe","OP267532_Europe_B/C_France_2021.912"
"4600","OQ126990","B/C","B","2021.827","Netherlands",2021.827,"Europe","Europe","OQ126990_Europe_B/C_Netherlands_2021.827"
"4601","OQ148360","B/C","B","2021.836","Belgium",2021.836,"Europe","Europe","OQ148360_Europe_B/C_Belgium_2021.836"
"4602","OQ126956","B/C","B","2021.879","Netherlands",2021.879,"Europe","Europe","OQ126956_Europe_B/C_Netherlands_2021.879"
"4603","OQ586783","B/C","B","2021.915","Ireland",2021.915,"Europe","Europe","OQ586783_Europe_B/C_Ireland_2021.915"
"4604","OQ139555","B/C","B","2021.827","Netherlands",2021.827,"Europe","Europe","OQ139555_Europe_B/C_Netherlands_2021.827"
"4605","PV604349","B/C","B","2022.679","Russia",2022.679,"Europe","Europe","PV604349_Europe_B/C_Russia_2022.679"
"4606","PQ612534","B/C","B","2022.803","France",2022.803,"Europe","Europe","PQ612534_Europe_B/C_France_2022.803"
"4607","OP267505","B/C","B","[2021.581:2021.663]","France",2021.581,"Europe","Europe","OP267505_Europe_B/C_France_2021.581"
"4608","OQ127181","B/C","B","2021.822","United Kingdom",2021.822,"Europe","Europe","OQ127181_Europe_B/C_United-Kingdom_2021.822"
"4609","OM831162","B/C","B","2021.77","France",2021.77,"Europe","Europe","OM831162_Europe_B/C_France_2021.77"
"4610","OQ127228","B/C","B","2021.863","United Kingdom",2021.863,"Europe","Europe","OQ127228_Europe_B/C_United-Kingdom_2021.863"
"4611","OL826827","B/C","B","2021.789","USA",2021.789,"North America","North America","OL826827_North-America_B/C_USA_2021.789"
"4612","OL826825","B/C","B","2021.674","USA",2021.674,"North America","North America","OL826825_North-America_B/C_USA_2021.674"
"4613","OP295399","B/C","B","2021.666","USA",2021.666,"North America","North America","OP295399_North-America_B/C_USA_2021.666"
"4614","OL826830","B/C","B","2021.666","USA",2021.666,"North America","North America","OL826830_North-America_B/C_USA_2021.666"
"4615","OL826828","B/C","B","2021.811","USA",2021.811,"North America","North America","OL826828_North-America_B/C_USA_2021.811"
"4616","OL826826","B/C","B","2021.8","USA",2021.8,"North America","North America","OL826826_North-America_B/C_USA_2021.8"
"4617","OP295405","B/C","B","2021.8","USA",2021.8,"North America","North America","OP295405_North-America_B/C_USA_2021.8"
"4618","OQ127160","B/C","B","2021.871","United Kingdom",2021.871,"Europe","Europe","OQ127160_Europe_B/C_United-Kingdom_2021.871"
"4619","OQ127149","B/C","B","2021.808","United Kingdom",2021.808,"Europe","Europe","OQ127149_Europe_B/C_United-Kingdom_2021.808"
"4620","OR179134","B/C","B","2021.803","Netherlands",2021.803,"Europe","Europe","OR179134_Europe_B/C_Netherlands_2021.803"
"4621","OR179109","B/C","B","2021.827","Netherlands",2021.827,"Europe","Europe","OR179109_Europe_B/C_Netherlands_2021.827"
"4622","OR179099","B/C","B","2021.786","Netherlands",2021.786,"Europe","Europe","OR179099_Europe_B/C_Netherlands_2021.786"
"4623","OR179097","B/C","B","2021.781","Netherlands",2021.781,"Europe","Europe","OR179097_Europe_B/C_Netherlands_2021.781"
"4624","OR179096","B/C","B","2021.775","Netherlands",2021.775,"Europe","Europe","OR179096_Europe_B/C_Netherlands_2021.775"
"4625","OR179107","B/C","B","2021.762","Netherlands",2021.762,"Europe","Europe","OR179107_Europe_B/C_Netherlands_2021.762"
"4626","OR179091","B/C","B","2021.748","Netherlands",2021.748,"Europe","Europe","OR179091_Europe_B/C_Netherlands_2021.748"
"4627","OR179088","B/C","B","2021.742","Netherlands",2021.742,"Europe","Europe","OR179088_Europe_B/C_Netherlands_2021.742"
"4628","OR179087","B/C","B","2021.742","Netherlands",2021.742,"Europe","Europe","OR179087_Europe_B/C_Netherlands_2021.742"
"4629","OR179128","B/C","B","2021.937","Netherlands",2021.937,"Europe","Europe","OR179128_Europe_B/C_Netherlands_2021.937"
"4630","OR179129","B/C","B","2021.937","Netherlands",2021.937,"Europe","Europe","OR179129_Europe_B/C_Netherlands_2021.937"
"4631","OR179130","B/C","B","2021.937","Netherlands",2021.937,"Europe","Europe","OR179130_Europe_B/C_Netherlands_2021.937"
"4632","OQ127167","B/C","B","2021.778","United Kingdom",2021.778,"Europe","Europe","OQ127167_Europe_B/C_United-Kingdom_2021.778"
"4633","OQ127161","B/C","B","2021.942","United Kingdom",2021.942,"Europe","Europe","OQ127161_Europe_B/C_United-Kingdom_2021.942"
"4634","OQ127078","B/C","B","2021.896","United Kingdom",2021.896,"Europe","Europe","OQ127078_Europe_B/C_United-Kingdom_2021.896"
"4635","OQ127097","B/C","B","2021.97","United Kingdom",2021.97,"Europe","Europe","OQ127097_Europe_B/C_United-Kingdom_2021.97"
"4636","OQ127239","B/C","B","2021.882","United Kingdom",2021.882,"Europe","Europe","OQ127239_Europe_B/C_United-Kingdom_2021.882"
"4637","OQ586787","B/C","B","2021.915","Ireland",2021.915,"Europe","Europe","OQ586787_Europe_B/C_Ireland_2021.915"
"4638","OQ586784","B/C","B","2021.915","Ireland",2021.915,"Europe","Europe","OQ586784_Europe_B/C_Ireland_2021.915"
"4639","OQ586778","B/C","B","2021.915","Ireland",2021.915,"Europe","Europe","OQ586778_Europe_B/C_Ireland_2021.915"
"4640","OQ586791","B/C","B","2022","Ireland",2022,"Europe","Europe","OQ586791_Europe_B/C_Ireland_2022"
"4641","OQ127140","B/C","B","2021.868","United Kingdom",2021.868,"Europe","Europe","OQ127140_Europe_B/C_United-Kingdom_2021.868"
"4642","OQ127155","B/C","B","2022.082","United Kingdom",2022.082,"Europe","Europe","OQ127155_Europe_B/C_United-Kingdom_2022.082"
"4643","PQ612511","B/C","B","2022.701","France",2022.701,"Europe","Europe","PQ612511_Europe_B/C_France_2022.701"
"4644","PQ612536","B/C","B","2022.707","France",2022.707,"Europe","Europe","PQ612536_Europe_B/C_France_2022.707"
"4645","PQ612513","B/C","B","2022.723","France",2022.723,"Europe","Europe","PQ612513_Europe_B/C_France_2022.723"
"4646","PQ612533","B/C","B","2022.811","France",2022.811,"Europe","Europe","PQ612533_Europe_B/C_France_2022.811"
"4647","PQ612506","B/C","B","2022.63","France",2022.63,"Europe","Europe","PQ612506_Europe_B/C_France_2022.63"
"4648","PQ612515","B/C","B","2022.74","France",2022.74,"Europe","Europe","PQ612515_Europe_B/C_France_2022.74"
"4649","PQ612510","B/C","B","2022.701","France",2022.701,"Europe","Europe","PQ612510_Europe_B/C_France_2022.701"
"4650","OQ160432","B/C","B","2022.663","Sweden",2022.663,"Europe","Europe","OQ160432_Europe_B/C_Sweden_2022.663"
"4651","PQ612523","B/C","B","2022.83","France",2022.83,"Europe","Europe","PQ612523_Europe_B/C_France_2022.83"
"4652","PQ612522","B/C","B","2022.816","France",2022.816,"Europe","Europe","PQ612522_Europe_B/C_France_2022.816"
"4653","OQ127082","B/C","B","2021.912","United Kingdom",2021.912,"Europe","Europe","OQ127082_Europe_B/C_United-Kingdom_2021.912"
"4654","OQ127219","B/C","B","2021.871","United Kingdom",2021.871,"Europe","Europe","OQ127219_Europe_B/C_United-Kingdom_2021.871"
"4655","OQ127232","B/C","B","2021.888","United Kingdom",2021.888,"Europe","Europe","OQ127232_Europe_B/C_United-Kingdom_2021.888"
"4656","OQ127185","B/C","B","2021.827","United Kingdom",2021.827,"Europe","Europe","OQ127185_Europe_B/C_United-Kingdom_2021.827"
"4657","OL829847","B/C","B","[2021.71:2021.745]","United Kingdom",2021.71,"Europe","Europe","OL829847_Europe_B/C_United-Kingdom_2021.71"
"4658","OQ127198","B/C","B","2021.836","United Kingdom",2021.836,"Europe","Europe","OQ127198_Europe_B/C_United-Kingdom_2021.836"
"4659","OQ127067","B/C","B","2021.896","United Kingdom",2021.896,"Europe","Europe","OQ127067_Europe_B/C_United-Kingdom_2021.896"
"4660","OQ586798","B/C","B","2021.871","United Kingdom",2021.871,"Europe","Europe","OQ586798_Europe_B/C_United-Kingdom_2021.871"
"4661","OQ127134","B/C","B","2021.786","United Kingdom",2021.786,"Europe","Europe","OQ127134_Europe_B/C_United-Kingdom_2021.786"
"4662","OQ586796","B/C","B","2021.805","United Kingdom",2021.805,"Europe","Europe","OQ586796_Europe_B/C_United-Kingdom_2021.805"
"4663","OQ127100","B/C","B","2021.753","United Kingdom",2021.753,"Europe","Europe","OQ127100_Europe_B/C_United-Kingdom_2021.753"
"4664","OQ127062","B/C","B","2021.877","United Kingdom",2021.877,"Europe","Europe","OQ127062_Europe_B/C_United-Kingdom_2021.877"
"4665","OQ586800","B/C","B","2021.877","United Kingdom",2021.877,"Europe","Europe","OQ586800_Europe_B/C_United-Kingdom_2021.877"
"4666","OQ127023","B/C","B","2021.923","Spain",2021.923,"Europe","Europe","OQ127023_Europe_B/C_Spain_2021.923"
"4667","OQ127214","B/C","B","2021.86","United Kingdom",2021.86,"Europe","Europe","OQ127214_Europe_B/C_United-Kingdom_2021.86"
"4668","OQ127233","B/C","B","2021.879","United Kingdom",2021.879,"Europe","Europe","OQ127233_Europe_B/C_United-Kingdom_2021.879"
"4669","OQ127191","B/C","B","2021.847","United Kingdom",2021.847,"Europe","Europe","OQ127191_Europe_B/C_United-Kingdom_2021.847"
"4670","OQ127090","B/C","B","2021.907","United Kingdom",2021.907,"Europe","Europe","OQ127090_Europe_B/C_United-Kingdom_2021.907"
"4671","OQ148356","B/C","B","2021.852","Belgium",2021.852,"Europe","Europe","OQ148356_Europe_B/C_Belgium_2021.852"
"4672","OQ586782","B/C","B","2021.915","Ireland",2021.915,"Europe","Europe","OQ586782_Europe_B/C_Ireland_2021.915"
"4673","OQ127220","B/C","B","2021.868","United Kingdom",2021.868,"Europe","Europe","OQ127220_Europe_B/C_United-Kingdom_2021.868"
"4674","OQ127172","B/C","B","2021.803","United Kingdom",2021.803,"Europe","Europe","OQ127172_Europe_B/C_United-Kingdom_2021.803"
"4675","OQ127089","B/C","B","2021.915","United Kingdom",2021.915,"Europe","Europe","OQ127089_Europe_B/C_United-Kingdom_2021.915"
"4676","PQ612532","B/C","B","2022.8","France",2022.8,"Europe","Europe","PQ612532_Europe_B/C_France_2022.8"
"4677","OQ127108","B/C","B","2022.044","United Kingdom",2022.044,"Europe","Europe","OQ127108_Europe_B/C_United-Kingdom_2022.044"
"4678","OQ127071","B/C","B","2021.896","United Kingdom",2021.896,"Europe","Europe","OQ127071_Europe_B/C_United-Kingdom_2021.896"
"4679","OQ127152","B/C","B","2021.841","United Kingdom",2021.841,"Europe","Europe","OQ127152_Europe_B/C_United-Kingdom_2021.841"
"4680","OQ127077","B/C","B","2021.91","United Kingdom",2021.91,"Europe","Europe","OQ127077_Europe_B/C_United-Kingdom_2021.91"
"4681","OQ586799","B/C","B","2021.882","United Kingdom",2021.882,"Europe","Europe","OQ586799_Europe_B/C_United-Kingdom_2021.882"
"4682","OQ127188","B/C","B","2021.822","United Kingdom",2021.822,"Europe","Europe","OQ127188_Europe_B/C_United-Kingdom_2021.822"
"4683","OQ127207","B/C","B","2021.858","United Kingdom",2021.858,"Europe","Europe","OQ127207_Europe_B/C_United-Kingdom_2021.858"
"4684","OQ127180","B/C","B","2021.825","United Kingdom",2021.825,"Europe","Europe","OQ127180_Europe_B/C_United-Kingdom_2021.825"
"4685","OQ127087","B/C","B","2021.888","United Kingdom",2021.888,"Europe","Europe","OQ127087_Europe_B/C_United-Kingdom_2021.888"
"4686","OQ127193","B/C","B","2021.833","United Kingdom",2021.833,"Europe","Europe","OQ127193_Europe_B/C_United-Kingdom_2021.833"
"4687","OQ127165","B/C","B","2021.808","United Kingdom",2021.808,"Europe","Europe","OQ127165_Europe_B/C_United-Kingdom_2021.808"
"4688","OQ127211","B/C","B","2021.86","United Kingdom",2021.86,"Europe","Europe","OQ127211_Europe_B/C_United-Kingdom_2021.86"
"4689","OQ127174","B/C","B","2021.805","United Kingdom",2021.805,"Europe","Europe","OQ127174_Europe_B/C_United-Kingdom_2021.805"
"4690","OQ127162","B/C","B","2021.8","United Kingdom",2021.8,"Europe","Europe","OQ127162_Europe_B/C_United-Kingdom_2021.8"
"4691","OQ586803","B/C","B","2021.915","United Kingdom",2021.915,"Europe","Europe","OQ586803_Europe_B/C_United-Kingdom_2021.915"
"4692","OQ127085","B/C","B","2021.915","United Kingdom",2021.915,"Europe","Europe","OQ127085_Europe_B/C_United-Kingdom_2021.915"
"4693","OQ127086","B/C","B","2021.91","United Kingdom",2021.91,"Europe","Europe","OQ127086_Europe_B/C_United-Kingdom_2021.91"
"4694","OQ127215","B/C","B","2021.863","United Kingdom",2021.863,"Europe","Europe","OQ127215_Europe_B/C_United-Kingdom_2021.863"
"4695","OQ127166","B/C","B","2021.805","United Kingdom",2021.805,"Europe","Europe","OQ127166_Europe_B/C_United-Kingdom_2021.805"
"4696","OQ127226","B/C","B","2021.874","United Kingdom",2021.874,"Europe","Europe","OQ127226_Europe_B/C_United-Kingdom_2021.874"
"4697","OQ127224","B/C","B","2021.86","United Kingdom",2021.86,"Europe","Europe","OQ127224_Europe_B/C_United-Kingdom_2021.86"
"4698","OQ127202","B/C","B","2021.852","United Kingdom",2021.852,"Europe","Europe","OQ127202_Europe_B/C_United-Kingdom_2021.852"
"4699","OQ586797","B/C","B","2021.836","United Kingdom",2021.836,"Europe","Europe","OQ586797_Europe_B/C_United-Kingdom_2021.836"
"4700","OQ127225","B/C","B","2021.871","United Kingdom",2021.871,"Europe","Europe","OQ127225_Europe_B/C_United-Kingdom_2021.871"
"4701","OQ139567","B/C","B","2021.786","Netherlands",2021.786,"Europe","Europe","OQ139567_Europe_B/C_Netherlands_2021.786"
"4702","OQ127101","B/C","B","2021.836","United Kingdom",2021.836,"Europe","Europe","OQ127101_Europe_B/C_United-Kingdom_2021.836"
"4703","OP267524","B/C","B","[2021.666:2021.745]","France",2021.666,"Europe","Europe","OP267524_Europe_B/C_France_2021.666"
"4704","OR179083","B/C","B","2021.734","Netherlands",2021.734,"Europe","Europe","OR179083_Europe_B/C_Netherlands_2021.734"
"4705","OQ148311","B/C","B","2021.797","Spain",2021.797,"Europe","Europe","OQ148311_Europe_B/C_Spain_2021.797"
"4706","OQ139624","B/C","B","2021.748","Denmark",2021.748,"Europe","Europe","OQ139624_Europe_B/C_Denmark_2021.748"
"4707","OQ127051","B/C","B","2021.71","United Kingdom",2021.71,"Europe","Europe","OQ127051_Europe_B/C_United-Kingdom_2021.71"
"4708","OQ127129","B/C","B","2021.748","United Kingdom",2021.748,"Europe","Europe","OQ127129_Europe_B/C_United-Kingdom_2021.748"
"4709","OQ126992","B/C","B","2021.836","Netherlands",2021.836,"Europe","Europe","OQ126992_Europe_B/C_Netherlands_2021.836"
"4710","OQ126991","B/C","B","2021.822","Netherlands",2021.822,"Europe","Europe","OQ126991_Europe_B/C_Netherlands_2021.822"
"4711","OR179092","B/C","B","2021.753","Netherlands",2021.753,"Europe","Europe","OR179092_Europe_B/C_Netherlands_2021.753"
"4712","OP267531","B/C","B","[2021.748:2021.83]","France",2021.748,"Europe","Europe","OP267531_Europe_B/C_France_2021.748"
"4713","OQ127125","B/C","B","2021.762","United Kingdom",2021.762,"Europe","Europe","OQ127125_Europe_B/C_United-Kingdom_2021.762"
"4714","OQ126937","B/C","B","2021.827","Netherlands",2021.827,"Europe","Europe","OQ126937_Europe_B/C_Netherlands_2021.827"
"4715","OR179114","B/C","B","2021.836","Netherlands",2021.836,"Europe","Europe","OR179114_Europe_B/C_Netherlands_2021.836"
"4716","OQ127073","B/C","B","2021.91","United Kingdom",2021.91,"Europe","Europe","OQ127073_Europe_B/C_United-Kingdom_2021.91"
"4717","OQ127048","B/C","B","2022.066","Spain",2022.066,"Europe","Europe","OQ127048_Europe_B/C_Spain_2022.066"
"4718","OQ148235","B/C","B","2021.904","Spain",2021.904,"Europe","Europe","OQ148235_Europe_B/C_Spain_2021.904"
"4719","OR179103","B/C","B","2021.814","Netherlands",2021.814,"Europe","Europe","OR179103_Europe_B/C_Netherlands_2021.814"
"4720","OQ139553","B/C","B","2021.819","Netherlands",2021.819,"Europe","Europe","OQ139553_Europe_B/C_Netherlands_2021.819"
"4721","OQ126986","B/C","B","2021.797","Netherlands",2021.797,"Europe","Europe","OQ126986_Europe_B/C_Netherlands_2021.797"
"4722","OQ127143","B/C","B","2021.805","United Kingdom",2021.805,"Europe","Europe","OQ127143_Europe_B/C_United-Kingdom_2021.805"
"4723","OR179135","B/C","B","2021.811","Netherlands",2021.811,"Europe","Europe","OR179135_Europe_B/C_Netherlands_2021.811"
"4724","OQ126946","B/C","B","2021.888","Netherlands",2021.888,"Europe","Europe","OQ126946_Europe_B/C_Netherlands_2021.888"
"4725","OQ139551","B/C","B","2021.803","Netherlands",2021.803,"Europe","Europe","OQ139551_Europe_B/C_Netherlands_2021.803"
"4726","OQ127118","B/C","B","2021.819","United Kingdom",2021.819,"Europe","Europe","OQ127118_Europe_B/C_United-Kingdom_2021.819"
"4727","OQ126931","B/C","B","2021.808","Netherlands",2021.808,"Europe","Europe","OQ126931_Europe_B/C_Netherlands_2021.808"
"4728","OQ127068","B/C","B","2021.899","United Kingdom",2021.899,"Europe","Europe","OQ127068_Europe_B/C_United-Kingdom_2021.899"
"4729","OQ127208","B/C","B","2021.847","United Kingdom",2021.847,"Europe","Europe","OQ127208_Europe_B/C_United-Kingdom_2021.847"
"4730","OQ127200","B/C","B","2021.836","United Kingdom",2021.836,"Europe","Europe","OQ127200_Europe_B/C_United-Kingdom_2021.836"
"4731","OQ127036","B/C","B","2021.964","Spain",2021.964,"Europe","Europe","OQ127036_Europe_B/C_Spain_2021.964"
"4732","OQ586789","B/C","B","2021.915","Ireland",2021.915,"Europe","Europe","OQ586789_Europe_B/C_Ireland_2021.915"
"4733","OQ127000","B/C","B","2021.844","Netherlands",2021.844,"Europe","Europe","OQ127000_Europe_B/C_Netherlands_2021.844"
"4734","OQ126942","B/C","B","2021.868","Netherlands",2021.868,"Europe","Europe","OQ126942_Europe_B/C_Netherlands_2021.868"
"4735","OQ127216","B/C","B","2021.871","United Kingdom",2021.871,"Europe","Europe","OQ127216_Europe_B/C_United-Kingdom_2021.871"
"4736","OQ127047","B/C","B","2022.058","Spain",2022.058,"Europe","Europe","OQ127047_Europe_B/C_Spain_2022.058"
"4737","OQ148347","B/C","B","2021.879","Belgium",2021.879,"Europe","Europe","OQ148347_Europe_B/C_Belgium_2021.879"
"4738","OQ139595","B/C","B","2021.879","France",2021.879,"Europe","Europe","OQ139595_Europe_B/C_France_2021.879"
"4739","OQ139628","B/C","B","2021.792","Germany",2021.792,"Europe","Europe","OQ139628_Europe_B/C_Germany_2021.792"
"4740","OP267512","B/C","B","[2021.666:2021.745]","France",2021.733938,"Europe","Europe","OP267512_Europe_B/C_France_2021.734"
"4741","OM831189","B/C","B","2021.819","France",2021.819,"Europe","Europe","OM831189_Europe_B/C_France_2021.819"
"4742","PQ612547","B/C","B","2021.819","France",2021.819,"Europe","Europe","PQ612547_Europe_B/C_France_2021.819"
"4743","OQ139571","B/C","B","2021.805","Netherlands",2021.805,"Europe","Europe","OQ139571_Europe_B/C_Netherlands_2021.805"
"4744","OQ139570","B/C","B","2021.786","Netherlands",2021.786,"Europe","Europe","OQ139570_Europe_B/C_Netherlands_2021.786"
"4745","OQ127042","B/C","B","2021.926","Spain",2021.926,"Europe","Europe","OQ127042_Europe_B/C_Spain_2021.926"
"4746","OQ126987","B/C","B","2021.8","Netherlands",2021.8,"Europe","Europe","OQ126987_Europe_B/C_Netherlands_2021.8"
"4747","OQ126967","B/C","B","2021.825","Netherlands",2021.825,"Europe","Europe","OQ126967_Europe_B/C_Netherlands_2021.825"
"4748","OQ126964","B/C","B","2021.803","Netherlands",2021.803,"Europe","Europe","OQ126964_Europe_B/C_Netherlands_2021.803"
"4749","OQ126998","B/C","B","2021.764","Netherlands",2021.764,"Europe","Europe","OQ126998_Europe_B/C_Netherlands_2021.764"
"4750","OQ586766","B/C","B","2021.759","France",2021.759,"Europe","Europe","OQ586766_Europe_B/C_France_2021.759"
"4751","OQ148359","B/C","B","2021.778","Belgium",2021.778,"Europe","Europe","OQ148359_Europe_B/C_Belgium_2021.778"
"4752","OM831188","B/C","B","2021.816","France",2021.816,"Europe","Europe","OM831188_Europe_B/C_France_2021.816"
"4753","OQ126981","B/C","B","2021.773","Netherlands",2021.773,"Europe","Europe","OQ126981_Europe_B/C_Netherlands_2021.773"
"4754","OQ126978","B/C","B","2021.745","Netherlands",2021.745,"Europe","Europe","OQ126978_Europe_B/C_Netherlands_2021.745"
"4755","OQ126977","B/C","B","2021.745","Netherlands",2021.745,"Europe","Europe","OQ126977_Europe_B/C_Netherlands_2021.745"
"4756","OQ126950","B/C","B","2021.778","Netherlands",2021.778,"Europe","Europe","OQ126950_Europe_B/C_Netherlands_2021.778"
"4757","OQ126976","B/C","B","2021.737","Netherlands",2021.737,"Europe","Europe","OQ126976_Europe_B/C_Netherlands_2021.737"
"4758","OQ126980","B/C","B","2021.753","Netherlands",2021.753,"Europe","Europe","OQ126980_Europe_B/C_Netherlands_2021.753"
"4759","OQ126971","B/C","B","2021.863","Netherlands",2021.863,"Europe","Europe","OQ126971_Europe_B/C_Netherlands_2021.863"
"4760","OQ126969","B/C","B","2021.819","Netherlands",2021.819,"Europe","Europe","OQ126969_Europe_B/C_Netherlands_2021.819"
"4761","OQ126988","B/C","B","2021.805","Netherlands",2021.805,"Europe","Europe","OQ126988_Europe_B/C_Netherlands_2021.805"
"4762","OQ139630","B/C","B","2021.899","Germany",2021.899,"Europe","Europe","OQ139630_Europe_B/C_Germany_2021.899"
"4763","OQ139625","B/C","B","2021.833","Denmark",2021.833,"Europe","Europe","OQ139625_Europe_B/C_Denmark_2021.833"
"4764","OQ126994","B/C","B","2021.885","Netherlands",2021.885,"Europe","Europe","OQ126994_Europe_B/C_Netherlands_2021.885"
"4765","OQ126993","B/C","B","2021.833","Netherlands",2021.833,"Europe","Europe","OQ126993_Europe_B/C_Netherlands_2021.833"
"4766","OQ126983","B/C","B","2021.786","Netherlands",2021.786,"Europe","Europe","OQ126983_Europe_B/C_Netherlands_2021.786"
"4767","OQ127092","B/C","B","2021.929","United Kingdom",2021.929,"Europe","Europe","OQ127092_Europe_B/C_United-Kingdom_2021.929"
"4768","OQ127148","B/C","B","2021.819","United Kingdom",2021.819,"Europe","Europe","OQ127148_Europe_B/C_United-Kingdom_2021.819"
"4769","OQ148213","B/C","B","2021.882","Spain",2021.882,"Europe","Europe","OQ148213_Europe_B/C_Spain_2021.882"
"4770","OQ139600","B/C","B","2021.97","France",2021.97,"Europe","Europe","OQ139600_Europe_B/C_France_2021.97"
"4771","OQ139552","B/C","B","2021.808","Netherlands",2021.808,"Europe","Europe","OQ139552_Europe_B/C_Netherlands_2021.808"
"4772","OQ139581","B/C","B","2021.986","Italy",2021.986,"Europe","Europe","OQ139581_Europe_B/C_Italy_2021.986"
"4773","OQ586781","B/C","B","2021.915","Ireland",2021.915,"Europe","Europe","OQ586781_Europe_B/C_Ireland_2021.915"
"4774","OQ127057","B/C","B","2021.704","United Kingdom",2021.704,"Europe","Europe","OQ127057_Europe_B/C_United-Kingdom_2021.704"
"4775","OR179081","B/C","B","2021.712","Netherlands",2021.712,"Europe","Europe","OR179081_Europe_B/C_Netherlands_2021.712"
"4776","OR179085","B/C","B","2021.737","Netherlands",2021.737,"Europe","Europe","OR179085_Europe_B/C_Netherlands_2021.737"
"4777","OQ126935","B/C","B","2021.792","Netherlands",2021.792,"Europe","Europe","OQ126935_Europe_B/C_Netherlands_2021.792"
"4778","OQ127099","B/C","B","2021.822","United Kingdom",2021.822,"Europe","Europe","OQ127099_Europe_B/C_United-Kingdom_2021.822"
"4779","OQ127147","B/C","B","2021.8","United Kingdom",2021.8,"Europe","Europe","OQ127147_Europe_B/C_United-Kingdom_2021.8"
"4780","OQ126947","B/C","B","2021.89","Netherlands",2021.89,"Europe","Europe","OQ126947_Europe_B/C_Netherlands_2021.89"
"4781","OQ127109","B/C","B","2021.808","United Kingdom",2021.808,"Europe","Europe","OQ127109_Europe_B/C_United-Kingdom_2021.808"
"4782","OQ126952","B/C","B","2021.792","Netherlands",2021.792,"Europe","Europe","OQ126952_Europe_B/C_Netherlands_2021.792"
"4783","OQ127124","B/C","B","2021.797","United Kingdom",2021.797,"Europe","Europe","OQ127124_Europe_B/C_United-Kingdom_2021.797"
"4784","OQ127221","B/C","B","2021.86","United Kingdom",2021.86,"Europe","Europe","OQ127221_Europe_B/C_United-Kingdom_2021.86"
"4785","OQ127212","B/C","B","2021.863","United Kingdom",2021.863,"Europe","Europe","OQ127212_Europe_B/C_United-Kingdom_2021.863"
"4786","OQ127066","B/C","B","2021.899","United Kingdom",2021.899,"Europe","Europe","OQ127066_Europe_B/C_United-Kingdom_2021.899"
"4787","OQ127050","B/C","B","2021.704","United Kingdom",2021.704,"Europe","Europe","OQ127050_Europe_B/C_United-Kingdom_2021.704"
"4788","OQ127183","B/C","B","2021.836","United Kingdom",2021.836,"Europe","Europe","OQ127183_Europe_B/C_United-Kingdom_2021.836"
"4789","OQ126955","B/C","B","2021.86","Netherlands",2021.86,"Europe","Europe","OQ126955_Europe_B/C_Netherlands_2021.86"
"4790","OR179082","B/C","B","2021.721","Netherlands",2021.721,"Europe","Europe","OR179082_Europe_B/C_Netherlands_2021.721"
"4791","OQ148352","B/C","B","2021.833","Belgium",2021.833,"Europe","Europe","OQ148352_Europe_B/C_Belgium_2021.833"
"4792","OQ127007","B/C","B","2021.858","Spain",2021.858,"Europe","Europe","OQ127007_Europe_B/C_Spain_2021.858"
"4793","OR179101","B/C","B","2021.764","Netherlands",2021.764,"Europe","Europe","OR179101_Europe_B/C_Netherlands_2021.764"
"4794","OQ126951","B/C","B","2021.786","Netherlands",2021.786,"Europe","Europe","OQ126951_Europe_B/C_Netherlands_2021.786"
"4795","OR179131","B/C","B","2021.792","Netherlands",2021.792,"Europe","Europe","OR179131_Europe_B/C_Netherlands_2021.792"
"4796","OP267533","B/C","B","[2021.666:2021.745]","France",2021.745,"Europe","Europe","OP267533_Europe_B/C_France_2021.745"
"4797","OQ127206","B/C","B","2021.858","United Kingdom",2021.858,"Europe","Europe","OQ127206_Europe_B/C_United-Kingdom_2021.858"
"4798","OQ127133","B/C","B","2022.019","United Kingdom",2022.019,"Europe","Europe","OQ127133_Europe_B/C_United-Kingdom_2022.019"
"4799","OQ127179","B/C","B","2021.833","United Kingdom",2021.833,"Europe","Europe","OQ127179_Europe_B/C_United-Kingdom_2021.833"
"4800","OR179089","B/C","B","2021.742","Netherlands",2021.742,"Europe","Europe","OR179089_Europe_B/C_Netherlands_2021.742"
"4801","OR179106","B/C","B","2021.751","Netherlands",2021.751,"Europe","Europe","OR179106_Europe_B/C_Netherlands_2021.751"
"4802","OQ127119","B/C","B","2021.795","United Kingdom",2021.795,"Europe","Europe","OQ127119_Europe_B/C_United-Kingdom_2021.795"
"4803","OR179137","B/C","B","2021.836","Netherlands",2021.836,"Europe","Europe","OR179137_Europe_B/C_Netherlands_2021.836"
"4804","OQ127075","B/C","B","2021.904","United Kingdom",2021.904,"Europe","Europe","OQ127075_Europe_B/C_United-Kingdom_2021.904"
"4805","OQ127029","B/C","B","2021.956","Spain",2021.956,"Europe","Europe","OQ127029_Europe_B/C_Spain_2021.956"
"4806","OQ127083","B/C","B","2021.918","United Kingdom",2021.918,"Europe","Europe","OQ127083_Europe_B/C_United-Kingdom_2021.918"
"4807","OQ586777","B/C","B","2021.915","Ireland",2021.915,"Europe","Europe","OQ586777_Europe_B/C_Ireland_2021.915"
